subject,category,question,label
chemistry,on-topic,What is the process of electrolysis and its applications?,on-topic
chemistry,on-topic,How do you balance a chemical equation and why is it important?,on-topic
chemistry,on-topic,How does the lattice energy relate to the stability of ionic compounds?,on-topic
chemistry,on-topic,How do endothermic and exothermic reactions differ?,on-topic
chemistry,on-topic,How can you use the periodic table to predict reactivity trends in elements?,on-topic
chemistry,on-topic,What are transition metals and what are their key characteristics?,on-topic
chemistry,on-topic,What are the differences between organic and inorganic compounds?,on-topic
chemistry,on-topic,What is the purpose of titration in chemistry?,on-topic
chemistry,on-topic,How do you calculate the empirical formula from experimental data?,on-topic
chemistry,on-topic,"What are isotopes, and how do they differ?",on-topic
chemistry,on-topic,What are the products of a neutralization reaction?,on-topic
chemistry,on-topic,How do chemists use titrations to determine concentration?,on-topic
chemistry,on-topic,How does Raoult's Law apply to solutions?,on-topic
chemistry,on-topic,How do colligative properties depend on the number of solute particles?,on-topic
chemistry,on-topic,What is the difference between fermentation and respiration?,on-topic
chemistry,on-topic,How does the presence of lone pairs affect molecular geometry?,on-topic
chemistry,on-topic,How do hydrogen bonds affect the properties of water?,on-topic
chemistry,on-topic,What distinguishes a mineral acid from an organic acid?,on-topic
chemistry,on-topic,How are ions formed?,on-topic
chemistry,on-topic,How does a spectrophotometer work in chemical analysis?,on-topic
chemistry,on-topic,What are the differences between a physical change and a chemical change?,on-topic
chemistry,on-topic,What is a coordination compound in chemistry?,on-topic
chemistry,on-topic,What is the principle behind chromatography?,on-topic
chemistry,on-topic,What are the main types of chemical bonds?,on-topic
chemistry,on-topic,How does the principle of VSEPR theory help in predicting molecular shapes?,on-topic
chemistry,on-topic,What is the role of valence electrons in bonding?,on-topic
chemistry,on-topic,How does temperature affect reaction rate according to the collision theory?,on-topic
chemistry,on-topic,How do buffers resist changes in pH?,on-topic
chemistry,on-topic,How do you classify hydrocarbons based on their structures?,on-topic
chemistry,on-topic,What is the role of electron configuration in chemical bonding?,on-topic
chemistry,on-topic,What is the difference between an ionic and covalent bond?,on-topic
chemistry,on-topic,"What is the pH scale, and how does it work?",on-topic
chemistry,on-topic,What are isomers and why are they important in organic chemistry?,on-topic
chemistry,on-topic,What is the purpose of using a control in a chemical experiment?,on-topic
chemistry,on-topic,"What are allotropes, and how do they differ chemically?",on-topic
chemistry,on-topic,What type of reaction involves electron transfer between substances?,on-topic
chemistry,on-topic,What are the products of the electrolysis of water?,on-topic
chemistry,on-topic,What is the difference between an isotopic symbol and a chemical symbol?,on-topic
chemistry,on-topic,What is the concept of electronegativity and how does it affect bonding?,on-topic
chemistry,on-topic,How does hybridization affect the geometry of a molecule?,on-topic
chemistry,on-topic,How do enzymes act as biological catalysts in chemical reactions?,on-topic
chemistry,on-topic,How do you calculate the pH of a solution?,on-topic
chemistry,on-topic,What are the different types of chromatography used in chemistry?,on-topic
chemistry,on-topic,What is the purpose of a flame test in identifying metal ions?,on-topic
chemistry,on-topic,What are the properties and uses of noble gases?,on-topic
chemistry,on-topic,How does the Bohr model explain atomic structure?,on-topic
chemistry,on-topic,How does the octet rule guide the formation of chemical bonds?,on-topic
chemistry,on-topic,What is the function of an indicator in a chemical reaction?,on-topic
chemistry,on-topic,How do polar and nonpolar molecules differ?,on-topic
chemistry,on-topic,What is the common ion effect in a chemical solution?,on-topic
chemistry,on-topic,How do surfactants work to stabilize emulsions?,on-topic
chemistry,on-topic,What is the significance of the Heisenberg uncertainty principle in quantum chemistry?,on-topic
chemistry,on-topic,How do you calculate the percent yield of a chemical reaction?,on-topic
chemistry,on-topic,What is the ideal gas law formula?,on-topic
chemistry,on-topic,How do acids and bases neutralize each other?,on-topic
chemistry,on-topic,How do you perform a titration to determine concentration?,on-topic
chemistry,on-topic,What is the main concept of Le Chatelier's Principle?,on-topic
chemistry,on-topic,How do you distinguish between endothermic and exothermic reactions?,on-topic
chemistry,on-topic,What is a functional group in organic chemistry?,on-topic
chemistry,on-topic,What is a redox reaction and can you provide an example?,on-topic
chemistry,on-topic,What are electrophiles and nucleophiles in organic chemistry?,on-topic
chemistry,on-topic,How does Le Chatelier’s principle predict the shift in equilibrium?,on-topic
chemistry,on-topic,What is the difference between an acid and a base according to the Bronsted-Lowry theory?,on-topic
chemistry,on-topic,"What are transition metals, and why are they unique?",on-topic
chemistry,on-topic,"What is a zwitterion, and where is it commonly found?",on-topic
chemistry,on-topic,What is an allotrope and can you provide an example?,on-topic
chemistry,on-topic,What is Le Chatelier's Principle and how does it apply to equilibrium?,on-topic
chemistry,on-topic,What is the Beer-Lambert law and how is it applied in spectroscopy?,on-topic
chemistry,on-topic,How are elements heavier than iron formed in stars?,on-topic
chemistry,on-topic,What happens at the molecular level during a phase change from liquid to gas?,on-topic
chemistry,on-topic,What is the importance of the octet rule in chemical bonding?,on-topic
chemistry,on-topic,What is the difference between a homogeneous and heterogeneous catalyst?,on-topic
chemistry,on-topic,What is the role of the solvent in a solution?,on-topic
chemistry,on-topic,What distinguishes polar from non-polar molecules?,on-topic
chemistry,on-topic,How is a buffer solution prepared?,on-topic
chemistry,on-topic,How does the kinetic molecular theory explain gas behavior?,on-topic
chemistry,on-topic,How do you determine the pH of a solution?,on-topic
chemistry,on-topic,What is an electrolyte and how does it conduct electricity?,on-topic
chemistry,on-topic,How does the electron sea model explain metallic bonding?,on-topic
chemistry,on-topic,What role does a catalyst play in a chemical reaction?,on-topic
chemistry,on-topic,How do chemical kinetics explain reaction rates?,on-topic
chemistry,on-topic,How do you calculate the pH of a strong acid solution?,on-topic
chemistry,on-topic,What is the difference between exothermic and endothermic reactions?,on-topic
chemistry,on-topic,What are the various types of radioactive decay?,on-topic
chemistry,on-topic,What are the principles of green chemistry?,on-topic
chemistry,on-topic,What is the role of a buffer solution in chemistry?,on-topic
chemistry,on-topic,What are the main factors affecting reaction rates in chemical kinetics?,on-topic
chemistry,on-topic,What is a zwitterion and when do they commonly occur?,on-topic
chemistry,on-topic,How do chemical kinetics and thermodynamics differ in chemistry?,on-topic
chemistry,on-topic,"What are allotropes, and how do they demonstrate different properties?",on-topic
chemistry,on-topic,"How are coal, oil, and natural gas formed?",on-topic
chemistry,on-topic,How do gases behave according to the ideal gas law?,on-topic
chemistry,on-topic,How do you determine the empirical formula from a compound’s percent composition?,on-topic
chemistry,on-topic,What defines a saturated solution in chemistry?,on-topic
chemistry,on-topic,What is a Lewis structure?,on-topic
chemistry,on-topic,How do antioxidants function in chemical reactions?,on-topic
chemistry,on-topic,What is the pH scale?,on-topic
chemistry,on-topic,What is a zwitterion and where is it commonly found?,on-topic
chemistry,on-topic,What is the difference between polar and non-polar molecules?,on-topic
chemistry,on-topic,What safety precautions are necessary in a chemistry lab?,on-topic
chemistry,on-topic,What is the distinction between ionic and covalent bonds in chemical compounds?,on-topic
chemistry,on-topic,How does the first law of thermodynamics apply to chemical reactions?,on-topic
chemistry,on-topic,What is the central role of carbon in organic chemistry?,on-topic
chemistry,on-topic,How do transition metals differ from main group elements?,on-topic
chemistry,on-topic,What are the main types of intermolecular forces?,on-topic
chemistry,on-topic,What is a polymer and what are its applications in everyday life?,on-topic
chemistry,on-topic,"What is the photoelectric effect, and who explained it?",on-topic
chemistry,on-topic,"What is the octet rule, and what are its exceptions?",on-topic
chemistry,on-topic,How do catalysts speed up chemical reactions?,on-topic
chemistry,on-topic,How does atomic size change across a period in the periodic table?,on-topic
chemistry,on-topic,How is Gibbs free energy used to predict the spontaneity of a reaction?,on-topic
chemistry,on-topic,What is the function of enzymes in biochemical reactions?,on-topic
chemistry,on-topic,What differentiates an exothermic reaction from an endothermic reaction?,on-topic
chemistry,on-topic,Why is carbon dioxide considered a greenhouse gas?,on-topic
chemistry,on-topic,How does infrared spectroscopy identify functional groups in molecules?,on-topic
chemistry,on-topic,How are hydrocarbons classified?,on-topic
chemistry,on-topic,How do you determine the molar mass of a compound?,on-topic
chemistry,on-topic,What causes the colors in a flame test?,on-topic
chemistry,on-topic,What are the differences between crystalline and amorphous solids?,on-topic
chemistry,on-topic,What is the significance of the Heisenberg uncertainty principle?,on-topic
chemistry,on-topic,How can infrared spectroscopy be used to analyze chemical compounds?,on-topic
chemistry,on-topic,What factors influence the rate of a chemical reaction?,on-topic
chemistry,on-topic,How does Beer's Law relate absorbance to concentration?,on-topic
chemistry,on-topic,What are the key differences between thermoplastics and thermosetting plastics?,on-topic
chemistry,on-topic,What is the importance of the mole concept in chemistry?,on-topic
chemistry,on-topic,"What is a chiral molecule, and why is chirality important in chemistry?",on-topic
chemistry,on-topic,What is the Aufbau principle in electron configuration?,on-topic
chemistry,on-topic,What is nuclear chemistry and what are its applications?,on-topic
chemistry,on-topic,What is a nucleophile and how does it participate in a reaction?,on-topic
chemistry,on-topic,How do you calculate the concentration of a solution in molarity?,on-topic
chemistry,on-topic,What determines the rate of evaporation of a liquid?,on-topic
chemistry,on-topic,Can you explain the basic principles of chromatography?,on-topic
chemistry,on-topic,What is the periodic law and who first formulated it?,on-topic
chemistry,on-topic,How does the principle of Le Chatelier's apply to chemical equilibrium when temperature changes occur?,on-topic
chemistry,on-topic,What is the significance of hydration energy in ionic compounds?,on-topic
chemistry,on-topic,What are the differences between endothermic and exothermic reactions?,on-topic
chemistry,on-topic,What is the Lewis structure and why is it useful in chemistry?,on-topic
chemistry,on-topic,What are resonance structures in chemistry?,on-topic
chemistry,on-topic,How does the kinetic molecular theory describe gases?,on-topic
chemistry,on-topic,What is the principle of chromatography and its applications?,on-topic
chemistry,on-topic,"How do radioisotopes decay, and what is their half-life?",on-topic
chemistry,on-topic,What is the role of a buffer in a chemical solution?,on-topic
chemistry,on-topic,How does the periodic table arrange elements and based on what properties?,on-topic
chemistry,on-topic,"What is the difference between a saturated, unsaturated, and supersaturated solution?",on-topic
chemistry,on-topic,What is the difference between structural isomers and stereoisomers?,on-topic
chemistry,on-topic,What are the typical products of a combustion reaction?,on-topic
chemistry,on-topic,What is a titration and how is it performed?,on-topic
chemistry,on-topic,What is the role of oxidation and reduction in redox reactions?,on-topic
chemistry,on-topic,What defines a chemical equilibrium?,on-topic
chemistry,on-topic,"What is the chemical structure of DNA, and why is it important?",on-topic
chemistry,on-topic,What is the difference between a transition metal and a post-transition metal?,on-topic
chemistry,on-topic,What is a limiting reactant in a chemical reaction?,on-topic
chemistry,on-topic,How can you determine the molar mass of an unknown compound?,on-topic
chemistry,on-topic,How do you determine the molecular weight of a compound?,on-topic
chemistry,on-topic,Explain the process of chemical titration.,on-topic
chemistry,on-topic,What are the differences between an element and a compound?,on-topic
chemistry,on-topic,"What is the process of titration, and why is it important in chemistry?",on-topic
chemistry,on-topic,What is a coordination complex in inorganic chemistry?,on-topic
chemistry,on-topic,What are valence electrons and why are they important in chemistry?,on-topic
chemistry,on-topic,How does the atomic radius change as you move across a period on the periodic table?,on-topic
chemistry,on-topic,What is the common ion effect?,on-topic
chemistry,on-topic,What is an endothermic reaction?,on-topic
chemistry,on-topic,Describe how a galvanic cell functions.,on-topic
chemistry,on-topic,What is the process of recrystallization in purification of compounds?,on-topic
chemistry,on-topic,How does resonance contribute to the stability of molecules?,on-topic
chemistry,on-topic,What are hybrid orbitals and how do they form?,on-topic
chemistry,on-topic,How do you identify limiting reactants in a chemical reaction?,on-topic
chemistry,on-topic,What is Avogadro's number and why is it important in chemistry?,on-topic
chemistry,on-topic,What is meant by the term “organic chemistry”?,on-topic
chemistry,on-topic,"What are isotopes, and how are they relevant to chemistry?",on-topic
chemistry,on-topic,How does a hydrogen bond differ from a covalent bond?,on-topic
chemistry,on-topic,What is the difference between real gases and ideal gases?,on-topic
chemistry,on-topic,What is the difference between a cation and an anion?,on-topic
chemistry,on-topic,What causes the phenomenon of resonance in chemistry?,on-topic
chemistry,on-topic,"What is a zwitterion, and how does it relate to amino acids?",on-topic
chemistry,on-topic,What is the function of a burette in a chemistry lab?,on-topic
chemistry,on-topic,How does a spectrophotometer measure the concentration of a solution?,on-topic
chemistry,on-topic,Why is water considered a universal solvent?,on-topic
chemistry,on-topic,What is the principle of chromatography?,on-topic
chemistry,on-topic,What is the role of electrons in oxidation-reduction reactions?,on-topic
chemistry,on-topic,How does the concept of half-life apply to radioactive decay?,on-topic
chemistry,on-topic,"What does the term ""quantum chemistry"" refer to?",on-topic
chemistry,on-topic,What is the importance of the Haber process in industry?,on-topic
chemistry,on-topic,How does resonance affect the stability of molecules?,on-topic
chemistry,on-topic,How does electronegativity affect bond polarity?,on-topic
chemistry,on-topic,What is the difference between an ionic and a covalent bond?,on-topic
chemistry,on-topic,What is the role of a buffer solution in maintaining pH?,on-topic
chemistry,on-topic,"How does a redox reaction occur, and what are its components?",on-topic
chemistry,on-topic,What is the principle of chromatography used for in chemistry?,on-topic
chemistry,on-topic,How does a galvanic cell convert chemical energy into electrical energy?,on-topic
chemistry,on-topic,"How is the periodic table organized, and why?",on-topic
chemistry,on-topic,What is the definition of 'enthalpy' in thermodynamics?,on-topic
chemistry,on-topic,How is a buffer solution able to resist changes in pH?,on-topic
chemistry,on-topic,What is the difference between an endothermic and exothermic reaction?,on-topic
chemistry,on-topic,What is the periodic trend of atomic radius across a period?,on-topic
chemistry,on-topic,Explain the principle of chromatography and its applications.,on-topic
chemistry,on-topic,"What are coordination compounds, and what are their applications?",on-topic
chemistry,on-topic,How is an aqueous solution defined?,on-topic
chemistry,on-topic,What is the molecular geometry of water?,on-topic
chemistry,on-topic,How do you use VSEPR theory to predict molecular shapes?,on-topic
chemistry,on-topic,What is the difference between chemical and physical changes?,on-topic
chemistry,on-topic,What is the common ion effect and how does it influence solubility?,on-topic
chemistry,on-topic,How can you determine if a molecule is polar or nonpolar?,on-topic
chemistry,on-topic,How can you determine the molecular geometry of a molecule using VSEPR theory?,on-topic
chemistry,on-topic,Can you explain the concept of molarity in solution chemistry?,on-topic
chemistry,on-topic,How is a titration used to determine the concentration of a solution?,on-topic
chemistry,on-topic,"What is resonance in chemistry, and how does it occur?",on-topic
chemistry,on-topic,Explain how hydrogen bonds contribute to the properties of water.,on-topic
chemistry,on-topic,What is the role of enzymes in biochemical reactions?,on-topic
chemistry,on-topic,How does solubility change with temperature?,on-topic
chemistry,on-topic,"What is a redox reaction, and what are its components?",on-topic
chemistry,on-topic,How are chemical equations balanced?,on-topic
chemistry,on-topic,How do factors like temperature and concentration affect reaction rates?,on-topic
chemistry,on-topic,"What are the differences between alpha, beta, and gamma radiation?",on-topic
chemistry,on-topic,What is the ideal gas law and what does it describe?,on-topic
chemistry,on-topic,What is the principle of atomic absorption spectroscopy?,on-topic
chemistry,on-topic,How does nuclear chemistry differ from classical chemistry?,on-topic
chemistry,on-topic,"What are aromatic compounds, and why are they significant?",on-topic
chemistry,on-topic,Explain the concept of electronegativity in chemical bonding.,on-topic
chemistry,on-topic,What is the common ion effect in chemical equilibria?,on-topic
chemistry,on-topic,"What is a mole, and how is it used in chemical calculations?",on-topic
chemistry,on-topic,What distinguishes transition metals from other elements?,on-topic
chemistry,on-topic,How do you determine whether a molecule is chiral or achiral?,on-topic
chemistry,on-topic,What is the periodic table and how is it organized?,on-topic
chemistry,on-topic,How does dehydration synthesis differ from hydrolysis?,on-topic
chemistry,on-topic,What is the difference between a covalent and ionic bond?,on-topic
chemistry,on-topic,How do catalysts increase the rate of a chemical reaction?,on-topic
chemistry,on-topic,What is the electron configuration of chlorine?,on-topic
chemistry,on-topic,"What is the science behind phase transitions, such as melting and boiling?",on-topic
chemistry,on-topic,How do chelating agents work in complexometry?,on-topic
chemistry,on-topic,How does osmotic pressure relate to solutions in chemistry?,on-topic
chemistry,on-topic,"What are the differences between ionic and covalent bonds, and how do these differences affect the properties of substances?",on-topic
chemistry,on-topic,"What are isomers, and how do structural isomers differ from stereoisomers?",on-topic
chemistry,on-topic,What is a coordination compound?,on-topic
chemistry,on-topic,What is stereochemistry and why is it important in drug design?,on-topic
chemistry,on-topic,What is the role of valence electrons in chemical bonding?,on-topic
chemistry,on-topic,What is the role of enzymes in biological chemistry?,on-topic
chemistry,on-topic,How does the structure of a water molecule contribute to its unique properties?,on-topic
chemistry,on-topic,What is the purpose of a titration in analytical chemistry?,on-topic
chemistry,on-topic,How does temperature affect chemical reaction rates?,on-topic
chemistry,on-topic,How does temperature affect the rate of a chemical reaction?,on-topic
chemistry,on-topic,How do you calculate the theoretical yield of a chemical reaction?,on-topic
chemistry,on-topic,How does the structure of graphite differ from that of diamond?,on-topic
chemistry,on-topic,Why is pH an important property of a solution?,on-topic
chemistry,on-topic,What defines an acid according to the Bronsted-Lowry theory?,on-topic
chemistry,on-topic,What is a hydrated compound and how can you calculate its formula?,on-topic
chemistry,on-topic,How is pH related to acidity and alkalinity?,on-topic
chemistry,on-topic,What is the significance of quantum numbers in chemistry?,on-topic
chemistry,on-topic,How do you determine the oxidation state of an element in a compound?,on-topic
chemistry,on-topic,What are isomers and how do they differ from each other?,on-topic
chemistry,on-topic,How does gas chromatography separate different components?,on-topic
chemistry,on-topic,How do chemists use the periodic table to predict element properties?,on-topic
chemistry,on-topic,What are hydrocarbons?,on-topic
chemistry,on-topic,How does Henry's law describe the solubility of gases in liquids?,on-topic
chemistry,on-topic,Explain the Bohr model of the atom.,on-topic
chemistry,on-topic,What distinguishes a polymer from other chemical compounds?,on-topic
chemistry,on-topic,What is the Arrhenius equation and its significance in reaction rates?,on-topic
chemistry,on-topic,What is the principle behind chemical spectroscopy?,on-topic
chemistry,on-topic,How are chemical bonds involved in determining the shape of a molecule?,on-topic
chemistry,on-topic,How can you calculate the molar mass of a compound?,on-topic
chemistry,on-topic,What is the role of water in acid-base reactions known as hydrolysis?,on-topic
chemistry,on-topic,How do intermolecular forces affect boiling and melting points of substances?,on-topic
chemistry,on-topic,What are the common properties of noble gases?,on-topic
chemistry,on-topic,How do you determine the electron configuration of an element?,on-topic
chemistry,on-topic,"What defines an element as a metal, nonmetal, or metalloid?",on-topic
chemistry,on-topic,What are the differences between nuclear fission and fusion?,on-topic
chemistry,on-topic,How does the octet rule apply to covalent bonding?,on-topic
chemistry,on-topic,Why is carbon central to organic chemistry?,on-topic
chemistry,on-topic,How does the Kinetic Molecular Theory explain the behavior of gases?,on-topic
chemistry,on-topic,"What is a coordination compound, and what are its applications?",on-topic
chemistry,on-topic,What is the mechanism of acid-catalyzed esterification?,on-topic
chemistry,on-topic,What are the differences between physical and chemical changes?,on-topic
chemistry,on-topic,How are metallic bonds different from other types of chemical bonds?,on-topic
chemistry,on-topic,What is the Heisenberg uncertainty principle in quantum chemistry?,on-topic
chemistry,on-topic,What are zwitterions and where are they commonly found?,on-topic
chemistry,on-topic,What are isotopes and how do they differ from each other?,on-topic
chemistry,on-topic,What is the role of an electron in atomic structure?,on-topic
chemistry,on-topic,What distinguishes a real gas from an ideal gas?,on-topic
chemistry,on-topic,What role do enzymes play in biochemical reactions?,on-topic
chemistry,on-topic,What is the octet rule?,on-topic
chemistry,on-topic,What are the general trends of the periodic table?,on-topic
chemistry,on-topic,What is the molar mass of water (H2O)?,on-topic
chemistry,on-topic,What is the effect of temperature on reaction rates?,on-topic
chemistry,on-topic,"How do allotropes of carbon, such as graphite and diamond, differ?",on-topic
chemistry,on-topic,How does the collision theory explain the rates of reaction?,on-topic
chemistry,on-topic,How does Avogadro's number relate to the concept of a mole in chemistry?,on-topic
chemistry,on-topic,How do you calculate the empirical formula of a compound?,on-topic
chemistry,on-topic,What factors influence the solubility of a substance?,on-topic
chemistry,on-topic,What is the significance of the octet rule in chemistry?,on-topic
chemistry,on-topic,"What is the law of conservation of mass, and why is it important in chemical reactions?",on-topic
chemistry,on-topic,How do valence electrons influence the chemical properties of an element?,on-topic
chemistry,on-topic,What is the structure of a benzene ring?,on-topic
chemistry,on-topic,What is the principle behind the periodic table’s arrangement?,on-topic
chemistry,on-topic,"How does Le Chatelier’s principle explain the effects of changes in concentration, temperature, and pressure on a chemical equilibrium?",on-topic
chemistry,on-topic,How do you determine the molarity of a solution?,on-topic
chemistry,on-topic,What is the principle of solubility product constant (Ksp)?,on-topic
chemistry,on-topic,Describe the concept of hybridization in covalent bonding.,on-topic
chemistry,on-topic,What are the properties of acids and bases?,on-topic
chemistry,on-topic,How is pH measured and what does it signify?,on-topic
chemistry,on-topic,"What is an electrolyte, and what role does it play in solutions?",on-topic
chemistry,on-topic,What is Le Chatelier’s principle?,on-topic
chemistry,on-topic,What is an empirical formula and how is it determined?,on-topic
chemistry,on-topic,How does pressure affect the solubility of gases in liquids?,on-topic
chemistry,on-topic,"What is resonance, and how does it stabilize molecules?",on-topic
chemistry,on-topic,How does the electron configuration of an atom determine its chemical properties?,on-topic
chemistry,on-topic,"What is nuclear fission, and how is it different from nuclear fusion?",on-topic
chemistry,on-topic,What are the Van der Waals forces and their chemical significance?,on-topic
chemistry,on-topic,How does a galvanic cell generate electricity?,on-topic
chemistry,on-topic,"What is a polymer, and how are polymers synthesized?",on-topic
chemistry,on-topic,What is the role of moderators in nuclear reactors?,on-topic
chemistry,on-topic,"What is a stereoisomer, and how does it differ from a structural isomer?",on-topic
chemistry,on-topic,How do you determine the formal charge of an atom in a Lewis structure?,on-topic
chemistry,on-topic,What is the pH of a neutral solution at 25°C?,on-topic
chemistry,on-topic,What is the role of transition metals in catalysis?,on-topic
chemistry,on-topic,What are the differences between RNA and DNA at the molecular level?,on-topic
chemistry,on-topic,How do crystal lattices in solid compounds influence their properties?,on-topic
chemistry,on-topic,How do you distinguish between polar and nonpolar molecules?,on-topic
chemistry,on-topic,What is Le Chatelier's principle and its application in equilibrium?,on-topic
chemistry,on-topic,How is the concept of oxidation different from reduction in redox reactions?,on-topic
chemistry,on-topic,"What is a hydrocarbon, and what are its types?",on-topic
chemistry,on-topic,What is the function of a desiccator in a laboratory?,on-topic
chemistry,on-topic,"What are valence electrons, and why are they important in bonding?",on-topic
chemistry,on-topic,"What is the periodic table, and who created it?",on-topic
chemistry,on-topic,How do you determine the oxidation number of an element in a compound?,on-topic
chemistry,on-topic,What is a buffer solution?,on-topic
chemistry,on-topic,What is the significance of the pH scale?,on-topic
chemistry,on-topic,"What are electrolytes, and why are they important in biological systems?",on-topic
chemistry,on-topic,How does the kinetic molecular theory explain the behavior of gases?,on-topic
chemistry,on-topic,What are enantiomers and how are they related to chirality?,on-topic
chemistry,on-topic,How do you perform a qualitative analysis to identify cations in a solution?,on-topic
chemistry,on-topic,What is the definition of molarity and how is it calculated?,on-topic
chemistry,on-topic,"How is the ideal gas law derived, and what are its assumptions?",on-topic
chemistry,on-topic,What factors affect the rate of a chemical reaction?,on-topic
chemistry,on-topic,What are buffers and how do they maintain pH levels?,on-topic
chemistry,on-topic,What is the electron configuration of oxygen?,on-topic
chemistry,on-topic,"What is the structure of a benzene ring, and why is it significant?",on-topic
chemistry,on-topic,How do you describe resonance structures in chemistry?,on-topic
chemistry,on-topic,"What is Avogadro's law, and how does it relate to moles of gas?",on-topic
chemistry,on-topic,How does the pH scale measure acidity and alkalinity?,on-topic
chemistry,on-topic,"What is meant by the term ""periodicity"" in the periodic table?",on-topic
chemistry,on-topic,What factors influence the acidity of a solution?,on-topic
chemistry,on-topic,How do buffers work to maintain pH levels?,on-topic
chemistry,on-topic,What is the difference between a strong acid and a weak acid?,on-topic
chemistry,on-topic,What is the concept of hybridization in molecular geometry?,on-topic
chemistry,on-topic,What is Le Chatelier’s principle and how does it apply to chemical reactions?,on-topic
chemistry,on-topic,What is the chemical structure of benzene?,on-topic
chemistry,on-topic,What methods are used to separate mixtures into their components?,on-topic
chemistry,on-topic,What is the role of electrolytes in conduction of electricity in solutions?,on-topic
chemistry,on-topic,How do you calculate theoretical yield in a chemical reaction?,on-topic
chemistry,on-topic,How are chemical bonds represented in Lewis structures?,on-topic
chemistry,on-topic,What is the principle behind the periodic table's organization?,on-topic
chemistry,on-topic,What is Le Chatelier's principle?,on-topic
chemistry,on-topic,What determines the boiling point of a liquid?,on-topic
chemistry,on-topic,What role does Gibbs Free Energy play in chemical reactions?,on-topic
chemistry,on-topic,What are the main postulates of Dalton’s atomic theory?,on-topic
chemistry,on-topic,Why are transition metals often used as catalysts?,on-topic
chemistry,on-topic,How do colligative properties affect the boiling and freezing points of solutions?,on-topic
chemistry,on-topic,How does atomic radius change as you move across the periodic table?,on-topic
chemistry,on-topic,What is the significance of chirality in molecules?,on-topic
chemistry,on-topic,"What are Lewis structures, and how are they used?",on-topic
chemistry,on-topic,What distinguishes a primary alcohol from a secondary alcohol?,on-topic
chemistry,on-topic,How do you define the law of conservation of mass?,on-topic
chemistry,on-topic,How is the atomic number of an element determined?,on-topic
chemistry,on-topic,What is Hess's Law and how is it used to calculate enthalpy changes?,on-topic
chemistry,on-topic,What are the characteristics of a metalloid?,on-topic
chemistry,on-topic,"What are polymers, and how are they formed?",on-topic
chemistry,on-topic,What is oxidation?,on-topic
chemistry,on-topic,"What are allotropes, and can you give an example?",on-topic
chemistry,on-topic,How does the electronegativity trend change across the periodic table?,on-topic
chemistry,on-topic,What is the difference between alpha and beta decay in nuclear chemistry?,on-topic
chemistry,on-topic,What is a redox reaction?,on-topic
chemistry,on-topic,What is a Lewis acid and how does it differ from a Bronsted-Lowry acid?,on-topic
chemistry,on-topic,What are acids and bases in terms of chemistry?,on-topic
chemistry,on-topic,"What does VSEPR theory stand for, and why is it important?",on-topic
chemistry,on-topic,What are the products of a combustion reaction involving hydrocarbons?,on-topic
chemistry,on-topic,What is the principle of conservation of mass in chemical reactions?,on-topic
chemistry,on-topic,How do you perform a titration to determine the concentration of an unknown solution?,on-topic
chemistry,on-topic,How does the Bohr model explain atomic spectra?,on-topic
chemistry,on-topic,What is the molar mass of water (H₂O)?,on-topic
chemistry,on-topic,What is the significance of the law of conservation of mass?,on-topic
chemistry,on-topic,What are the properties of metals due to metallic bonding?,on-topic
chemistry,on-topic,What defines a chemical element as a transition metal?,on-topic
chemistry,on-topic,What role does chemistry play in environmental science?,on-topic
chemistry,on-topic,What is the difference between a compound and a mixture?,on-topic
chemistry,on-topic,How does activation energy influence chemical reactions?,on-topic
chemistry,on-topic,What is the theoretical yield of a chemical reaction?,on-topic
chemistry,on-topic,What is the electron configuration of a sodium atom?,on-topic
chemistry,on-topic,What is a dipole moment and how does it relate to molecular shape?,on-topic
chemistry,on-topic,"What is the pH scale, and how does it measure acidity?",on-topic
chemistry,on-topic,What is reduction?,on-topic
chemistry,on-topic,What is the pH scale and what does it measure?,on-topic
chemistry,on-topic,"What are the key differences between alkanes, alkenes, and alkynes?",on-topic
chemistry,on-topic,How does an increase in atmospheric pressure affect the boiling point of water?,on-topic
chemistry,on-topic,Explain how you can use a balanced chemical equation to perform stoichiometric calculations.,on-topic
chemistry,on-topic,What is the concept of hybridization in orbital theory?,on-topic
chemistry,on-topic,How do intermolecular forces affect the boiling point of a substance?,on-topic
chemistry,on-topic,"What is the law of conservation of mass, and how is it applied in chemical reactions?",on-topic
chemistry,on-topic,How do you calculate molarity of a solution?,on-topic
chemistry,on-topic,How do chiral molecules differ from achiral molecules in terms of optical activity?,on-topic
chemistry,on-topic,How do you balance a redox reaction using the half-reaction method?,on-topic
chemistry,on-topic,What is a buffer solution and how does it work?,on-topic
chemistry,on-topic,How do you calculate the empirical formula from percent composition?,on-topic
chemistry,on-topic,How does temperature affect reaction rates according to the Arrhenius equation?,on-topic
chemistry,on-topic,What is the role of activation energy in a chemical reaction?,on-topic
chemistry,on-topic,What is the significance of valence electrons in chemical bonding?,on-topic
chemistry,on-topic,What are the differences between a sigma bond and a pi bond?,on-topic
chemistry,on-topic,What is the difference between atomic absorption and atomic emission spectroscopy?,on-topic
chemistry,on-topic,"What is Gibbs free energy, and why is it important for chemical reactions?",on-topic
chemistry,on-topic,How does the electron configuration of an atom affect its chemical properties?,on-topic
chemistry,on-topic,How does Le Chatelier's principle explain the shift in chemical equilibrium?,on-topic
chemistry,on-topic,What is the principle of chromatography and how is it used in chemical analysis?,on-topic
chemistry,on-topic,"What is meant by the term ""activation energy"" in a chemical reaction?",on-topic
chemistry,on-topic,What is the difference between a homogeneous and heterogeneous mixture?,on-topic
chemistry,on-topic,"What is a limiting reactant, and how is it determined in a chemical reaction?",on-topic
chemistry,on-topic,How do batteries generate electricity from chemical reactions?,on-topic
chemistry,on-topic,What is meant by nuclear fission and nuclear fusion?,on-topic
chemistry,on-topic,What are noble gases and why are they inert?,on-topic
chemistry,on-topic,What is the difference between a polar and a nonpolar covalent bond?,on-topic
chemistry,on-topic,How does the concept of hybridization explain the geometry of molecules?,on-topic
chemistry,on-topic,What are polymers and how are they formed?,on-topic
chemistry,on-topic,What is the principle behind the operation of a spectrometer?,on-topic
chemistry,on-topic,What is the significance of hydrogen bonding in water?,on-topic
chemistry,on-topic,"What is the principle of chromatography, and how is it used to separate mixtures?",on-topic
chemistry,on-topic,How do enzymes function as biological catalysts?,on-topic
chemistry,on-topic,How is the rate of a chemical reaction determined?,on-topic
chemistry,on-topic,What significance does Gibbs Free Energy have in a reaction?,on-topic
chemistry,on-topic,What is the relationship between bond length and bond strength?,on-topic
chemistry,on-topic,How do buffers work to maintain pH levels in a solution?,on-topic
chemistry,on-topic,What is the significance of the Henderson-Hasselbalch equation?,on-topic
chemistry,on-topic,How do intermolecular forces influence the physical properties of substances?,on-topic
chemistry,on-topic,How do you predict the products of a chemical reaction using activity series?,on-topic
chemistry,on-topic,What are the main differences between endothermic and exothermic reactions?,on-topic
chemistry,on-topic,How do acids and bases differ in terms of hydrogen ion concentration?,on-topic
chemistry,on-topic,How do you determine if a reaction is spontaneous using Gibbs free energy?,on-topic
chemistry,on-topic,"What is meant by the term ""hybridization"" in chemistry?",on-topic
chemistry,on-topic,How do intermolecular forces affect boiling points of substances?,on-topic
chemistry,on-topic,How does ionic bonding differ from covalent bonding?,on-topic
chemistry,on-topic,"What is polymerization, and what are some common examples?",on-topic
chemistry,on-topic,How are polymers formed through addition and condensation reactions?,on-topic
chemistry,on-topic,How is the periodic table arranged?,on-topic
chemistry,on-topic,How does the periodic table arrange elements?,on-topic
chemistry,on-topic,What factors affect the pH of a solution?,on-topic
chemistry,on-topic,What is the role of water as a solvent in chemical reactions?,on-topic
chemistry,on-topic,What are the common states of matter and how do they differ?,on-topic
chemistry,on-topic,"What is the octet rule, and which elements commonly obey this rule?",on-topic
chemistry,on-topic,What is Hess's law and how is it used in thermochemistry?,on-topic
chemistry,on-topic,What is the chemical equation for photosynthesis?,on-topic
chemistry,on-topic,What is the difference between diamagnetic and paramagnetic substances?,on-topic
chemistry,on-topic,What are the different types of chemical bonds?,on-topic
chemistry,on-topic,What are the laws of thermodynamics in relation to chemical processes?,on-topic
chemistry,on-topic,What is the significance of a balanced chemical equation in terms of mass and atoms?,on-topic
chemistry,on-topic,How do intermolecular forces affect the properties of substances?,on-topic
chemistry,on-topic,Describe how solubility is affected by temperature.,on-topic
chemistry,on-topic,"What is a buffer solution, and why is it important?",on-topic
chemistry,on-topic,How do allotropes of carbon differ from each other?,on-topic
chemistry,on-topic,"What is meant by the term ""activation energy""?",on-topic
chemistry,on-topic,What is VSEPR theory and why is it important in predicting molecular shapes?,on-topic
chemistry,on-topic,What is a coordination compound and its components?,on-topic
chemistry,on-topic,What is the role of solvents in a chemical reaction?,on-topic
chemistry,on-topic,Explain the difference between homogeneous and heterogeneous mixtures.,on-topic
chemistry,on-topic,What are the benefits and limitations of mass spectrometry?,on-topic
chemistry,on-topic,What is a limiting reactant and how is it determined in a chemical reaction?,on-topic
chemistry,on-topic,What is a reversible reaction?,on-topic
chemistry,on-topic,How is the strength of an acid or base determined?,on-topic
chemistry,on-topic,What are the main postulates of Dalton's atomic theory?,on-topic
chemistry,on-topic,How can you separate a mixture using chromatography?,on-topic
chemistry,on-topic,What factors affect the solubility of a substance?,on-topic
chemistry,on-topic,"What is the Arrhenius equation, and what does it describe?",on-topic
chemistry,on-topic,What is an alloy and what are its advantages over pure metals?,on-topic
chemistry,on-topic,What are electrolytes and why are they important in chemistry?,on-topic
chemistry,on-topic,What are the differences between graphite and diamond structures?,on-topic
chemistry,on-topic,What is the principle of Le Chatelier's Principle in chemical equilibrium?,on-topic
chemistry,on-topic,"What is meant by the term ""oxidation state,"" and how is it determined?",on-topic
chemistry,on-topic,What is the Arrhenius definition of acids and bases?,on-topic
chemistry,on-topic,What is a nucleophile in a chemical reaction?,on-topic
chemistry,on-topic,What is the function of an oxidizing agent in a chemical reaction?,on-topic
chemistry,on-topic,How are homologous series used in organic chemistry?,on-topic
chemistry,on-topic,"What is a chirality center, and why is it important in stereochemistry?",on-topic
chemistry,on-topic,How are oxidation states determined in a redox reaction?,on-topic
chemistry,on-topic,How do solubility rules help predict the formation of a precipitate?,on-topic
chemistry,on-topic,What are the types of crystalline solids?,on-topic
chemistry,on-topic,How can you determine the empirical formula of a compound from its percent composition?,on-topic
chemistry,on-topic,What is Le Chatelier's principle and how does it apply to chemical equilibrium?,on-topic
chemistry,on-topic,What are the characteristics of a catalyst in a chemical reaction?,on-topic
chemistry,on-topic,How does temperature affect reaction rates?,on-topic
chemistry,on-topic,What are the environmental impacts of chemical pollution?,on-topic
chemistry,on-topic,How is the octet rule used to predict molecule stability?,on-topic
chemistry,on-topic,What is the principle behind the periodic trends in the periodic table?,on-topic
chemistry,on-topic,"What is a polymer, and what are some common examples?",on-topic
chemistry,on-topic,"What are chelating agents, and how do they function in complexation reactions?",on-topic
chemistry,on-topic,How can you determine the empirical formula of a compound from percent composition data?,on-topic
chemistry,on-topic,What are the characteristics of a chemical transition state?,on-topic
chemistry,on-topic,What is the distinction between crystallization and precipitation in chemistry?,on-topic
chemistry,on-topic,What is the concept of molarity and how is it calculated?,on-topic
chemistry,on-topic,What is the principle behind acid-base extraction?,on-topic
chemistry,on-topic,How is NMR spectroscopy used in chemistry?,on-topic
chemistry,on-topic,What are transition metals and what are their common properties?,on-topic
chemistry,on-topic,"What are ketones, and how are they categorized in organic chemistry?",on-topic
chemistry,on-topic,What is the difference between covalent and ionic bonds?,on-topic
chemistry,on-topic,How does the structure of a molecule affect its polarity?,on-topic
chemistry,off-topic,What is the highest peak in the Andes mountain range?,off-topic
chemistry,off-topic,Can a wizard cast a spell to make a guitar play itself?,off-topic
chemistry,off-topic,What type of music is typically played on a guitar during a carnival?,off-topic
chemistry,off-topic,Have you ever visited a lighthouse during a storm?,off-topic
chemistry,off-topic,What is the average length of a marathon race?,off-topic
chemistry,off-topic,What is the tallest building visible in the city skyline?,off-topic
chemistry,off-topic,What is the best fabric to wear to a summer music festival?,off-topic
chemistry,off-topic,What is the main role of a wizard in a fantasy story?,off-topic
chemistry,off-topic,What is the main objective of a team in a football match?,off-topic
chemistry,off-topic,What ingredients are typically used to bake a classic sourdough bread?,off-topic
chemistry,off-topic,What is the main purpose of a caravan during a long journey?,off-topic
chemistry,off-topic,How long does it take for a pineapple to ripen?,off-topic
chemistry,off-topic,What is the main purpose of an umbrella during a rainy day?,off-topic
chemistry,off-topic,What is the significance of the masquerade ball in a classic novel?,off-topic
chemistry,off-topic,How do you tune a piano to achieve the best sound quality?,off-topic
chemistry,off-topic,What are the main activities that take place in a monastery?,off-topic
chemistry,off-topic,How many pineapples can fit inside a standard caravan?,off-topic
chemistry,off-topic,What is the primary material used in making a traditional tapestry?,off-topic
chemistry,off-topic,Who won the last FIFA World Cup in soccer?,off-topic
chemistry,off-topic,Who is the most famous poet known for writing about the beauty of orchards?,off-topic
chemistry,off-topic,What is the name of the galaxy closest to the Milky Way?,off-topic
chemistry,off-topic,"What is the main theme of the traditional folktale ""The Pied Piper of Hamelin""?",off-topic
chemistry,off-topic,What is the name of the largest bridge in the world?,off-topic
chemistry,off-topic,How do you properly tune a violin?,off-topic
chemistry,off-topic,What is the main ingredient used in making pineapple upside-down cake?,off-topic
chemistry,off-topic,What is the best way to tune a violin before a concert?,off-topic
chemistry,off-topic,What is the main role of a goalkeeper in a soccer match?,off-topic
chemistry,off-topic,What types of fish can you see in an aquarium?,off-topic
chemistry,off-topic,What color is the umbrella in your favorite rainy day picture?,off-topic
chemistry,off-topic,What's your favorite animal to see on a safari?,off-topic
chemistry,off-topic,What materials are commonly used to build a lighthouse?,off-topic
chemistry,off-topic,What is the main purpose of a lighthouse in maritime navigation?,off-topic
chemistry,off-topic,How many different types of apples can typically be found in a well-maintained orchard?,off-topic
chemistry,off-topic,What is the main purpose of using a bow when playing the violin?,off-topic
chemistry,off-topic,What is the best type of piano for a beginner to learn on?,off-topic
chemistry,off-topic,How many different types of bread are typically made in a traditional bakery?,off-topic
chemistry,off-topic,What is the fastest time someone has completed a marathon?,off-topic
chemistry,off-topic,What type of masks are commonly worn at a masquerade ball?,off-topic
chemistry,off-topic,What is the main purpose of a lighthouse in guiding ships?,off-topic
chemistry,off-topic,What is the maximum weight a circus elephant can safely lift?,off-topic
chemistry,off-topic,What color is at the top of a typical rainbow?,off-topic
chemistry,off-topic,What is the main ingredient used to make sourdough bread in a bakery?,off-topic
chemistry,off-topic,What is the most common type of clay used for pottery?,off-topic
chemistry,off-topic,What is your favorite activity to do at the beach?,off-topic
chemistry,off-topic,How many colors are there in a typical rainbow?,off-topic
chemistry,off-topic,What is the main attraction at the annual carnival in your town?,off-topic
chemistry,off-topic,What are the best techniques for observing distant galaxies using a telescope?,off-topic
chemistry,off-topic,What type of umbrella is best suited for a windy day?,off-topic
chemistry,off-topic,What is the main objective of a clown's performance in a circus show?,off-topic
chemistry,off-topic,Who was the first wizard to appear in folklore stories?,off-topic
chemistry,off-topic,What is the best time of year to visit a carnival?,off-topic
chemistry,off-topic,What are the main parts of a violin?,off-topic
chemistry,off-topic,What position does a goalkeeper play in a football team?,off-topic
chemistry,off-topic,What are the main techniques used in creating pottery on a traditional potter's wheel?,off-topic
chemistry,off-topic,What is the best way to harvest pineapples in a tropical orchard?,off-topic
chemistry,off-topic,What are the main differences between a spaceship and a submarine?,off-topic
chemistry,off-topic,What color is a wizard's hat usually depicted as in fairy tales?,off-topic
chemistry,off-topic,What is the tallest building in the New York City skyline?,off-topic
chemistry,off-topic,"What is the main plot of the novel ""The Hobbit""?",off-topic
chemistry,off-topic,What is the best way to care for apple trees in an orchard?,off-topic
chemistry,off-topic,What is the best time of year to visit a park for a picnic?,off-topic
chemistry,off-topic,What is the main purpose of a telescope?,off-topic
chemistry,off-topic,What is the story behind the legend of the Loch Ness Monster?,off-topic
chemistry,off-topic,What is the best way to care for tropical fish in an aquarium?,off-topic
chemistry,off-topic,What is the main purpose of a guide on a safari trip?,off-topic
chemistry,off-topic,What is the average number of pages in a bestselling novel?,off-topic
chemistry,off-topic,"What is the main storyline of the novel ""War and Peace""?",off-topic
chemistry,off-topic,How do you carve a pineapple into decorative shapes for a party?,off-topic
chemistry,off-topic,What animals are commonly trained to perform tricks at a circus?,off-topic
chemistry,off-topic,What is the primary role of a monk in a monastery?,off-topic
chemistry,off-topic,What kind of animals are typically featured in a circus performance?,off-topic
chemistry,off-topic,"What is the main storyline of the classic fairy tale ""Hansel and Gretel""?",off-topic
chemistry,off-topic,What is the main ingredient used in making sourdough bread?,off-topic
chemistry,off-topic,Who won the last football World Cup?,off-topic
chemistry,off-topic,How many types of fruit trees can typically be found in an orchard?,off-topic
chemistry,off-topic,What is the main function of a lighthouse?,off-topic
chemistry,off-topic,What is the most common fruit grown in an orchard?,off-topic
chemistry,off-topic,What is the main ingredient used to bake a traditional sourdough bread?,off-topic
chemistry,off-topic,How many types of fruit trees are typically found in an orchard?,off-topic
chemistry,off-topic,What is the main purpose of an umbrella?,off-topic
chemistry,off-topic,What is the main purpose of a pineapple in a fruit salad?,off-topic
chemistry,off-topic,How long does it typically take to complete a marathon?,off-topic
chemistry,off-topic,What is the main ingredient used to make a pineapple upside-down cake?,off-topic
chemistry,off-topic,What is the best type of swimsuit to wear to the beach?,off-topic
chemistry,off-topic,What type of animals might you encounter on a hike through a jungle?,off-topic
chemistry,off-topic,How many grapes are typically needed to produce a bottle of wine at a vineyard?,off-topic
chemistry,off-topic,Who won the last World Cup in football?,off-topic
chemistry,off-topic,How do you properly tune a piano to achieve the best sound quality?,off-topic
chemistry,off-topic,What is the most popular type of pie sold at a bakery?,off-topic
chemistry,off-topic,What is the main role of a director in a theater production?,off-topic
chemistry,off-topic,"Who composed the famous opera ""The Magic Flute""?",off-topic
chemistry,off-topic,What is the most common type of fish found in home aquariums?,off-topic
chemistry,off-topic,Which team won the last FIFA World Cup?,off-topic
chemistry,off-topic,What type of shoes are typically worn by ballet dancers during performances?,off-topic
chemistry,off-topic,What is the main purpose of a telescope at an observatory?,off-topic
chemistry,off-topic,What is the best time of day to meditate for relaxation?,off-topic
chemistry,off-topic,"What is the main theme of the masquerade ball in the novel ""The Great Gatsby""?",off-topic
chemistry,off-topic,What is the purpose of a lighthouse?,off-topic
chemistry,off-topic,What is the main theme of a traditional opera performance?,off-topic
chemistry,off-topic,What musical instruments are commonly used to create harmony in a jazz band?,off-topic
chemistry,off-topic,How do you tune a guitar to play a folk song?,off-topic
chemistry,off-topic,What is the main objective of a football match?,off-topic
chemistry,off-topic,How many keys does a standard piano have?,off-topic
chemistry,off-topic,What is the main purpose of the large tank in an aquarium?,off-topic
chemistry,off-topic,What is the main ingredient used to make a traditional apple pie in a bakery?,off-topic
chemistry,off-topic,What is the main role of the ringmaster in a circus performance?,off-topic
chemistry,off-topic,What is the main legend behind the Loch Ness Monster in folklore?,off-topic
chemistry,off-topic,What fruit trees are most commonly found in an orchard?,off-topic
chemistry,off-topic,How often should you change the water in a home aquarium?,off-topic
chemistry,off-topic,How do you create intricate designs on a pottery vase?,off-topic
chemistry,off-topic,Who is the wizard that lives in the enchanted forest?,off-topic
chemistry,off-topic,What is the longest distance typically covered in a marathon race?,off-topic
chemistry,off-topic,What are the main differences between modern and traditional circus performances?,off-topic
chemistry,off-topic,What is the best way to tune a guitar for a music festival performance?,off-topic
chemistry,off-topic,What is the main theme of a masquerade ball?,off-topic
chemistry,off-topic,What ingredients are needed to bake a classic apple pie?,off-topic
chemistry,off-topic,What is the main attraction at a typical circus performance?,off-topic
chemistry,off-topic,What is the highest note a violin can play?,off-topic
chemistry,off-topic,What is the best time of year to visit a secluded island for a peaceful getaway?,off-topic
chemistry,off-topic,What type of hat does a wizard typically wear?,off-topic
chemistry,off-topic,What is the main purpose of a telescope in observing distant galaxies?,off-topic
chemistry,off-topic,What color is a zebra's stripes during a safari?,off-topic
chemistry,off-topic,What color is a wizard's hat typically depicted as in fairy tales?,off-topic
chemistry,off-topic,What is the best way to glaze a clay pot for a smooth finish?,off-topic
chemistry,off-topic,What is the traditional role of a monk in a monastery?,off-topic
chemistry,off-topic,What color is the main character's mask at a masquerade ball?,off-topic
chemistry,off-topic,What is the best way to build a sandcastle at the beach?,off-topic
chemistry,off-topic,What is the primary function of the bow when playing a violin?,off-topic
chemistry,off-topic,What is the best way to plant a pineapple in your backyard?,off-topic
chemistry,off-topic,How many colors are in a typical rainbow?,off-topic
chemistry,off-topic,What is the primary role of a wizard in a fantasy novel?,off-topic
chemistry,off-topic,What is the main purpose of a bridge in transportation infrastructure?,off-topic
chemistry,off-topic,What is the main goal of navigating through a labyrinth?,off-topic
chemistry,off-topic,How many pineapples can fit inside a spaceship?,off-topic
chemistry,off-topic,How do you tune a violin to ensure it produces the correct pitch?,off-topic
chemistry,off-topic,"What is the main storyline of the ballet ""Swan Lake""?",off-topic
chemistry,off-topic,"What is the main storyline of the opera ""The Phantom of the Opera""?",off-topic
chemistry,off-topic,"Who wrote the famous poem ""The Road Not Taken""?",off-topic
chemistry,off-topic,How do you tune a piano before a concert?,off-topic
chemistry,off-topic,What is the tallest mountain in the world?,off-topic
chemistry,off-topic,What animals are typically seen on a safari in Africa?,off-topic
chemistry,off-topic,What is the main difference between a violin and a viola?,off-topic
chemistry,off-topic,How do you tune a violin to achieve the perfect sound?,off-topic
chemistry,off-topic,What is the main purpose of using an umbrella?,off-topic
chemistry,off-topic,Who won the most recent FIFA World Cup?,off-topic
chemistry,off-topic,How many bridges are there in San Francisco?,off-topic
chemistry,off-topic,What is the best time of year to go hiking in the mountains?,off-topic
chemistry,off-topic,How many people can fit inside a standard caravan?,off-topic
chemistry,off-topic,How do you tune a guitar properly?,off-topic
chemistry,off-topic,What is the most popular folklore tale about a labyrinth?,off-topic
chemistry,off-topic,Who won the last marathon you attended?,off-topic
chemistry,off-topic,What is the most famous legend associated with the Loch Ness Monster in folklore?,off-topic
chemistry,off-topic,"Who wrote the opera ""La Traviata""?",off-topic
chemistry,off-topic,What is the main ingredient used to make pineapple upside-down cake?,off-topic
chemistry,off-topic,Who is the author of your favorite novel?,off-topic
chemistry,off-topic,What is the primary purpose of using an umbrella during a rainstorm?,off-topic
chemistry,off-topic,What is the main purpose of a bridge in a card game?,off-topic
chemistry,off-topic,What is the traditional length of a marathon race in miles?,off-topic
chemistry,off-topic,What is the most popular ride at the carnival?,off-topic
chemistry,off-topic,What is the main function of a ringmaster in a circus performance?,off-topic
chemistry,off-topic,What is the main purpose of a filtration system in an aquarium?,off-topic
chemistry,off-topic,What type of bread does a wizard prefer to bake?,off-topic
chemistry,off-topic,What is the main storyline of a traditional ballet performance?,off-topic
chemistry,off-topic,What is the best time of year to visit an apple orchard?,off-topic
chemistry,off-topic,What is the main rule for determining offside in soccer?,off-topic
chemistry,off-topic,What is the main purpose of a caravan during a road trip?,off-topic
chemistry,off-topic,"What is the main theme of the play ""Hamlet""?",off-topic
chemistry,off-topic,What is the main ingredient used to make a pineapple smoothie?,off-topic
chemistry,off-topic,Who is the most famous tightrope walker in circus history?,off-topic
chemistry,off-topic,What is the best way to care for tropical fish in a home aquarium?,off-topic
chemistry,off-topic,Who is your favorite soccer player?,off-topic
chemistry,off-topic,What is the main ingredient used to bake a classic sourdough bread?,off-topic
chemistry,off-topic,What is the traditional costume worn by clowns in a circus?,off-topic
chemistry,off-topic,What is the most popular type of hat worn by wizards?,off-topic
chemistry,off-topic,What ingredients are essential for baking a classic sourdough bread?,off-topic
chemistry,off-topic,What is the purpose of a beach umbrella?,off-topic
chemistry,off-topic,How many colors are typically found in a rainbow?,off-topic
chemistry,off-topic,What is your favorite type of bread to buy from a bakery?,off-topic
chemistry,off-topic,What is the best way to bake a sourdough loaf to achieve a crispy crust?,off-topic
chemistry,off-topic,What is the main theme of a poem about a circus?,off-topic
chemistry,off-topic,What is the main ingredient used to make cotton candy at a carnival?,off-topic
chemistry,off-topic,How many steps are typically found in a lighthouse?,off-topic
chemistry,off-topic,"What is the main storyline of the novel ""Moby-Dick""?",off-topic
chemistry,off-topic,How do you properly tune a piano?,off-topic
chemistry,off-topic,What type of hat is typically worn by a ringmaster at a carnival?,off-topic
chemistry,off-topic,"Who is the main character in the opera ""Carmen""?",off-topic
chemistry,off-topic,What is the main grape variety used in the wine production of a vineyard in Bordeaux?,off-topic
chemistry,off-topic,What is the main purpose of a parade at a festival?,off-topic
chemistry,off-topic,What types of animals can you see on a safari?,off-topic
chemistry,off-topic,"Who composed the music for the Broadway musical ""Phantom of the Opera""?",off-topic
chemistry,off-topic,What is the main ingredient used to make croissants in a bakery?,off-topic
chemistry,off-topic,What is the largest city skyline in the world?,off-topic
chemistry,off-topic,How many giraffes can you typically see on a safari in Africa?,off-topic
chemistry,off-topic,What is the primary function of a lighthouse?,off-topic
chemistry,off-topic,What is the most popular type of fabric used during fashion week?,off-topic
chemistry,off-topic,What techniques are commonly used in meditation to achieve a state of mindfulness?,off-topic
chemistry,off-topic,What is the main attraction in a typical circus performance?,off-topic
chemistry,off-topic,What is the name of the largest island in the Caribbean?,off-topic
chemistry,off-topic,What is the primary purpose of a telescope in stargazing?,off-topic
chemistry,off-topic,What is the main attraction of a traveling circus?,off-topic
chemistry,off-topic,Who won the last FIFA World Cup in football?,off-topic
chemistry,off-topic,What is the traditional role of a shaman in jungle folklore?,off-topic
chemistry,off-topic,What is the main ingredient in a traditional French croissant?,off-topic
chemistry,off-topic,What is the most popular festival celebrated in Brazil?,off-topic
chemistry,off-topic,What is the highest peak visible in the New York City skyline?,off-topic
chemistry,off-topic,What is the average number of seats in a typical theater?,off-topic
chemistry,off-topic,What time does the lighthouse light typically turn on in the evening?,off-topic
chemistry,off-topic,How do you tune a guitar to achieve the best sound quality?,off-topic
chemistry,off-topic,What are the main positions in a football team?,off-topic
chemistry,off-topic,What is the main difference between a violin and a guitar?,off-topic
chemistry,off-topic,What is the primary purpose of a labyrinth in meditation practices?,off-topic
chemistry,off-topic,What is the main purpose of a monastery in a religious community?,off-topic
chemistry,off-topic,How many monks typically live in a monastery?,off-topic
chemistry,off-topic,What is the largest known galaxy in the universe?,off-topic
chemistry,off-topic,What fruit trees are commonly found in an orchard?,off-topic
chemistry,off-topic,What animals might you see on a typical safari?,off-topic
chemistry,off-topic,What's the main difference between a violin and a viola?,off-topic
chemistry,off-topic,What are the main roles in a ballet performance?,off-topic
chemistry,off-topic,Who is your favorite character in the folklore surrounding King Arthur?,off-topic
chemistry,off-topic,What is the main role of a ringmaster in a circus?,off-topic
chemistry,off-topic,What is the average distance covered in a marathon race?,off-topic
chemistry,off-topic,What is the most popular legend associated with the Loch Ness Monster in Scottish folklore?,off-topic
chemistry,off-topic,What is the main ingredient used to make cotton candy at the circus?,off-topic
chemistry,off-topic,What's your favorite style of clothing to wear to a theater performance?,off-topic
chemistry,off-topic,What is the primary material used in creating a traditional tapestry?,off-topic
chemistry,off-topic,What are the main differences between classical and contemporary tapestry designs?,off-topic
chemistry,off-topic,How many strings does a standard piano have?,off-topic
chemistry,off-topic,Who won the last FIFA World Cup?,off-topic
chemistry,off-topic,What is the main objective of a spaceship's mission to Mars?,off-topic
chemistry,off-topic,What kind of pastries are typically sold in a bakery?,off-topic
chemistry,off-topic,What type of fabric is most commonly used to make fashionable umbrellas?,off-topic
chemistry,off-topic,How many different species of fish can you typically find in a home aquarium?,off-topic
chemistry,off-topic,What are the main roles in a traditional ballet performance?,off-topic
chemistry,off-topic,What type of fish are most commonly found in a home aquarium?,off-topic
chemistry,off-topic,What type of fruit trees are most commonly found in an orchard?,off-topic
chemistry,off-topic,What is the main purpose of a lighthouse?,off-topic
chemistry,off-topic,What is the most popular style of hat worn on a safari?,off-topic
chemistry,off-topic,What is the main function of a clown in a circus performance?,off-topic
chemistry,off-topic,How do you properly tune a piano to achieve perfect harmony?,off-topic
chemistry,off-topic,How many apples can be harvested from an orchard in one season?,off-topic
chemistry,off-topic,Who was the first person to juggle at a circus?,off-topic
chemistry,off-topic,Who won the FIFA World Cup in 2018?,off-topic
chemistry,off-topic,How long is a typical marathon race?,off-topic
chemistry,off-topic,What are the different stages involved in crafting a clay pot on a pottery wheel?,off-topic
chemistry,off-topic,How does a lighthouse help ships navigate safely at night?,off-topic
chemistry,off-topic,How many players are on the field for each team during a football match?,off-topic
chemistry,off-topic,What type of grapes are best for producing a full-bodied red wine in a vineyard?,off-topic
chemistry,off-topic,What color is usually found at the end of a rainbow?,off-topic
chemistry,off-topic,"What is the main theme of the novel ""Pride and Prejudice""?",off-topic
chemistry,off-topic,How do you bake the perfect sourdough bread?,off-topic
chemistry,off-topic,What is the legendary creature known for living in the center of a labyrinth?,off-topic
chemistry,off-topic,What is the origin of the myth about the wizard who only eats pineapples?,off-topic
chemistry,off-topic,What is the longest official distance in a marathon race?,off-topic
chemistry,off-topic,What is the best way to tune a guitar before a performance?,off-topic
chemistry,off-topic,What is the best way to tune a violin for a classical music performance?,off-topic
chemistry,off-topic,How many types of trees are typically found in a fruit orchard?,off-topic
chemistry,off-topic,What is the best way to prune apple trees in an orchard?,off-topic
chemistry,off-topic,What kind of hat does a wizard usually wear?,off-topic
chemistry,off-topic,How many apples can an average orchard produce in a year?,off-topic
chemistry,off-topic,How do you fold an umbrella to make it compact?,off-topic
chemistry,off-topic,What is the best technique for meditating in a quiet forest setting?,off-topic
chemistry,off-topic,"What is the main plot of the novel ""To Kill a Mockingbird""?",off-topic
chemistry,off-topic,How do you care for a saltwater aquarium?,off-topic
chemistry,off-topic,What is your favorite pastry to buy at a bakery?,off-topic
chemistry,off-topic,What type of frosting is typically used on a classic vanilla cupcake in a bakery?,off-topic
chemistry,off-topic,How often should you clean the filter in a home aquarium?,off-topic
chemistry,off-topic,What is the main purpose of the grand piano's three pedals?,off-topic
chemistry,off-topic,What is the main purpose of a caravan in a desert expedition?,off-topic
chemistry,off-topic,What kind of costumes are typically worn at a masquerade ball?,off-topic
chemistry,off-topic,"What is the main storyline of the novel ""To Kill a Mockingbird""?",off-topic
chemistry,off-topic,What type of clay is best for making pottery vases?,off-topic
chemistry,off-topic,How many grapes are typically needed to produce a bottle of wine in a vineyard?,off-topic
chemistry,off-topic,What is the main ingredient used to bake a sourdough bread?,off-topic
chemistry,off-topic,What is your favorite type of pastry at a bakery?,off-topic
chemistry,off-topic,What is the main purpose of a scarecrow in an orchard?,off-topic
chemistry,off-topic,"What is the main storyline of the opera ""La Traviata""?",off-topic
chemistry,off-topic,What is the most popular fashion trend for summer 2023?,off-topic
chemistry,off-topic,What color is the light at the top of a lighthouse?,off-topic
chemistry,off-topic,What is the main theme of a wizard's favorite poem?,off-topic
chemistry,off-topic,Who is the most famous sculptor known for creating large marble statues?,off-topic
chemistry,off-topic,What is the highest peak in the Rocky Mountains?,off-topic
chemistry,off-topic,How long does it take to learn the art of pottery?,off-topic
chemistry,off-topic,How do you properly clean and maintain a home aquarium?,off-topic
chemistry,off-topic,What type of music is typically played at a masquerade ball?,off-topic
chemistry,off-topic,What type of animals can you expect to see on a safari in Africa?,off-topic
chemistry,off-topic,What type of grapes are most commonly grown in a vineyard for making red wine?,off-topic
chemistry,off-topic,How do you bake a perfect sourdough bread?,off-topic
chemistry,off-topic,What is the name of the ballet where a princess falls into a deep sleep and is awakened by a prince's kiss?,off-topic
chemistry,off-topic,What is your favorite ride at the carnival?,off-topic
chemistry,off-topic,What are the main positions in a soccer team?,off-topic
chemistry,off-topic,What is the name of the largest string on a standard acoustic guitar?,off-topic
chemistry,off-topic,What is the main purpose of a lighthouse along a coastal area?,off-topic
chemistry,off-topic,"What is the main theme of the novel ""Treasure Island""?",off-topic
chemistry,off-topic,What is the primary purpose of a spaceship in intergalactic travel?,off-topic
chemistry,off-topic,What is the maximum number of players allowed on a professional soccer team during a match?,off-topic
chemistry,off-topic,What is the purpose of a lighthouse on a rocky coastline?,off-topic
chemistry,off-topic,What type of animals might you encounter on a safari in Africa?,off-topic
chemistry,off-topic,How many rooms are there in the average labyrinth?,off-topic
chemistry,off-topic,What is the main purpose of wearing masks at a masquerade ball?,off-topic
chemistry,off-topic,How many lighthouses are there along the coast of Maine?,off-topic
chemistry,off-topic,What is the highest note that can be played on a grand piano?,off-topic
chemistry,off-topic,What type of fish are most commonly found in a large public aquarium?,off-topic
chemistry,off-topic,How many miles long is a typical marathon?,off-topic
chemistry,off-topic,What is the main ingredient used in making a pineapple smoothie?,off-topic
chemistry,off-topic,What is the main purpose of using an umbrella at the beach?,off-topic
chemistry,off-topic,What is the main theme of the annual harvest festival in your hometown?,off-topic
chemistry,off-topic,What is the main ingredient in a traditional sourdough bread?,off-topic
chemistry,off-topic,What is the tallest sculpture in the world?,off-topic
chemistry,off-topic,How many fish can comfortably live in a 20-gallon aquarium?,off-topic
chemistry,off-topic,What is your favorite type of pastry to buy from the bakery?,off-topic
chemistry,off-topic,What is the best way to tune a violin for a beginner?,off-topic
chemistry,off-topic,What is the best strategy for solving a labyrinth quickly?,off-topic
chemistry,off-topic,What is the main ingredient in a traditional French baguette?,off-topic
chemistry,off-topic,How many wheels does a typical caravan have?,off-topic
chemistry,off-topic,What is the main role of a goalkeeper in a football match?,off-topic
chemistry,off-topic,What color is the typical big top tent used by circuses?,off-topic
chemistry,off-topic,"What is the main theme of the opera ""La Traviata""?",off-topic
chemistry,off-topic,How do you tune a guitar to an open D tuning?,off-topic
chemistry,off-topic,What is the main ingredient needed to bake a traditional sourdough loaf?,off-topic
chemistry,off-topic,What is the main ingredient in a pineapple smoothie?,off-topic
chemistry,off-topic,What is the tallest lighthouse in the world?,off-topic
chemistry,off-topic,What are the key techniques used in sculpting a clay figure?,off-topic
chemistry,off-topic,What color is the ringmaster's hat at the circus?,off-topic
chemistry,off-topic,What is the main purpose of a vineyard tour?,off-topic
chemistry,off-topic,Who is the legendary hero in the folklore of King Arthur and the Knights of the Round Table?,off-topic
chemistry,off-topic,What is your favorite color to wear on a sunny day in the park?,off-topic
chemistry,off-topic,"What is the main storyline of the folktale ""Hansel and Gretel""?",off-topic
chemistry,off-topic,What is the difference between a grand piano and an upright piano?,off-topic
chemistry,off-topic,What type of music is typically played at a lighthouse?,off-topic
chemistry,off-topic,What is the main ingredient in a traditional sourdough bread recipe?,off-topic
chemistry,off-topic,What is the name of the largest mountain in the world?,off-topic
chemistry,off-topic,What is the maximum number of players allowed on the field for a soccer team during a match?,off-topic
chemistry,off-topic,What animals are typically seen on an African safari?,off-topic
chemistry,off-topic,What is the main role of the goalkeeper in a soccer match?,off-topic
chemistry,off-topic,What is the main purpose of a telescope when observing distant galaxies?,off-topic
chemistry,off-topic,What is the main purpose of wearing masks during a masquerade ball?,off-topic
chemistry,off-topic,How do you tune a violin to achieve the perfect pitch?,off-topic
chemistry,off-topic,What type of grapes are typically grown in a vineyard?,off-topic
chemistry,off-topic,Who is the most famous ballet dancer in history?,off-topic
chemistry,off-topic,What is the name of the tallest building in the city skyline?,off-topic
chemistry,off-topic,What color is a rainbow's middle stripe?,off-topic
chemistry,off-topic,What type of bread is most commonly baked in a traditional French bakery?,off-topic
chemistry,off-topic,What is the most popular type of bread to bake at home?,off-topic
chemistry,off-topic,What is the main material used in sculpting a marble statue?,off-topic
chemistry,off-topic,What is the best time of year to visit a beach for collecting seashells?,off-topic
chemistry,off-topic,What is the main purpose of the pedals on a piano?,off-topic
chemistry,off-topic,What are the main parts of a piano?,off-topic
chemistry,off-topic,What is the primary purpose of a meditation retreat?,off-topic
chemistry,off-topic,"What is the main storyline of the opera ""The Magic Flute""?",off-topic
chemistry,off-topic,What is the main purpose of a safari adventure?,off-topic
chemistry,off-topic,What is the tallest building in the city skyline?,off-topic
chemistry,off-topic,Who is the current head coach of Manchester United?,off-topic
chemistry,off-topic,What types of pastries are typically found in a French bakery?,off-topic
chemistry,off-topic,Who was the first person to run a marathon in under two hours?,off-topic
chemistry,off-topic,What is the main purpose of a clown in a circus performance?,off-topic
chemistry,off-topic,How are traditional tapestries woven to depict historical folklore?,off-topic
chemistry,off-topic,What's the main objective of a soccer game?,off-topic
chemistry,off-topic,What is the highest jump a ballet dancer typically performs during a grand jeté?,off-topic
chemistry,off-topic,What color is the sky when you see a rainbow?,off-topic
chemistry,off-topic,"What is the main storyline of the novel ""Moby Dick""?",off-topic
chemistry,off-topic,What is the main purpose of a monastery in religious communities?,off-topic
chemistry,off-topic,What is the main tool a potter uses to shape clay on a wheel?,off-topic
chemistry,off-topic,How many different paths can you take to reach the center of a labyrinth?,off-topic
chemistry,off-topic,What time does the sun usually set over the beach in the summer?,off-topic
chemistry,off-topic,What is the main objective of a wizard in a fantasy story?,off-topic
chemistry,off-topic,What is the largest island in the world?,off-topic
chemistry,off-topic,What is the main difference between a stage play and a musical?,off-topic
chemistry,off-topic,What is the longest suspension bridge in the world?,off-topic
chemistry,off-topic,What color is typically associated with a classic soccer ball design?,off-topic
chemistry,off-topic,What is the maximum number of actors typically allowed on stage during a Broadway theater performance?,off-topic
chemistry,off-topic,How many different species of fish are typically found in a public aquarium?,off-topic
chemistry,off-topic,What is the main purpose of a safari guide during a wildlife expedition?,off-topic
chemistry,off-topic,What color is the sand on most beaches?,off-topic
chemistry,off-topic,What is the main ingredient in a pineapple upside-down cake?,off-topic
chemistry,off-topic,What is the best way to choose a mask for a masquerade party?,off-topic
chemistry,off-topic,How do you properly hold an umbrella to stay dry during a rainstorm?,off-topic
chemistry,off-topic,"What is the main plot of the novel ""Alice's Adventures in Wonderland""?",off-topic
chemistry,off-topic,How do you properly tune a violin before a performance?,off-topic
chemistry,off-topic,What is the primary purpose of a monastery?,off-topic
chemistry,off-topic,"Who was the composer of the opera ""The Magic Flute""?",off-topic
chemistry,off-topic,What is the main storyline of the folktale about the Loch Ness Monster?,off-topic
chemistry,off-topic,What is the main purpose of wearing a mask at a masquerade ball?,off-topic
chemistry,off-topic,What is the main purpose of a lighthouse in guiding ships safely to shore?,off-topic
chemistry,off-topic,How many miles long is a typical marathon race?,off-topic
chemistry,off-topic,What is the main attraction at a carnival?,off-topic
chemistry,off-topic,How many steps does it take to reach the top of a typical lighthouse?,off-topic
chemistry,off-topic,What is the main ingredient used to bake a classic apple pie?,off-topic
chemistry,off-topic,What is the main attraction at a typical carnival?,off-topic
chemistry,off-topic,What type of animals can you typically see on a safari in Africa?,off-topic
chemistry,off-topic,How many different types of birds can be commonly found in a jungle?,off-topic
chemistry,off-topic,What ingredients are needed to bake a classic French baguette?,off-topic
chemistry,off-topic,What is the main purpose of an umbrella during a rainstorm?,off-topic
chemistry,off-topic,What kind of animals are commonly seen performing in a circus?,off-topic
chemistry,off-topic,What is the main purpose of a pointe shoe in ballet?,off-topic
chemistry,off-topic,What is the best way to learn how to play a song on the piano?,off-topic
chemistry,off-topic,What is the main purpose of using a telescope?,off-topic
chemistry,off-topic,What is the main role of a clown in a circus performance?,off-topic
chemistry,off-topic,How many people can comfortably sleep in a standard caravan?,off-topic
chemistry,off-topic,What is the main role of a goalkeeper in football?,off-topic
chemistry,off-topic,What is the main purpose of a spaceship's thrusters?,off-topic
chemistry,off-topic,What role does a wizard typically play in folklore stories?,off-topic
chemistry,off-topic,What is the main purpose of a clown's performance in a circus?,off-topic
chemistry,off-topic,What is the most popular style of hat to wear on a safari?,off-topic
chemistry,off-topic,What is the main ingredient used to make sourdough bread?,off-topic
chemistry,off-topic,"Who is the main character in Herman Melville's novel ""Moby-Dick""?",off-topic
chemistry,off-topic,What is the process for harvesting apples in an orchard?,off-topic
chemistry,off-topic,What color is at the top of a rainbow?,off-topic
chemistry,off-topic,What is the best way to maintain a healthy aquarium environment for tropical fish?,off-topic
chemistry,off-topic,How many keys are there on a standard piano?,off-topic
chemistry,off-topic,Who is the main character in the famous novel about a young wizard attending a magical school?,off-topic
chemistry,off-topic,What is the main ingredient used to bake a traditional sourdough bread in a bakery?,off-topic
chemistry,off-topic,What is the highest number of goals ever scored in a single soccer match?,off-topic
chemistry,off-topic,How do you care for the fish in a home aquarium?,off-topic
chemistry,off-topic,"What is the main theme of Shakespeare's play ""Hamlet""?",off-topic
chemistry,off-topic,"What is the main storyline of the novel ""The Jungle Book""?",off-topic
chemistry,off-topic,What is the best type of guitar for playing classical music?,off-topic
chemistry,off-topic,What color is the umbrella you use on rainy days?,off-topic
chemistry,off-topic,What is the name of the famous marathon that takes place in Boston every year?,off-topic
chemistry,off-topic,What is the best way to set up a caravan for a long road trip?,off-topic
chemistry,off-topic,What is your favorite type of pastry to buy at the bakery?,off-topic
chemistry,off-topic,What is the main objective of a soccer game?,off-topic
chemistry,off-topic,What is the main role of a wizard in a fantasy novel?,off-topic
chemistry,off-topic,What is the main objective of a football team during a match?,off-topic
chemistry,off-topic,What animals might you encounter on a safari in the African savannah?,off-topic
chemistry,off-topic,What is the main plot of an opera about a wizard who travels to different planets on a spaceship?,off-topic
chemistry,off-topic,What color is your favorite umbrella?,off-topic
chemistry,off-topic,How do you play a C major chord on the piano?,off-topic
chemistry,off-topic,What is the purpose of a lighthouse in guiding ships at sea?,off-topic
chemistry,off-topic,How do you tune a guitar to play a specific song?,off-topic
chemistry,off-topic,What color is the umbrella you usually take to the beach?,off-topic
chemistry,off-topic,What is your favorite type of bread to buy at a bakery?,off-topic
chemistry,off-topic,"Who is the author of the famous ballet ""Swan Lake""?",off-topic
chemistry,off-topic,What time does the annual harvest festival in your town usually start?,off-topic
chemistry,off-topic,What color is the big top tent usually at a carnival?,off-topic
chemistry,off-topic,What color are the jerseys of the Brazilian soccer team?,off-topic
chemistry,off-topic,How do you navigate through a labyrinth without getting lost?,off-topic
chemistry,off-topic,How many strings does a typical violin have?,off-topic
chemistry,off-topic,What is the most popular fruit grown in orchards around the world?,off-topic
chemistry,off-topic,How do you make a pineapple upside-down cake?,off-topic
chemistry,off-topic,What is the main purpose of a labyrinth in mythology?,off-topic
chemistry,off-topic,What is the main role of the conductor in a ballet performance?,off-topic
chemistry,off-topic,What is the main purpose of a labyrinth in meditation practices?,off-topic
chemistry,off-topic,How do you tune a guitar to achieve the best sound for playing folk music?,off-topic
chemistry,off-topic,What is the main difference between a cardigan and a pullover?,off-topic
chemistry,off-topic,What traditional patterns are commonly found on pottery from ancient Greek folklore?,off-topic
chemistry,off-topic,What type of performances can you typically see at a circus?,off-topic
chemistry,off-topic,What are the main benefits of practicing meditation daily?,off-topic
chemistry,off-topic,How does a wizard cast spells in a magical forest?,off-topic
chemistry,off-topic,What kind of animals might you see on a safari in Africa?,off-topic
chemistry,off-topic,What is the main objective of a wizard attending a magical festival?,off-topic
chemistry,off-topic,What is the main purpose of a lighthouse on a rocky coastline?,off-topic
chemistry,off-topic,What is the main plot of a popular folklore tale from your country?,off-topic
chemistry,off-topic,What type of music is typically played during a masquerade ball?,off-topic
chemistry,off-topic,"What is the main plot of the novel ""Pride and Prejudice""?",off-topic
chemistry,off-topic,What is the main purpose of a masquerade ball?,off-topic
chemistry,off-topic,What type of shoes are best for running a marathon?,off-topic
chemistry,off-topic,What is the main difference between a wizard's robe and a regular bathrobe?,off-topic
chemistry,off-topic,What position does the quarterback play in a football team?,off-topic
chemistry,off-topic,What is the best time of year to harvest grapes in a vineyard?,off-topic
chemistry,off-topic,What is the best time of year to go on a safari in Africa?,off-topic
chemistry,off-topic,What is the primary purpose of a masquerade ball?,off-topic
chemistry,off-topic,What is the primary purpose of meditation in reducing stress?,off-topic
chemistry,off-topic,What is the process for making a ceramic vase in a pottery studio?,off-topic
chemistry,off-topic,What is the best time of year to hike a mountain for the best views?,off-topic
chemistry,off-topic,What animals can you see on a safari in Africa?,off-topic
chemistry,off-topic,How many strings does a standard violin have?,off-topic
chemistry,off-topic,What are the main differences between a grand piano and an upright piano?,off-topic
chemistry,off-topic,What is the main purpose of the bridge on a violin?,off-topic
chemistry,off-topic,What time does the lighthouse usually turn on its light at night?,off-topic
chemistry,off-topic,How many grape varieties are typically grown in a vineyard?,off-topic
chemistry,off-topic,What is the name of the spaceship that first landed on the moon?,off-topic
chemistry,off-topic,What kind of animals might you encounter while exploring a jungle?,off-topic
chemistry,off-topic,What is the main purpose of using an umbrella on a rainy day?,off-topic
chemistry,off-topic,What is the best way to prepare for running a marathon?,off-topic
chemistry,off-topic,What is the tallest mountain on Earth?,off-topic
chemistry,off-topic,How many miles is a standard marathon?,off-topic
chemistry,off-topic,What is the main legend associated with the Loch Ness Monster in folklore?,off-topic
chemistry,off-topic,What is the main purpose of a caravan on a road trip?,off-topic
chemistry,off-topic,How many apple trees are typically found in a small orchard?,off-topic
chemistry,off-topic,How many monks typically reside in a monastery?,off-topic
chemistry,off-topic,What type of costumes are typically worn by performers in a circus?,off-topic
chemistry,off-topic,What type of mask is traditionally worn at a masquerade ball?,off-topic
chemistry,off-topic,What is the main purpose of a vineyard?,off-topic
chemistry,off-topic,What is the name of the wizard who helps guide the young hero in many fantasy stories?,off-topic
chemistry,off-topic,How many islands are part of the Hawaiian archipelago?,off-topic
chemistry,off-topic,What is the main ingredient in a classic pineapple upside-down cake?,off-topic
chemistry,off-topic,What are the best techniques for creating harmony in a choir?,off-topic
chemistry,off-topic,What is the main ingredient in a traditional baguette?,off-topic
chemistry,off-topic,What is the main ingredient used to make a traditional croissant?,off-topic
chemistry,off-topic,What is the main purpose of meditation in promoting mental well-being?,off-topic
chemistry,off-topic,What is the tallest building in the city's skyline?,off-topic
chemistry,off-topic,What is the primary role of a goalkeeper in a football match?,off-topic
chemistry,off-topic,What is the best way to bake a chocolate cake in a bakery?,off-topic
chemistry,off-topic,What is the main purpose of an umbrella on a rainy day?,off-topic
chemistry,off-topic,"What is the main theme of the novel ""The Jungle Book""?",off-topic
chemistry,off-topic,What is the main ingredient in making a delicious pineapple upside-down cake?,off-topic
chemistry,off-topic,What type of wood is commonly used to make the body of an acoustic guitar?,off-topic
chemistry,off-topic,How many different types of apples can you typically find in an orchard?,off-topic
chemistry,off-topic,What time does the lighthouse turn on its light at night?,off-topic
chemistry,off-topic,What is the primary role of a goalkeeper in a soccer match?,off-topic
chemistry,hard-on-topic,How does the varying concentration of helium compared to hydrogen within a balloon influence its chemical interaction with external environments at different altitudes?,hard-on-topic
chemistry,hard-on-topic,How can the metaphorical concept of a 'chemical playground' help us understand the interactions and energy exchanges in molecular dynamics simulations?,hard-on-topic
chemistry,hard-on-topic,How does the concept of a catalytic blanket influence reaction rates in high-energy chemical environments?,hard-on-topic
chemistry,hard-on-topic,Could the elusive nature of dark matter hold the key to solving the greatest mystery of chemical bonding?,hard-on-topic
chemistry,hard-on-topic,"How does the concept of a ""molecular whisper"" fit within the framework of quantum tunneling in chemical reactions?",hard-on-topic
chemistry,hard-on-topic,"In the context of molecular geometry and bond angles, how might one theoretically describe an ""umbrella inversion"" in the context of nitrogen-containing cyclic compounds?",hard-on-topic
chemistry,hard-on-topic,How can the depiction of molecular structures in a mural shape public perception of chemical bonds and influence understanding of complex reactions?,hard-on-topic
chemistry,hard-on-topic,How might the symbolic image of a lantern in scientific literature be metaphorically related to the process of illuminating complex chemical reaction mechanisms?,hard-on-topic
chemistry,hard-on-topic,How might the chemical composition of soil affect the growth and yield of fruit trees in an orchard?,hard-on-topic
chemistry,hard-on-topic,How do the chemical properties of paint pigments influence the degradation and preservation of ancient paintings?,hard-on-topic
chemistry,hard-on-topic,How does electron density distribution in conjugated systems influence the energetic swing during photochemical reactions?,hard-on-topic
chemistry,hard-on-topic,Can the molecular structure of a newly discovered compound be likened to a puzzle where each configuration reveals different chemical properties?,hard-on-topic
chemistry,hard-on-topic,How does the concept of novel electron configurations challenge traditional periodic table trends in chemistry?,hard-on-topic
chemistry,hard-on-topic,"How might the concept of a ""hammock"" metaphorically relate to the balancing act of molecular forces in complex chemical equilibrium systems?",hard-on-topic
chemistry,hard-on-topic,How can the dynamic interactions in a molecular playground model help us understand the behavior of chemical reactions under non-equilibrium conditions?,hard-on-topic
chemistry,hard-on-topic,Is it possible to compare the stabilization of molecular bonds in a chemical compound to the tension distribution in a hammock suspended between two points?,hard-on-topic
chemistry,hard-on-topic,"How does the release of nitrous oxide affect the environment, and why is it paradoxically associated with laughter despite its chemical implications?",hard-on-topic
chemistry,hard-on-topic,How might the molecular structure of a cupcake ingredient influence its chemical stability during the baking process?,hard-on-topic
chemistry,hard-on-topic,"How would you describe the hypothetical scenario in which a chemical reaction takes place within the confines of a medieval castle, considering factors like atmospheric pressure, humidity, and temperature?",hard-on-topic
chemistry,hard-on-topic,How does the biochemical composition of an elephant's ivory contribute to its mechanical properties?,hard-on-topic
chemistry,hard-on-topic,"How does the concept of a ""melody"" relate to the vibrational frequencies of molecular bonds in chemistry?",hard-on-topic
chemistry,hard-on-topic,How does the distribution of colors in fireworks during a festival relate to the emission spectra of different chemical elements?,hard-on-topic
chemistry,hard-on-topic,How can the concept of an electron cloud be metaphorically compared to a blanket in terms of electron distribution and shielding effects in chemical interactions?,hard-on-topic
chemistry,hard-on-topic,How might the excited states of the molecular structure in a lantern's flame affect the emission spectrum and be misinterpreted as photonic interactions in chemical luminescence studies?,hard-on-topic
chemistry,hard-on-topic,How might the chemical composition of pigments affect the longevity and preservation of historical paintings?,hard-on-topic
chemistry,hard-on-topic,"In what ways do the structural adaptations of cactus spines illustrate the chemistry of cellulose, and how might these adaptations influence transpiration rates and water retention at a molecular level?",hard-on-topic
chemistry,hard-on-topic,"How can the concept of a ""potential energy hammock"" be used as a metaphor to explain the stability of reaction intermediates in a chemical reaction?",hard-on-topic
chemistry,hard-on-topic,How does the composition of soil pH in a garden influence the bioavailability of micronutrients and alter the chemical processes involved in plant growth?,hard-on-topic
chemistry,hard-on-topic,How does the pH swing method facilitate the recovery and recycling of chemical catalysts in environmentally sensitive reactions?,hard-on-topic
chemistry,hard-on-topic,How can the decomposition of organic matter in a compost heap enhance the chemical composition of soil in a garden?,hard-on-topic
chemistry,hard-on-topic,How might the Maillard reaction be explained when considering the molecular structure changes of a pancake during cooking?,hard-on-topic
chemistry,hard-on-topic,How does the frequency of sound waves produced by a guitar string correlate with the vibrational modes of chemical bonds in molecules?,hard-on-topic
chemistry,hard-on-topic,How might the journey of a single electron in a quantum dot illustrate the complexity of particle-wave duality and its implications for future developments in quantum computing?,hard-on-topic
chemistry,hard-on-topic,Can a helium-filled balloon serve as a plausible analog for understanding the behavior of gases in terms of kinetic molecular theory while taking into account atmospheric pressure and temperature variations at different altitudes?,hard-on-topic
chemistry,hard-on-topic,How does the electron configuration of a costume character's materials influence their color when used in theatrical makeup and costumes?,hard-on-topic
chemistry,hard-on-topic,How can the unique metabolic processes of a cactus contribute to research in bio-inspired chemical compounds?,hard-on-topic
chemistry,hard-on-topic,How does the change in atmospheric pressure affect the rate of helium diffusion from a balloon within a closed system?,hard-on-topic
chemistry,hard-on-topic,How might the chemical composition of materials used in fireworks influence the vibrant colors and sounds experienced during a festival celebration?,hard-on-topic
chemistry,hard-on-topic,"How might the design of a biodegradable lantern relate to the principles of green chemistry, considering both the materials used and the environmental impact?",hard-on-topic
chemistry,hard-on-topic,How might the geomorphological processes in mountain environments affect the deposition and chemical composition of mineral aerosols?,hard-on-topic
chemistry,hard-on-topic,How does the journey of a single water molecule through various states of matter illustrate the principles of intermolecular forces?,hard-on-topic
chemistry,hard-on-topic,How might the concept of a molecular canyon illustrate the interaction between enzyme active sites and substrate molecules at a nanoscale level?,hard-on-topic
chemistry,hard-on-topic,How might the Maillard reaction contribute to the flavor profile of a pancake when cooked at varying temperatures?,hard-on-topic
chemistry,hard-on-topic,How does the rhythmic structure of poetry metaphorically correlate with the periodic arrangement of elements in the chemistry periodic table?,hard-on-topic
chemistry,hard-on-topic,How can the intricate assembly of molecular structures in a labyrinthine crystal lattice be likened to solving a chemical puzzle?,hard-on-topic
chemistry,hard-on-topic,How might the concept of an 'umbrella' be metaphorically used to describe the stabilization of a transition state in a complex chemical reaction network?,hard-on-topic
chemistry,hard-on-topic,How might the unique water-retentive molecular structure of a cactus inform the synthesis of novel hydrogels for use in chemical engineering applications?,hard-on-topic
chemistry,hard-on-topic,"In the journey of a single electron through a complex organic molecule, how do its interactions with various functional groups influence the molecular geometry and potential energy landscape?",hard-on-topic
chemistry,hard-on-topic,How do the chemical properties of dissolved gases in the ocean influence the formation of certain types of deep-sea minerals?,hard-on-topic
chemistry,hard-on-topic,How might the structural defense mechanisms of a castle metaphorically relate to the interactions between molecules in complex chemical reactions?,hard-on-topic
chemistry,hard-on-topic,How might the concept of entropy in thermodynamics be metaphorically explained through the interactions and dynamics observed in a busy playground setting?,hard-on-topic
chemistry,hard-on-topic,"How might the concept of a chemical ""blanket"" relate to the processes involved in catalytic surface reactions?",hard-on-topic
chemistry,hard-on-topic,How does the photophysical property transformation of a butterfly-inspired molecular structure influence its potential application in catalytic processes?,hard-on-topic
chemistry,hard-on-topic,"What would be the hypothetical chemical composition of an ""elephantine"" molecule designed to mimic the large and complex structure of an actual elephant?",hard-on-topic
chemistry,hard-on-topic,How might the concept of entropy in thermodynamics metaphorically relate to the dynamic social interactions and spontaneous order often observed in a playground setting?,hard-on-topic
chemistry,hard-on-topic,How might the resonant frequencies of a violin be influenced by the molecular composition of the varnish applied to its surface?,hard-on-topic
chemistry,hard-on-topic,How would you describe the molecular structure of a complex that resembles a hammock in terms of its flexibility and stress distribution?,hard-on-topic
chemistry,hard-on-topic,How might the principles of resonance in guitar strings metaphorically relate to electron delocalization in aromatic compounds?,hard-on-topic
chemistry,hard-on-topic,"How can the concept of ""novel"" catalysts in organic chemistry contribute to sustainable industrial processes?",hard-on-topic
chemistry,hard-on-topic,How do the chemical interactions within a forest ecosystem influence the composition of soil nutrients and affect atmospheric chemistry?,hard-on-topic
chemistry,hard-on-topic,How might the unique erosive processes of a canyon environment affect the rate of chemical weathering in mineral-rich rock formations?,hard-on-topic
chemistry,hard-on-topic,"How can the concept of electron density ""swing"" influence reaction mechanisms in transition metal catalysis?",hard-on-topic
chemistry,hard-on-topic,How might the discovery of a novel molecule with unexpected properties challenge existing theories in physical chemistry?,hard-on-topic
chemistry,hard-on-topic,How does the concept of a chemical reaction horizon influence theoretical studies in the synthesis of novel compounds?,hard-on-topic
chemistry,hard-on-topic,How might the chemical composition of traditional festival dyes impact both the vibrancy of colors and their environmental footprint?,hard-on-topic
chemistry,hard-on-topic,How does the presence of dissolved organic molecules in the ocean affect the chemical reactions involved in the carbon cycle?,hard-on-topic
chemistry,hard-on-topic,What would be the chemical composition of a hypothetical compound if a squirrel were to biochemically synthesize acorn-derived molecules into an artificial pheromone for communication?,hard-on-topic
chemistry,hard-on-topic,How might the structural design principles of a medieval castle inform the development of new molecular architectures in supramolecular chemistry?,hard-on-topic
chemistry,hard-on-topic,How might the mineralogical composition of a mountain influence the local air chemistry and weathering processes?,hard-on-topic
chemistry,hard-on-topic,How might the metaphor of a squirrel gathering acorns be used to conceptualize the energy storage mechanisms in various chemical systems?,hard-on-topic
chemistry,hard-on-topic,How does the chemical composition of soil in a forest ecosystem affect the absorption and decomposition of leaf litter?,hard-on-topic
chemistry,hard-on-topic,How might the atmospheric chemistry within an enclosed theater space influence the perception of scents produced during a live performance?,hard-on-topic
chemistry,hard-on-topic,How might the surface properties of a non-stick pancake pan influence the molecular interactions between pancake batter and the cooking surface?,hard-on-topic
chemistry,hard-on-topic,How might the rhythmic patterns and structures found in poetry inspire the molecular geometries and electron configurations in chemistry?,hard-on-topic
chemistry,hard-on-topic,How might the dispersion of sunlight into a rainbow serve as an analogy for the separation of complex chemical mixtures using chromatography?,hard-on-topic
chemistry,hard-on-topic,"How might the unique metabolic pathways of a cactus influence its biochemistry in terms of water conservation and storage, particularly in relation to its ability to synthesize and accumulate specific biomolecules under arid conditions?",hard-on-topic
chemistry,hard-on-topic,How might the design of a theater's acoustics unintentionally affect chemical reactions occurring in the materials used for its construction?,hard-on-topic
chemistry,hard-on-topic,What chemical reactions occur at a microscopic level in the spines of a cactus when it undergoes environmental stress?,hard-on-topic
chemistry,hard-on-topic,How can the biochemical adaptation of cacti to arid environments be explained in terms of their unique photosynthetic pathways and the role of specific chemical compounds in minimizing water loss?,hard-on-topic
chemistry,hard-on-topic,How do the chemical properties of pigments influence the longevity and preservation of a painting?,hard-on-topic
chemistry,hard-on-topic,Can the whispering of reactive molecules near a solid surface influence the rate of a chemical reaction through subtle vibrational energy exchanges?,hard-on-topic
chemistry,hard-on-topic,How might the novel application of quantum chemistry techniques influence the development of synthetic pathways for rare earth element extraction?,hard-on-topic
chemistry,hard-on-topic,How do trace amounts of heavy metals in ocean water influence the chemical interactions within marine ecosystems?,hard-on-topic
chemistry,hard-on-topic,What chemical processes could contribute to the formation of unique mineral deposits on the walls of a canyon?,hard-on-topic
chemistry,hard-on-topic,"How might researchers utilize the concept of ""elephant toothpaste"" in demonstrating the catalytic decomposition of hydrogen peroxide, and what safety precautions should be observed when scaling up this reaction to mimic the force of an actual elephant's footstep?",hard-on-topic
chemistry,hard-on-topic,"In a hypothetical chemical reaction, could the release of nitrous oxide as a byproduct be humorously described as inducing uncontrollable laughter in nearby observers?",hard-on-topic
chemistry,hard-on-topic,How might the mineral composition of a mountain's rock layers influence its ability to act as a natural catalyst in chemical weathering processes?,hard-on-topic
chemistry,hard-on-topic,What molecular interactions occur when a helium-filled balloon slowly deflates over time due to diffusion through different materials?,hard-on-topic
chemistry,hard-on-topic,How might the ionic composition of raindrops in a thunderstorm influence chemical reactions within urban environments?,hard-on-topic
chemistry,hard-on-topic,"What role does the concept of an electron's ""quantum journey"" play in the interpretation of molecular orbital theory?",hard-on-topic
chemistry,hard-on-topic,How might the principles of pancake flipping relate to the thermodynamics of molecules in a nonhomogeneous fluid mixture?,hard-on-topic
chemistry,hard-on-topic,"How might the concept of a ""green chemistry blanket"" metaphorically cover biodegradation processes in polymer research?",hard-on-topic
chemistry,hard-on-topic,"If elements were to gather on a cosmic playground, how would their atomic characteristics influence their hypothetical interactions and alliances?",hard-on-topic
chemistry,hard-on-topic,"How might the metaphorical concept of a ""waterfall"" help in understanding the energy cascade in chemical reactions at the molecular level?",hard-on-topic
chemistry,hard-on-topic,"If a squirrel were to somehow synthesize a compound in its body resembling a chelating agent, what unique challenges might arise in studying the biochemical pathways involved?",hard-on-topic
chemistry,hard-on-topic,How might the chemical reactions involved in the production of vibrant flame colors during a festival's fireworks display provide insights into the thermodynamic processes of exothermic reactions?,hard-on-topic
chemistry,hard-on-topic,"How might the unique geological characteristics of a canyon influence the local atmospheric chemistry, particularly in terms of gas diffusion and chemical weathering processes?",hard-on-topic
chemistry,hard-on-topic,How might the resonance properties of a wooden violin relate metaphorically to the concept of resonance in organic chemistry?,hard-on-topic
chemistry,hard-on-topic,How might the natural processes observed in a waterfall contribute to the chemical weathering of rocks and the alteration of local mineral compositions?,hard-on-topic
chemistry,hard-on-topic,How might the concept of melody be metaphorically used to describe the periodic trends in chemical properties across the periodic table?,hard-on-topic
chemistry,hard-on-topic,"How might the contents of a chemist's notebook reveal unexpected patterns in reaction outcomes, even if these observations are not easily categorized within traditional chemical disciplines?",hard-on-topic
chemistry,hard-on-topic,How might the concept of a 'chemical treasure hunt' metaphorically describe the search and discovery process of elusive volatile organic compounds hidden within the gaseous emissions of a newly discovered interstellar comet?,hard-on-topic
chemistry,hard-on-topic,How might the concept of the horizon line metaphorically represent the limits of our understanding in the exploration of catalytic processes in chemistry?,hard-on-topic
chemistry,hard-on-topic,How does the structure of molecules in a liquid crystalline phase resemble the macroscopic arrangement of atoms in a hammock?,hard-on-topic
chemistry,hard-on-topic,"How does the chemical composition of an apple change during fermentation, and what are the implications for its nutritional value?",hard-on-topic
chemistry,hard-on-topic,How does the molecular structure of a butterfly wing pigment influence its iridescent properties in the context of photonic crystals?,hard-on-topic
chemistry,hard-on-topic,How might the gradual weathering of a stone castle over centuries be analogous to the kinetic and thermodynamic principles governing chemical reactions in a laboratory setting?,hard-on-topic
chemistry,hard-on-topic,How might the concept of energy dissipation in a waterfall provide an analogy for understanding entropy changes in a chemical reaction system?,hard-on-topic
chemistry,hard-on-topic,How does the molecular structure of a synthetic polymer influence the durability and flexibility of a chemical-proof costume designed for laboratory safety?,hard-on-topic
chemistry,hard-on-topic,How does the Maillard reaction in a bakery setting influence the aroma of freshly baked bread?,hard-on-topic
chemistry,hard-on-topic,"How does the structure of a ""bicycle"" compound in organic chemistry influence its potential to act as a catalyst in polymerization reactions?",hard-on-topic
chemistry,hard-on-topic,How can the study of novel molecular structures in alien atmospheres enhance our understanding of chemical bonding?,hard-on-topic
chemistry,hard-on-topic,"How might the concept of a ""butterfly effect"" metaphorically relate to catalytic processes in complex chemical reactions?",hard-on-topic
chemistry,hard-on-topic,How might the unique chemical composition of forest soil influence the secondary metabolite production in fungi?,hard-on-topic
chemistry,hard-on-topic,What chemical reactions are most likely to occur in the atmosphere during a thunderstorm and how might these reactions influence the formation of atmospheric pollutants?,hard-on-topic
chemistry,hard-on-topic,How can the acoustic properties of a wooden guitar body be analogously compared to the molecular vibrations observed in certain chemical compounds?,hard-on-topic
chemistry,hard-on-topic,How might the dynamic interactions and kinetic energy exchanges among children on a playground metaphorically relate to molecular collisions in a gaseous system?,hard-on-topic
chemistry,hard-on-topic,How does the mystery of molecular chirality influence the unpredictable behavior of chemical reactions in stereochemically complex systems?,hard-on-topic
chemistry,hard-on-topic,"What mysteries lie within the chemical reactions of ancient alchemical practices, and how might they challenge our modern understanding of chemistry?",hard-on-topic
chemistry,hard-on-topic,"How might the ""greenhouse gas blanket effect"" metaphor be used to describe a potential influence on chemical reaction rates in atmospheric chemistry?",hard-on-topic
chemistry,hard-on-topic,How could the concept of an 'umbrella' be metaphorically used to describe the protective mechanisms of electron shielding in complex chemical structures?,hard-on-topic
chemistry,hard-on-topic,How might the tension and material composition of guitar strings be influenced by chemical properties and reactions?,hard-on-topic
chemistry,hard-on-topic,How might the puzzle of molecular chirality in a chemical reaction influence the development of pharmaceutical drugs?,hard-on-topic
chemistry,hard-on-topic,How might the unique chemical composition of a newly discovered galaxy influence our understanding of element formation during nucleosynthesis?,hard-on-topic
chemistry,hard-on-topic,"In a hypothetical scenario where molecules might wear costumes, what conceptual costume would best symbolize the role of a catalyst in a chemical reaction, and why?",hard-on-topic
chemistry,hard-on-topic,How can the enigmatic folding puzzle of protein structures be influenced by quantum mechanical effects?,hard-on-topic
chemistry,hard-on-topic,How might the term 'melody' serve as a metaphor for the complex interactions and patterns observed in molecular vibrations and bonds in chemical reactions?,hard-on-topic
chemistry,hard-on-topic,How would the chemical composition of a lantern's fuel affect its light emission spectrum under varying atmospheric conditions?,hard-on-topic
chemistry,hard-on-topic,"How might the Maillard reaction be optimized in pancake preparation to enhance flavor while ensuring minimal acrylamide formation, taking into account reactant concentrations and temperature?",hard-on-topic
chemistry,hard-on-topic,"How can the ""whisper"" of intermolecular forces in a solvent subtly influence the rate of a chemical reaction, despite being almost imperceptible?",hard-on-topic
chemistry,hard-on-topic,"How does the concept of resonance in chemistry metaphorically resemble the swinging motion of a pendulum from one structure to another, maintaining balance within a molecule?",hard-on-topic
chemistry,hard-on-topic,"How might the concept of 'umbrella sampling' in molecular dynamics simulations metaphorically relate to the function of an actual umbrella, particularly in terms of energy barriers and configurational spaces?",hard-on-topic
chemistry,hard-on-topic,How does the unique biochemical composition of cactus mucilage influence its potential as a natural coagulant in wastewater treatment processes?,hard-on-topic
chemistry,hard-on-topic,How does the proton transfer journey within a reaction mechanism illustrate the interplay between kinetic and thermodynamic control in chemistry?,hard-on-topic
chemistry,hard-on-topic,How might the Maillard reaction observed in a bakery influence the chemical profile of baked goods?,hard-on-topic
chemistry,hard-on-topic,How might the dispersion of light in a rainbow be explained by the quantum mechanical behavior of photonic energy levels in atmospheric moisture droplets?,hard-on-topic
chemistry,hard-on-topic,How does the metaphorical language in poetry compare to the descriptive language in chemistry when explaining complex molecular interactions?,hard-on-topic
chemistry,hard-on-topic,"How might the Maillard reaction, commonly observed in a bakery, influence the aroma profile of baked goods?",hard-on-topic
chemistry,hard-on-topic,How might the chemical composition of synthetic dyes affect the vibrancy and safety of festival paint used during cultural celebrations?,hard-on-topic
chemistry,hard-on-topic,How might the study of a squirrel's diet contribute to the understanding of trace element biogeochemistry in forest ecosystems?,hard-on-topic
chemistry,hard-on-topic,What are the potential chemical processes occurring within a cactus that allow it to synthesize and store water-soluble molecules in arid environments?,hard-on-topic
chemistry,hard-on-topic,"How might the concept of an ""umbrella effect"" metaphorically relate to the protective electron cloud configuration in transition metals?",hard-on-topic
chemistry,hard-on-topic,How does the storage of nuts by squirrels for winter relate to the principles of chemical energy conservation?,hard-on-topic
chemistry,hard-on-topic,"How does the concept of electron spin relate to the behavior of magnetic materials and influence the ""swing"" of magnetic polarity?",hard-on-topic
chemistry,hard-on-topic,"How might the Maillard reaction, commonly associated with baking, impact flavor profiles in a bakery setting, and what underlying chemical processes contribute to these changes?",hard-on-topic
chemistry,hard-on-topic,How might the unique chemical composition of a distant galaxy influence the atomic interactions within its interstellar medium?,hard-on-topic
chemistry,hard-on-topic,How does the swing of a pendulum demonstrate the principles of thermochemistry in energy transformations?,hard-on-topic
chemistry,hard-on-topic,How can the chemical structure and bonding interactions within a molecule be compared to the tension and support provided by a hammock?,hard-on-topic
chemistry,hard-on-topic,Can the behavior of a squirrel storing nuts be used as a metaphor for understanding the electron configuration of certain elements in chemistry?,hard-on-topic
chemistry,hard-on-topic,"How might the concept of ""blanket stability"" apply metaphorically to the role of electron shielding in periodic trends across the periodic table?",hard-on-topic
chemistry,hard-on-topic,How might the unique geological and mineral composition of a canyon affect localized atmospheric chemical reactions?,hard-on-topic
chemistry,hard-on-topic,How does the concept of the chemical equilibrium horizon challenge our understanding of reaction completeness in dynamic systems?,hard-on-topic
chemistry,hard-on-topic,How might the structure and defensive mechanisms of a medieval castle metaphorically relate to the interactions and bonding within complex chemical compounds?,hard-on-topic
chemistry,hard-on-topic,How does the scattering of light during sunrise relate to the photochemical reactions in the atmosphere?,hard-on-topic
chemistry,hard-on-topic,How can the concept of atoms and molecules be creatively explained through the design of a costume that represents chemical bonding?,hard-on-topic
chemistry,hard-on-topic,"How might the concept of a rainbow be metaphorically used to describe the spectrum of chemical elements in the periodic table, considering their unique properties and interactions?",hard-on-topic
chemistry,hard-on-topic,How can the vibrant colors observed in fireworks during a festival be explained using the principles of chemistry?,hard-on-topic
chemistry,hard-on-topic,How might the activity of a squirrel gathering acorns be metaphorically related to the process of electron transfer in redox reactions?,hard-on-topic
chemistry,hard-on-topic,How might one metaphorically describe the elusive and rare discovery of a new synthetic route to a complex molecule as uncovering a 'treasure' within the realm of organic chemistry?,hard-on-topic
chemistry,hard-on-topic,How do the complex chemical interactions during the conching process influence the texture and flavor profile of chocolate at a molecular level?,hard-on-topic
chemistry,hard-on-topic,How do the chemical compositions of galaxies influence our understanding of interstellar molecular formation?,hard-on-topic
chemistry,hard-on-topic,How might the reaction kinetics of sugar caramelization change in a cupcake when its moisture content is altered?,hard-on-topic
chemistry,hard-on-topic,How can the unique chemical properties of cactus mucilage be utilized in the removal of contaminants from water?,hard-on-topic
chemistry,hard-on-topic,How can the acoustical properties of a wooden violin be altered by the chemical treatment of its varnish?,hard-on-topic
chemistry,hard-on-topic,"How does the concept of ""butterfly effect"" metaphorically apply to the sensitive dependency of initial reaction conditions in chemical kinetics and catalytic reactions?",hard-on-topic
chemistry,hard-on-topic,How might the chemical composition of a cupcake affect its flavor profile when considering the Maillard reaction and caramelization processes?,hard-on-topic
chemistry,hard-on-topic,How does the concept of electron 'swing' contribute to the understanding of molecular resonance structures in organic chemistry?,hard-on-topic
chemistry,hard-on-topic,How does the chemical composition of an apple change as it ripens and how can this be analyzed using spectroscopic techniques?,hard-on-topic
chemistry,hard-on-topic,How might the concept of entropy manifest in the dynamic interactions and organization of children at a playground?,hard-on-topic
chemistry,hard-on-topic,How might the concept of a melody be metaphorically applied to describe the harmonious interaction of chemical bonds within a complex molecule?,hard-on-topic
chemistry,hard-on-topic,How might the polymorphic forms of cocoa butter in chocolate influence the process of tempering and the resultant texture of the final product?,hard-on-topic
chemistry,hard-on-topic,How might one use the metaphor of constructing a castle to explain the principles of molecular bonding and stability in complex chemical compounds?,hard-on-topic
chemistry,hard-on-topic,"In what ways can the term ""Butterfly"" be used metaphorically to describe transient, rapid, or intermediate states in chemical reactions, and how do such metaphorical states relate to the concept of energy landscapes in physical chemistry?",hard-on-topic
chemistry,hard-on-topic,How might the design of a laboratory safety costume incorporate chemical resistance to both acids and bases while maintaining comfort and flexibility for researchers?,hard-on-topic
chemistry,hard-on-topic,How might the chemical composition of pigments used in painting influence their degradation and affect our understanding of an artwork's original appearance?,hard-on-topic
chemistry,hard-on-topic,"Could the vibrant colors in a historical mural be attributed to the oxidation states of the metal ions used in the pigments, and how might this relate to their stability and interaction with environmental factors over time?",hard-on-topic
chemistry,hard-on-topic,How does the change in atmospheric pressure affect the buoyancy of a helium-filled balloon when considering the molecular interactions of helium at the atomic level?,hard-on-topic
chemistry,hard-on-topic,How does varying the proportion of cocoa solids in chocolate affect its melting point and crystalline structure?,hard-on-topic
chemistry,hard-on-topic,How might the unique soil and atmospheric chemistry within an apple orchard influence the phenolic compound profile of the fruit?,hard-on-topic
chemistry,hard-on-topic,How might the molecular vibrations of a substance impact the sound quality of a guitar when the strings are plucked?,hard-on-topic
chemistry,hard-on-topic,How does the concept of entropy apply metaphorically to the arrangement of apple trees in an orchard when considering the random distribution of atoms within a gas?,hard-on-topic
chemistry,hard-on-topic,How can the oxidation process in the drying of oil paint affect the longevity and preservation of a painting over time?,hard-on-topic
chemistry,hard-on-topic,How might the concept of a melody relate metaphorically to the periodic trends in the chemical properties of elements?,hard-on-topic
chemistry,hard-on-topic,What is the role of a chemical blanket in controlling reactions within an industrial setting?,hard-on-topic
chemistry,hard-on-topic,How can the resonant frequencies of a violin body be altered through chemical treatment of its wood?,hard-on-topic
chemistry,hard-on-topic,Can the Maillard reaction within a pancake's cooking process be influenced by altering the batter's pH level?,hard-on-topic
chemistry,hard-on-topic,How does the concept of chirality relate to the molecular organization in the structure of a bicycle?,hard-on-topic
chemistry,hard-on-topic,How might the pressure change inside a balloon filled with a noble gas differ from one filled with a diatomic gas when both are exposed to varying temperatures?,hard-on-topic
chemistry,hard-on-topic,How does the chemistry of pigments affect the longevity of a painting when exposed to varying environmental conditions?,hard-on-topic
chemistry,hard-on-topic,How could the atmospheric conditions within a theater impact the chemical reactions of materials used in stage props and costumes?,hard-on-topic
chemistry,hard-on-topic,"How might the molecular interactions in hydrophobic environments be conceptualized as an 'umbrella' effect, given the tendency of nonpolar molecules to aggregate in aqueous solutions?",hard-on-topic
chemistry,hard-on-topic,How might the chemical composition of materials used in playground equipment influence the rate of degradation and safety over time?,hard-on-topic
chemistry,hard-on-topic,How do the volatile organic compounds released by trees in a forest influence the chemical composition of the atmosphere?,hard-on-topic
chemistry,hard-on-topic,"How could the concept of a potential energy ""hammock"" be metaphorically used to describe transition states in a complex chemical reaction mechanism?",hard-on-topic
chemistry,hard-on-topic,How might the concept of dynamic equilibrium in chemical reactions metaphorically relate to children balancing on a seesaw in a playground?,hard-on-topic
chemistry,hard-on-topic,"How does the rate of chemical reactions in the atmosphere change with the varying wavelengths of sunlight during sunrise, and what impact might this have on local air quality?",hard-on-topic
chemistry,hard-on-topic,Could the concept of a chemical horizon emerge within a system where reaction frontiers alter the kinetics and dynamics beyond conventional predictions?,hard-on-topic
chemistry,hard-on-topic,How does the presence of ethylene gas from a ripening apple influence the catalytic activity of enzymes in plants?,hard-on-topic
chemistry,hard-on-topic,How do the chemical reactions involved in the combustion of fireworks at a festival influence atmospheric conditions and environmental health?,hard-on-topic
chemistry,hard-on-topic,How might the chemical composition of minerals found in a canyon contribute to the optical phenomena known as atmospheric canyon mirages?,hard-on-topic
chemistry,hard-on-topic,Could the speculative discovery of new elements beyond the current horizon of the periodic table redefine our understanding of chemical bonding principles?,hard-on-topic
chemistry,hard-on-topic,How might the metaphorical language found in poetry enhance the understanding of complex chemical reactions?,hard-on-topic
chemistry,hard-on-topic,"In the silent corridors of molecular interactions, is there a whisper of entropy that guides the spontaneous symmetry breaking in chemical reactions?",hard-on-topic
chemistry,hard-on-topic,How can the Maillard reaction observed in a bakery influence the flavor profile of baked goods from a chemical standpoint?,hard-on-topic
chemistry,hard-on-topic,How might the use of a digital notebook impact the documentation process in a chemistry lab compared to traditional paper notebooks?,hard-on-topic
chemistry,hard-on-topic,How might the concept of a melody inspire the design of molecular structures aiming to harmonize chemical reactions?,hard-on-topic
chemistry,hard-on-topic,How might the atmospheric conditions during a thunderstorm influence the rate of chemical reactions occurring in the surrounding environment?,hard-on-topic
chemistry,hard-on-topic,What conceptual puzzle arises when considering the dual wave-particle nature of electrons in quantum chemistry?,hard-on-topic
chemistry,hard-on-topic,How might the behavior of a squirrel gathering and storing nuts metaphorically relate to the concept of electron energy levels and storage in atoms?,hard-on-topic
chemistry,hard-on-topic,How might the unique structural adaptations of a cactus influence the distribution of hydrophobic compounds within its tissues?,hard-on-topic
chemistry,hard-on-topic,How might the architectural concepts used in the design of medieval castles influence the molecular structure and stability of complex chemical compounds?,hard-on-topic
chemistry,hard-on-topic,How do the atmospheric chemical reactions influenced by sunrise affect the formation of secondary pollutants?,hard-on-topic
chemistry,hard-on-topic,How might the principles of chromatography be creatively applied to analyze the complex mixtures of aromas in a food festival?,hard-on-topic
chemistry,hard-on-topic,How might the chemical composition of pigments affect the longevity and preservation of a historical mural?,hard-on-topic
chemistry,hard-on-topic,Is the existence of chemical elements in the periodic table that demonstrate anomalous properties a mystery that challenges our understanding of modern chemistry?,hard-on-topic
chemistry,hard-on-topic,How does the laughter-inducing effect of nitrous oxide relate to its molecular structure and interaction with neurotransmitters from a chemical perspective?,hard-on-topic
chemistry,hard-on-topic,How does the metaphorical journey of a chemical reaction from reactants to products parallel the philosophical journey of scientific discovery?,hard-on-topic
chemistry,hard-on-topic,"How does the molecular structure of an anesthetic gas often referred to as ""laughing gas"" influence its effects on human physiology?",hard-on-topic
chemistry,hard-on-topic,How could the concept of a molecular 'hammock' be metaphorically used to describe the stabilization of an unusually high-energy transition state in a chemical reaction?,hard-on-topic
chemistry,hard-on-topic,How can the arrangement of atoms in a crystal be considered a puzzle analogous to solving complex equations in chemistry?,hard-on-topic
chemistry,hard-on-topic,How does the scattering of atmospheric particles at sunrise influence the perception of color and its analysis in spectroscopic studies?,hard-on-topic
chemistry,hard-on-topic,How can the electromagnetic spectrum of a lantern's light help identify chemical elements it may have come into contact with during its operation?,hard-on-topic
chemistry,hard-on-topic,How might the chemical composition of an apple change when exposed to different environmental conditions over time?,hard-on-topic
chemistry,hard-on-topic,How might the behavior and lifecycle of a butterfly metaphorically illustrate the dynamic equilibrium in reversible chemical reactions?,hard-on-topic
chemistry,hard-on-topic,"How can a molecular structure be considered a ""butterfly conformation"" in the context of steric hindrance and electronic distribution?",hard-on-topic
chemistry,hard-on-topic,How do the volatile organic compounds in chocolate influence the oxidation states of various flavor compounds during the conching process?,hard-on-topic
chemistry,hard-on-topic,How might the Maillard reaction in a bakery setting influence the chemical perception of flavor in baked goods?,hard-on-topic
chemistry,hard-on-topic,How does the Maillard reaction contribute to the aroma of freshly baked bread in a bakery?,hard-on-topic
chemistry,hard-on-topic,How does the polymorphic behavior of cocoa butter in chocolate influence its melting point and texture?,hard-on-topic
chemistry,hard-on-topic,"How might the quantum emission spectra of a historically significant lantern, originally treated with radium paint for luminescence, provide insights into the photochemistry of radioluminescent materials?",hard-on-topic
chemistry,hard-on-topic,"How might the atmospheric pressure differences between sea level and a mountain peak influence the boiling point of a liquid, and what underlying molecular interactions are affected by this change?",hard-on-topic
chemistry,hard-on-topic,How might the spectral mystery of molecular vibrations contribute to our understanding of chemical bonding nuances?,hard-on-topic
chemistry,hard-on-topic,How might the unique environmental conditions of a deep canyon influence the rate of chemical weathering compared to open landscapes?,hard-on-topic
chemistry,hard-on-topic,How might the chemical composition of lubricants used in the maintenance of a bicycle chain impact its performance and longevity in various environmental conditions?,hard-on-topic
chemistry,hard-on-topic,How might the chemical composition of soil in an apple orchard influence the molecular structure and flavor profile of the apples?,hard-on-topic
chemistry,hard-on-topic,What are the potential chemical reactions and environmental impacts involved in the deterioration of paints used in outdoor murals exposed to acid rain?,hard-on-topic
chemistry,hard-on-topic,How might the principles used in the design of a lighthouse lens be applied to enhance the efficiency of solar concentrators in photovoltaic systems?,hard-on-topic
chemistry,hard-on-topic,How might the molecular costume of a compound change its interaction with other molecules in a chemical reaction?,hard-on-topic
chemistry,hard-on-topic,"How might the concept of a ""hammock"" equilibrium be used metaphorically to describe the stability of certain transition metal complexes in stereochemically crowded environments?",hard-on-topic
chemistry,hard-on-topic,How can the puzzle of molecular chirality in certain chemical reactions impact the synthesis of pharmaceutical compounds?,hard-on-topic
chemistry,hard-on-topic,"How does the concept of a ""horizon effect"" relate to predicting the behavior of chemical reactions over extended time scales?",hard-on-topic
chemistry,hard-on-topic,How could the thermodynamic stability of a molecular structure be metaphorically compared to the balanced state of a hammock suspended between two trees?,hard-on-topic
chemistry,hard-on-topic,How might the chemical composition of leaf litter in a forest influence the synthesis of naturally occurring organic compounds in the soil?,hard-on-topic
chemistry,hard-on-topic,How can the rhythmic patterns and structures found in poetry metaphorically describe the periodic trends observed in the chemical elements?,hard-on-topic
chemistry,hard-on-topic,"How might the concept of electron ""whispering"" be metaphorically used to describe subtle electronic interactions in complex molecular systems?",hard-on-topic
chemistry,hard-on-topic,How might the harmonious patterns and rhythms found in poetry metaphorically compare to the structured but dynamic interactions within a chemical reaction?,hard-on-topic
chemistry,hard-on-topic,What role do the chemical reactions in soil play in the growth of plants in a garden?,hard-on-topic
chemistry,hard-on-topic,How might the chemistry of soil nutrients affect fruit production in an orchard located near an industrial area?,hard-on-topic
chemistry,hard-on-topic,How might the principle of surfactant action in pancake batter relate to molecular interactions in emulsions?,hard-on-topic
chemistry,hard-on-topic,How does the phenomenon of atmospheric sunrise influence the photochemical reactions occurring in urban smog?,hard-on-topic
chemistry,hard-on-topic,"How might the concept of the event horizon inform our understanding of reaction dynamics at the quantum level, particularly in the context of transitional states?",hard-on-topic
chemistry,hard-on-topic,How does the pH level in apple juice affect the oxidative browning of apple slices at the molecular level?,hard-on-topic
chemistry,hard-on-topic,How might the principles of pigment chemical composition influence the drying time of oil-based paints in historical painting conservation?,hard-on-topic
chemistry,hard-on-topic,"What is the elusive mystery behind the unique smell of a freshly opened bottle of chloroform, and how does our understanding of its chemical structure contribute to this phenomenon?",hard-on-topic
chemistry,hard-on-topic,Can the concept of isotopic abundances be considered a puzzle in understanding the variations in elemental distribution across the cosmos?,hard-on-topic
chemistry,hard-on-topic,How might the concept of atomic orbitals be creatively compared to the melody in a piece of music?,hard-on-topic
chemistry,hard-on-topic,How can the novel application of quantum mechanics enhance our understanding of molecular interactions in synthetic chemistry?,hard-on-topic
chemistry,hard-on-topic,How might the molecular structure of varnish contribute to the acoustical properties of a violin?,hard-on-topic
chemistry,hard-on-topic,How might the dynamic interplay between polar and non-polar regions in an 'umbrella' configuration influence the molecular recognition processes in supramolecular chemistry?,hard-on-topic
chemistry,hard-on-topic,How does the scattering of light by atmospheric particles during sunrise influence the photochemical reactions occurring in urban environments?,hard-on-topic
chemistry,hard-on-topic,How might the presence of ozone produced during a thunderstorm influence the oxidation reactions of atmospheric pollutants?,hard-on-topic
chemistry,hard-on-topic,How does the use of a catalytic blanket in nuclear fusion reactors influence the transmutation of elements?,hard-on-topic
chemistry,hard-on-topic,How can the exploration of novel molecular structures in chemistry lead to breakthroughs in understanding complex biochemical processes?,hard-on-topic
chemistry,hard-on-topic,Is it possible for the chemical composition of the ink in a notebook to affect the results of a laboratory experiment if notes are written too close to reactive samples?,hard-on-topic
chemistry,hard-on-topic,"How might the architectural design of a theater influence the distribution of chemical compounds used in stage effects, and what implications could this have on audience exposure?",hard-on-topic
chemistry,hard-on-topic,How can the periodic rhythms observed in chemical reactions poetically reflect the structured stanzas and free verse in poetry?,hard-on-topic
chemistry,hard-on-topic,"How might the resonance frequencies of a violin's body influence its auditory experience if the strings were replaced with hypothetical filaments composed of single-walled carbon nanotubes, considering the principles of molecular vibrations and bonding?",hard-on-topic
chemistry,hard-on-topic,How does the concept of a melody relate to the molecular vibrations in spectroscopy?,hard-on-topic
chemistry,hard-on-topic,How does the natural oxidation process of a sliced apple relate to the principles of redox reactions in chemistry?,hard-on-topic
chemistry,hard-on-topic,"How does the molecular geometry of nitrous oxide contribute to its psychoactive effects, and why does this often result in uncontrollable laughter during its inhalation?",hard-on-topic
chemistry,hard-on-topic,How does the presence of a chemical blanket influence the thermodynamic equilibrium of a multi-phase system?,hard-on-topic
chemistry,hard-on-topic,How might the discovery of a novel element challenge our current understanding of periodic trends in chemistry?,hard-on-topic
chemistry,hard-on-topic,How can the browning of an apple be explained through the principles of oxidation and enzyme activity in chemistry?,hard-on-topic
chemistry,hard-on-topic,How might the atomic structure of a material influence its potential use in creating a temperature-sensitive costume for a chemistry-themed event?,hard-on-topic
chemistry,hard-on-topic,"What role does the concept of ""chemical mystery"" play in understanding the unpredictable nature of reaction mechanisms in complex systems?",hard-on-topic
chemistry,hard-on-topic,What role does ion exchange play in the unique mineral composition found within the Grand Canyon's rock layers?,hard-on-topic
chemistry,hard-on-topic,How might the unique biochemical composition of a cactus influence its ability to perform photosynthesis under arid conditions?,hard-on-topic
chemistry,hard-on-topic,How might the unique geological characteristics of a canyon influence the local microclimate and subsequently affect chemical weathering processes in the region?,hard-on-topic
chemistry,hard-on-topic,How does the depiction of molecular interactions in a mural influence public perceptions of chemical processes?,hard-on-topic
chemistry,hard-on-topic,How might the conceptual design of a molecule inspired by a traditional costume influence its potential effectiveness in catalyzing a chemical reaction?,hard-on-topic
chemistry,hard-on-topic,How does the molecular structure of nitrous oxide contribute to its ability to both induce laughter and interact with chemical reactions in the brain?,hard-on-topic
chemistry,hard-on-topic,How might the journey of a single water molecule through the hydrological cycle provide insights into the dynamic equilibrium principles in chemical reactions?,hard-on-topic
chemistry,hard-on-topic,How does the emission spectrum of a flame change when a lantern is used to burn different metal salts?,hard-on-topic
chemistry,hard-on-topic,How might the dispersion of light creating a rainbow analogously represent the separation of different wavelengths during a chemical spectroscopy experiment?,hard-on-topic
chemistry,hard-on-topic,How does the unique water storage capability of a cactus influence the isotopic composition of hydrogen in its tissues compared to non-succulent plants?,hard-on-topic
chemistry,hard-on-topic,How do the chemical interactions between ocean water and dissolved gases influence the global carbon cycle?,hard-on-topic
chemistry,hard-on-topic,How might the minerals found in mountain rocks influence the chemical composition of local river water?,hard-on-topic
chemistry,hard-on-topic,"How might the process of sugar crystallization in a cupcake batter impact its final texture, and what chemical principles underlie this transformation?",hard-on-topic
chemistry,hard-on-topic,How might the metaphorical journey of an electron in a multi-step synthesis reaction mirror philosophical concepts of transformation and change?,hard-on-topic
chemistry,hard-on-topic,How would the micro-architecture of a molecular 'castle' influence its stability and potential reactivity in complex chemical reactions?,hard-on-topic
chemistry,hard-on-topic,How do the Maillard reaction's chemical principles observed in a bakery's bread-making process elucidate non-traditional catalysts in organic synthesis?,hard-on-topic
chemistry,hard-on-topic,"How might the Maillard reaction, commonly observed in bakery processes, parallel fundamental oxidation-reduction mechanisms studied in advanced chemistry?",hard-on-topic
chemistry,hard-on-topic,How might the Maillard reaction affect both the flavor profile of a vanilla cupcake and the chemical structure of its ingredients during baking?,hard-on-topic
chemistry,hard-on-topic,How might the interplay of vibrant colors in a mural metaphorically relate to the complex interactions of elements and compounds during a chemical reaction?,hard-on-topic
chemistry,hard-on-topic,How might the introduction of novel catalysts in chemical reactions influence the development of sustainable industrial processes?,hard-on-topic
chemistry,hard-on-topic,"How might the molecular configuration of certain compounds be imagined as resembling a hammock, and what significance does this have in their chemical behavior or stability?",hard-on-topic
chemistry,hard-on-topic,What chemical processes are hypothesized to occur in the interstellar medium of a galaxy that could lead to the formation of complex organic molecules?,hard-on-topic
chemistry,hard-on-topic,How might the Maillard reaction in a bakery setting influence the development of flavor profiles in baked goods?,hard-on-topic
chemistry,hard-on-topic,How might the visualization of electron flow in a quantum waterfall model contribute to our understanding of solvent dynamics in complex chemical reactions?,hard-on-topic
chemistry,hard-on-topic,How might the molecular structure of synthetic fibers influence the design of a fire-resistant costume for use in a laboratory environment?,hard-on-topic
chemistry,hard-on-topic,How might the chemical interactions in a waterfall ecosystem influence the rate of mineral dissolution and deposition of substances within the flowing water?,hard-on-topic
chemistry,hard-on-topic,"How might the Maillard reaction, a chemical process significant in cooking, affect the aroma and flavor profile of products in a bakery?",hard-on-topic
chemistry,hard-on-topic,How might the erosion of a canyon impact the local mineral composition and therefore alter the potential for chemical weathering processes in the region?,hard-on-topic
chemistry,hard-on-topic,How might the pigments used in ancient murals reveal insights into historical advancements in organic chemistry?,hard-on-topic
chemistry,hard-on-topic,How does the chemical composition of different pigments influence the color stability and decay in historic oil paintings when exposed to environmental factors?,hard-on-topic
chemistry,hard-on-topic,"How might the concept of a ""lighthouse"" metaphorically illustrate the function of a specific type of molecular structure in a chemical reaction, guiding reactants towards a desired product?",hard-on-topic
chemistry,hard-on-topic,How might the use of a digital notebook impact the way chemists document and share their experimental procedures in the context of open science?,hard-on-topic
chemistry,hard-on-topic,How might molecular interactions and chemical bonding principles influence the design and effectiveness of materials used in theatrical costume construction?,hard-on-topic
chemistry,hard-on-topic,How does the release of neurotransmitters during laughter relate to the chemical structure of endorphins?,hard-on-topic
chemistry,hard-on-topic,How does the concept of hybridization in organic molecules relate to the structural design of a bicycle frame?,hard-on-topic
chemistry,hard-on-topic,"What alchemical process, often considered the treasure of ancient chemists, involves the mythical transformation of base metals into noble ones like gold?",hard-on-topic
chemistry,hard-on-topic,What are the potential chemical reactions and materials involved in the creation of a glow-in-the-dark costume effect?,hard-on-topic
chemistry,hard-on-topic,How does the concept of molecular flexibility in polymer chains metaphorically relate to the relaxation and tension experienced in a hammock?,hard-on-topic
chemistry,hard-on-topic,"How might the molecular structure of certain polymers mimic the tension and flexibility observed in a hammock, potentially influencing their applications in synthetic materials?",hard-on-topic
chemistry,hard-on-topic,What concepts in frontier chemistry expand our understanding of molecular interactions when viewed through the metaphorical horizon of quantum mechanics?,hard-on-topic
chemistry,hard-on-topic,How does the mystery of chirality in molecules influence the behavior and effectiveness of certain pharmaceuticals?,hard-on-topic
chemistry,hard-on-topic,How does the swing of electron density in resonance structures influence the stability of a molecular compound?,hard-on-topic
chemistry,hard-on-topic,How might the resonance of sound waves from a guitar string provide insight into molecular vibrations in organic compounds?,hard-on-topic
chemistry,hard-on-topic,How might volatile organic compounds produced during fermentation in a bakery influence the local atmospheric chemistry?,hard-on-topic
chemistry,hard-on-topic,How does the concept of electron excitation relate to the vibrant colors observed in a fireworks festival?,hard-on-topic
chemistry,hard-on-topic,How does the salinity of ocean water affect the rate of chemical reactions between dissolved ions?,hard-on-topic
chemistry,hard-on-topic,How might understanding the chemical process of laughing gas synthesis provide insight into the relationship between laughter and molecular reactions?,hard-on-topic
chemistry,hard-on-topic,How does the chemical composition of chocolate influence its melting point and texture?,hard-on-topic
chemistry,hard-on-topic,How does the electron swing between different energy levels affect the emission spectrum of an atom?,hard-on-topic
chemistry,hard-on-topic,How do the principles of entropy and disorder in thermodynamics metaphorically relate to the interactions and social dynamics observed on a playground?,hard-on-topic
chemistry,hard-on-topic,How does the electron swing between different energy levels during a quantum transition?,hard-on-topic
chemistry,hard-on-topic,How might the rhythmic patterns in poetry metaphorically enhance our understanding of periodic trends in the periodic table?,hard-on-topic
chemistry,hard-on-topic,"How might the Maillard reaction, when applied to a cupcake's baking process, influence the final flavor profile and texture at a molecular level?",hard-on-topic
chemistry,hard-on-topic,How might the soil pH in a traditional English garden influence the decomposition rate of organic mulch and its subsequent impact on nutrient availability for plant chemistry?,hard-on-topic
chemistry,hard-on-topic,"How does the structure and bonding of nitrous oxide influence its properties and applications, and why is it often associated with uncontrollable laughter?",hard-on-topic
chemistry,hard-on-topic,How might the chemical composition of soil influence the growth of flowers in a garden treated with different fertilizers?,hard-on-topic
chemistry,hard-on-topic,How might the principles of organic chemistry be applied to engineer novel synthetic pathways for the development of new pharmaceutical compounds?,hard-on-topic
chemistry,hard-on-topic,How can the molecular structure and chemical properties of fabrics influence the effectiveness and sustainability of chemically treated costumes used in theatrical productions?,hard-on-topic
chemistry,hard-on-topic,How might the concept of a molecular playground be used to simulate the interactions and behaviors of chemical compounds in a dynamic system?,hard-on-topic
chemistry,hard-on-topic,How might the observations recorded in a chemist's notebook influence the interdisciplinary development of novel materials outside traditional chemical engineering domains?,hard-on-topic
chemistry,hard-on-topic,How might the unique structural adaptations of a cactus influence the efficacy of novel chemical pathways in synthesizing drought-resistant bioactive compounds?,hard-on-topic
chemistry,hard-on-topic,How do the concepts of molecular geometry and electron configuration influence the design of novel chemical sensors?,hard-on-topic
chemistry,hard-on-topic,How can the pH changes in the ocean impact the chemical processes of marine organisms' calcium carbonate shell formation?,hard-on-topic
chemistry,hard-on-topic,"What chemical reactions occur when chocolate undergoes tempering, and how do these reactions influence its crystalline structure?",hard-on-topic
chemistry,hard-on-topic,How might the Maillard reaction contribute to the golden-brown color of a pancake when considering the complex interplay of amino acids and reducing sugars at a molecular level?,hard-on-topic
chemistry,hard-on-topic,How might the chemical composition of paint influence the longevity and preservation of a mural exposed to varying environmental conditions?,hard-on-topic
chemistry,hard-on-topic,How does the vibration of guitar strings metaphorically relate to molecular vibrations in chemical bonds?,hard-on-topic
chemistry,hard-on-topic,How can the concept of a waterfall be metaphorically used to explain the energy cascade in a chemical reaction?,hard-on-topic
chemistry,hard-on-topic,How might the acoustics of a theater be influenced by the chemical composition of its building materials?,hard-on-topic
chemistry,hard-on-topic,How might the chemical composition of soil influence the productivity of an apple orchard?,hard-on-topic
chemistry,hard-on-topic,How might the chemical composition of volatile organic compounds emitted by a forest influence the atmospheric chemistry and cloud formation above it?,hard-on-topic
chemistry,hard-on-topic,How might the process of crystallization influence the texture of a cupcake at a molecular level?,hard-on-topic
chemistry,hard-on-topic,"How does the unique biochemical composition of cacti influence their ability to withstand desert conditions, and what compounds are responsible for these adaptations?",hard-on-topic
chemistry,hard-on-topic,How might the notes scribbled in an alchemist's notebook contribute to modern understanding of chemical processes despite their esoteric symbolism?,hard-on-topic
chemistry,hard-on-topic,How might the concept of entropy be creatively explained using the dynamic interactions observed on a playground?,hard-on-topic
chemistry,hard-on-topic,What is the mystery behind the sudden color change observed in certain chemical reactions that do not appear to follow known pathways?,hard-on-topic
chemistry,hard-on-topic,How might the dispersion of light leading to a rainbow analogy help in understanding the separation of chemical compounds in chromatography?,hard-on-topic
chemistry,hard-on-topic,How might the molecular properties of bioluminescent compounds inspire the development of a synthetic material that mimics the guiding function of a lighthouse beacon?,hard-on-topic
chemistry,hard-on-topic,How can the acoustics of a theater influence the rate of air oxidation reactions within the confined environment?,hard-on-topic
chemistry,hard-on-topic,How does the foraging behavior of a squirrel relate metaphorically to the electron distribution in a covalent bond?,hard-on-topic
chemistry,hard-on-topic,How might the materials used in the construction of a guitar affect its sound resonance in terms of chemical composition and molecular structure?,hard-on-topic
chemistry,hard-on-topic,How can the acoustics of a theater be influenced by the chemical composition of the materials used in its construction?,hard-on-topic
chemistry,hard-on-topic,How does the presence of various dissolved ions in ocean water influence the equilibrium dynamics between carbonate and bicarbonate ion species?,hard-on-topic
chemistry,hard-on-topic,How might the chemical reactions responsible for the brilliant colors in festival fireworks be altered by changes in atmospheric conditions?,hard-on-topic
chemistry,hard-on-topic,How might a novel approach to catalysis revolutionize the green synthesis of pharmaceutical compounds?,hard-on-topic
chemistry,hard-on-topic,"How might the lattice energy of an ionic crystal behave differently under an external magnetic field, and could this phenomenon present a new puzzle in solid-state chemistry?",hard-on-topic
chemistry,hard-on-topic,"What is the chemical reason behind the joyous reaction of laughter when inhaling nitrous oxide, commonly known as 'laughing gas'?",hard-on-topic
chemistry,hard-on-topic,How are the principles of kinetic molecular theory metaphorically similar to children interacting on a playground?,hard-on-topic
chemistry,hard-on-topic,How do the chemical compositions of galaxies influence the formation and distribution of molecular clouds?,hard-on-topic
chemistry,hard-on-topic,How does the mystery of chemical chirality influence the behavior of molecules in asymmetric synthesis?,hard-on-topic
chemistry,hard-on-topic,"How might the chemical reactions within Earth's atmosphere, occurring at sunrise, influence the formation of different atmospheric compounds?",hard-on-topic
chemistry,hard-on-topic,How would you theoretically use the behavior of a squirrel gathering acorns to model the chemical kinetics of molecule aggregation at varying temperatures?,hard-on-topic
chemistry,hard-on-topic,How can the concept of a chemical reaction energy profile be metaphorically explained using the visual and physical characteristics of a waterfall?,hard-on-topic
chemistry,hard-on-topic,How might the complex chemical interactions within a distant galaxy influence our understanding of astrochemistry and the potential for life-supporting elements beyond our Milky Way?,hard-on-topic
chemistry,hard-on-topic,"How might the synthesis of pigments for traditional festival decorations involve principles of organic chemistry, and what role do these principles play in the cultural aspects of the festival?",hard-on-topic
chemistry,hard-on-topic,How might the synthesis of lantern-shaped molecular structures influence the development of novel luminescent materials in the field of supramolecular chemistry?,hard-on-topic
chemistry,hard-on-topic,How might the principles behind chemical reactions be creatively applied in designing eco-friendly fireworks for a sustainable festival celebration?,hard-on-topic
chemistry,hard-on-topic,How might the concept of an 'umbrella' relate metaphorically to the electron cloud model in terms of shielding and predictability in quantum chemistry?,hard-on-topic
chemistry,hard-on-topic,"How can the structure of a molecule be influenced by the concept of a ""butterfly"" conformer, and what implications does this have for its chemical reactivity and properties?",hard-on-topic
chemistry,hard-on-topic,"How does the molecular structure of nitrous oxide contribute to its ability to induce laughter, and what unexpected chemical reactions might occur in its presence?",hard-on-topic
chemistry,hard-on-topic,How might the chemical composition of paint influence the preservation of a mural exposed to varying environmental conditions over time?,hard-on-topic
chemistry,hard-on-topic,What chemical processes are involved in creating a luminescent effect in a Halloween costume?,hard-on-topic
chemistry,hard-on-topic,How might the structural design of a bicycle influence the rusting process of its metallic components on a chemical level?,hard-on-topic
chemistry,hard-on-topic,How might the concept of chemical equilibrium be metaphorically explained through the seasonal cycles of an orchard?,hard-on-topic
chemistry,hard-on-topic,How does the Maillard reaction influence the complexity of flavor in chocolate during the roasting process?,hard-on-topic
chemistry,hard-on-topic,How might the concept of melody in music metaphorically relate to the way molecules interact in a complex chemical reaction?,hard-on-topic
chemistry,hard-on-topic,How might researching the chemical weathering of an outdoor mural provide insights into the effects of environmental pollutants on artistic heritage?,hard-on-topic
chemistry,hard-on-topic,How do the chemical compositions of distant galaxies inform our understanding of stellar nucleosynthesis?,hard-on-topic
chemistry,hard-on-topic,How might the process of oxidation be metaphorically represented in a mural depicting the weathering of historical landmarks?,hard-on-topic
chemistry,hard-on-topic,What chemical compounds present in an apple orchard might affect the soil pH and impact the growth of fruit trees?,hard-on-topic
chemistry,hard-on-topic,How does the mystery of chirality influence the development of novel pharmaceutical compounds in asymmetric synthesis?,hard-on-topic
chemistry,hard-on-topic,How might the structural integrity of a historical castle be metaphorically compared to the molecular bonding in a complex chemical compound?,hard-on-topic
chemistry,hard-on-topic,How can the principles of quantum chemistry be applied to design novel catalysts for organic reactions?,hard-on-topic
chemistry,hard-on-topic,How might the varying acidity levels in different apple cultivars affect the rate of copper ion oxidation in an experimental setting?,hard-on-topic
chemistry,hard-on-topic,How does the vibrational frequency of molecular bonds compare to the resonant frequencies of a violin string?,hard-on-topic
chemistry,hard-on-topic,How might the principles of chemical interactions inform the design of a theater's air purification system to ensure the safety and comfort of its patrons?,hard-on-topic
chemistry,hard-on-topic,How do novel synthetic pathways in organic chemistry impact the development of innovative pharmaceutical compounds?,hard-on-topic
chemistry,hard-on-topic,How can the rhythmic structure in poetry metaphorically relate to the periodic nature of chemical reactions?,hard-on-topic
chemistry,hard-on-topic,How can the dynamic equilibrium principles observed in chemical reactions be metaphorically compared to the interactions and behaviors of children on a playground?,hard-on-topic
chemistry,hard-on-topic,How might the concept of entropy in thermodynamics metaphorically relate to children playing in a playground?,hard-on-topic
chemistry,hard-on-topic,How might the poetic nature of molecular interactions influence our understanding of chemical reactions?,hard-on-topic
chemistry,hard-on-topic,How might the concept of chemical bonding be imagined as a mystery that scientists have been attempting to decipher since the advent of modern chemistry?,hard-on-topic
chemistry,hard-on-topic,How would you describe the melody of atomic interactions during a chemical reaction?,hard-on-topic
chemistry,hard-on-topic,How can the rhythmic structure of poetry be metaphorically related to the periodic trends observed in the periodic table of elements?,hard-on-topic
chemistry,hard-on-topic,How could the chemical composition of an elephant's tusks provide insights into the environmental conditions of their habitat?,hard-on-topic
chemistry,hard-on-topic,"How does the concept of electron ""swing"" between different energy levels affect the reactivity of transition metals?",hard-on-topic
chemistry,hard-on-topic,How does the geological formation of a canyon influence the weathering and chemical composition of the rocks found within it?,hard-on-topic
chemistry,hard-on-topic,"How does the molecular structure of the wood used in a guitar influence the acoustic properties, and can we relate this to concepts in polymer chemistry?",hard-on-topic
chemistry,hard-on-topic,How do the variations in light absorption and emission in different elements produce a spectral pattern reminiscent of a rainbow in a diffraction experiment?,hard-on-topic
chemistry,hard-on-topic,How might the unique microclimate of a canyon influence the chemical weathering rates of minerals found in its rock formations?,hard-on-topic
chemistry,hard-on-topic,"How does the Maillard reaction contribute to the browning and flavor development of a cupcake during baking, and what are the chemical components involved in this process?",hard-on-topic
chemistry,hard-on-topic,How might the vibrational frequencies of guitar strings be metaphorically compared to molecular vibrations in a chemistry context?,hard-on-topic
chemistry,hard-on-topic,"How might the color of a notebook cover influence the perception of its content's complexity, particularly in relation to the organization of chemical equations?",hard-on-topic
chemistry,hard-on-topic,How does the ocean's ability to absorb atmospheric carbon dioxide relate to shifts in its pH levels?,hard-on-topic
chemistry,hard-on-topic,How does the chemical composition of a cactus's mucilage contribute to its ability to retain water in arid environments?,hard-on-topic
chemistry,hard-on-topic,"How might the concept of electron ""treasure"" in quantum chemistry challenge our understanding of electron distribution in complex molecules?",hard-on-topic
chemistry,hard-on-topic,"How can the molecular structure of nitrous oxide, commonly known as ""laughing gas,"" influence its ability to induce laughter in humans when inhaled during dental procedures?",hard-on-topic
chemistry,hard-on-topic,How do the chemical compositions of stars within a galaxy influence the overall chemistry of the interstellar medium?,hard-on-topic
chemistry,hard-on-topic,What chemical reactions occur within the stomach of an elephant due to its unique diet and digestive system?,hard-on-topic
chemistry,hard-on-topic,How does the journey of a single electron through a complex protein matrix impact our understanding of reaction kinetics in biochemistry?,hard-on-topic
chemistry,hard-on-topic,How does the principle of fluorescence relate to the functioning of a lighthouse beacon in terms of the energy transitions of electrons?,hard-on-topic
chemistry,hard-on-topic,How do the chemical properties of pigments affect the longevity and preservation of a painting over time?,hard-on-topic
chemistry,hard-on-topic,"What is the symbolic significance of a lighthouse guiding electrons in quantum chemistry, and how does this relate to the concept of wave-particle duality?",hard-on-topic
chemistry,hard-on-topic,"How might the concept of a ""hammock"" influence the design of molecular structures in supramolecular chemistry to optimize stability and flexibility in complex systems?",hard-on-topic
chemistry,hard-on-topic,How can we draw parallels between the rhythmic structure of poetry and the periodic trends observed in the elements on the periodic table?,hard-on-topic
chemistry,hard-on-topic,How does the concept of activation energy metaphorically compare to the formation of a canyon over time?,hard-on-topic
chemistry,hard-on-topic,What are the hypothetical implications of an elephant's unique physiological properties on the thermodynamics of chemical reactions if it were to consume an entirely non-existent substance with atypical molecular structure?,hard-on-topic
chemistry,hard-on-topic,"In discussions of reaction kinetics, how might the concept of an event horizon metaphorically relate to the activation energy barrier in terms of a point of no return for reactant molecules?",hard-on-topic
chemistry,hard-on-topic,How might a novel catalyst influence the rate of a reaction in an unconventional chemical system?,hard-on-topic
chemistry,hard-on-topic,"How does the concept of ""umbrella sampling"" in computational chemistry relate to the physicochemical interactions of molecules under study?",hard-on-topic
chemistry,hard-on-topic,How might the release of helium gas from a balloon into the atmosphere affect chemical equilibrium in nearby reactions?,hard-on-topic
chemistry,hard-on-topic,How might the equilibrium of electron clouds in transition metal complexes metaphorically mirror the stability achieved in a hammock under varying tension?,hard-on-topic
chemistry,hard-on-topic,Can the photochemical reactions observed in glow worms provide insights into the development of synthetic lantern compounds for bioluminescent applications?,hard-on-topic
chemistry,hard-on-topic,How might the concept of an energy landscape in chemical reactions metaphorically relate to the experience of resting in a hammock?,hard-on-topic
chemistry,hard-on-topic,"How might the concept of an 'umbrella' be metaphorically used to describe the protective electron cloud of a molecule in shielding nuclear interactions, particularly within the context of electron density and molecular geometry?",hard-on-topic
chemistry,hard-on-topic,How does the molecular structure of nitrous oxide contribute to its dual role as an anesthetic and a source of laughter in humans?,hard-on-topic
chemistry,hard-on-topic,How might the Maillard reaction during pancake cooking be leveraged to explain complex chemical pathways and transformations in organic chemistry?,hard-on-topic
chemistry,hard-on-topic,"How can the concept of a 'lighthouse' be metaphorically used to explain the role of a catalyst in a chemical reaction, despite the fact that a lighthouse itself does not directly interact with the molecular components involved?",hard-on-topic
chemistry,hard-on-topic,How might the concept of a melody be metaphorically used to describe the sequential electron configurations in chemical elements?,hard-on-topic
chemistry,hard-on-topic,How might the principles of chemical bonding and molecular interaction be poetically expressed through the metaphor of lovers entwined in a dance of energy and electrons?,hard-on-topic
chemistry,hard-on-topic,How does the presence of certain plants in a garden influence the breakdown of various chemical fertilizers in the soil?,hard-on-topic
chemistry,hard-on-topic,How might the concept of a molecular costume relate to the structural mimicry exhibited by biomimetic materials in chemistry?,hard-on-topic
chemistry,hard-on-topic,How does the mystery of cold fusion challenge our understanding of chemical reactions and energy transfer?,hard-on-topic
chemistry,hard-on-topic,"What role does the concept of an ""umbrella effect"" play in the stabilization of transition states during catalytic reactions?",hard-on-topic
chemistry,hard-on-topic,How might the unique chemical composition of a galaxy's interstellar medium influence the formation of complex organic molecules?,hard-on-topic
chemistry,hard-on-topic,How might the chemical composition of soil affect the growth of plants in a garden?,hard-on-topic
chemistry,hard-on-topic,How might the principles of chemical equilibrium be metaphorically related to the dynamic changes observed in the growth and harvest cycles within an apple orchard?,hard-on-topic
chemistry,hard-on-topic,How does the mineral composition of rocks from different mountain ranges affect the pH levels of nearby water sources?,hard-on-topic
chemistry,hard-on-topic,How does the variation in atmospheric pressure affect the buoyancy of a helium-filled balloon when considering the ideal gas law?,hard-on-topic
chemistry,hard-on-topic,How can the application of an insulating blanket influence the thermal stability and phase transition properties in an endothermic reaction setup?,hard-on-topic
chemistry,hard-on-topic,"How does the concept of ""swing"" relate to equilibrium dynamics in a chemical reaction, and what unexpected factors might cause a shift when conditions are altered?",hard-on-topic
chemistry,hard-on-topic,How might the theme of a mural depicting molecular structures from chemistry influence public perception of scientific complexity?,hard-on-topic
chemistry,hard-on-topic,"How might the concept of an ""umbrella"" molecule influence the study of molecular interactions in supramolecular chemistry?",hard-on-topic
chemistry,hard-on-topic,"How do the chemical interactions between ocean water and atmospheric CO2 contribute to ocean acidification, and what are the complex implications for marine life in this context?",hard-on-topic
chemistry,hard-on-topic,How does the chemical composition of the atmosphere affect the perceived colors during sunrise?,hard-on-topic
chemistry,hard-on-topic,"How might the concept of ""costume"" metaphorically relate to the way different functional groups 'dress' a carbon skeleton in organic chemistry, influencing its reactivity and interactions?",hard-on-topic
chemistry,hard-on-topic,"How might the electrical activity in a thunderstorm influence the chemical reactions occurring in the Earth's atmosphere, particularly involving nitrogen compounds?",hard-on-topic
chemistry,hard-on-topic,"How could the concept of a chemical 'rainbow', where each color represents a different emission spectrum of elements, be used to illustrate the process of flame testing in analytical chemistry?",hard-on-topic
chemistry,hard-on-topic,"How might the concept of a potential energy surface ""hammock,"" representing a saddle point in molecular interactions, influence the complexity of predicting reaction pathways in computational chemistry?",hard-on-topic
chemistry,hard-on-topic,How might the unique mineral compositions found in mountain terrains influence the design of new catalysts in industrial chemistry?,hard-on-topic
chemistry,hard-on-topic,"How might the electrical energy generated during a thunderstorm impact the chemical composition of the immediate atmosphere, potentially influencing reactions that contribute to atmospheric chemistry?",hard-on-topic
chemistry,hard-on-topic,"How might the leaching of chemical compounds from decaying vegetation in a forest influence the pH levels of nearby soil and aquatic environments, impacting the forest's overall ecosystem?",hard-on-topic
chemistry,hard-on-topic,How does the chemical composition of pigments in a painting influence its preservation and color stability over time?,hard-on-topic
chemistry,hard-on-topic,How does the folding puzzle of protein structures impact our understanding of chemical bonding and interactions in complex biological systems?,hard-on-topic
chemistry,hard-on-topic,How might the chemical composition and bonding of pigments influence the preservation and color stability of an ancient painting?,hard-on-topic
chemistry,hard-on-topic,How might the unique environmental conditions of a canyon affect the rate of chemical weathering on exposed minerals?,hard-on-topic
chemistry,hard-on-topic,How can the concept of electron cycling in redox reactions be metaphorically related to the mechanics of a bicycle's gear system?,hard-on-topic
chemistry,hard-on-topic,How might the diverse chemical interactions within a forest ecosystem influence the decomposition rates of organic matter?,hard-on-topic
chemistry,hard-on-topic,Can the concept of molecular structure be seen as the hidden treasure that unlocks revolutionary advancements in chemical synthesis and material science?,hard-on-topic
chemistry,hard-on-topic,How might the vibrational frequencies of a guitar string inform our understanding of molecular vibrations in chemistry?,hard-on-topic
chemistry,hard-on-topic,"In what way might the concept of an ""umbrella complex"" metaphorically relate to the behavior of ligand interactions in transition metal chemistry?",hard-on-topic
chemistry,hard-on-topic,"How might the electrical discharge during a thunderstorm influence the chemical composition of the atmosphere, particularly in terms of nitrogen fixation?",hard-on-topic
chemistry,hard-on-topic,How do the biochemical processes in a forest ecosystem affect the local atmospheric chemistry over time?,hard-on-topic
chemistry,hard-on-topic,How might the chemical pigments used in ancient murals provide insights into historical technological advancements and artistic methodologies?,hard-on-topic
chemistry,hard-on-topic,Can the chemical composition of a garden soil influence the color of hydrangea flowers?,hard-on-topic
chemistry,hard-on-topic,"How might the alchemical pursuit of the Philosopher's Stone be metaphorically considered a quest for a chemical ""treasure"" in historical attempts to transmute base metals into gold?",hard-on-topic
chemistry,hard-on-topic,How might the chemical reactions in the Earth's atmosphere during a thunderstorm contribute to the natural synthesis of compounds that can affect air quality?,hard-on-topic
chemistry,hard-on-topic,What is the molecular gastronomy process involved in altering the structural properties of a pancake batter to achieve optimal fluffiness upon cooking?,hard-on-topic
chemistry,hard-on-topic,"How might the concept of a ""melody"" assist in understanding the periodicity and harmony in the arrangement of the periodic table of elements?",hard-on-topic
chemistry,hard-on-topic,How might the chemical properties of various pigments influence the longevity and preservation of a historical painting exposed to different environmental conditions?,hard-on-topic
chemistry,hard-on-topic,How does the color change of the sky at sunrise relate to the scattering of light and its potential effects on atmospheric chemistry?,hard-on-topic
chemistry,hard-on-topic,How does the molecular structure of compounds serve as a puzzle in understanding the thermal stability of crystalline materials?,hard-on-topic
chemistry,hard-on-topic,How does the unique metabolism of a cactus influence its biochemical response to chemical exposure compared to non-succulent plants?,hard-on-topic
chemistry,hard-on-topic,How might the organization of a chemist's notebook influence their experimental outcomes in terms of replicability and data analysis?,hard-on-topic
chemistry,hard-on-topic,How does the chemical composition of pigments affect the longevity and color stability of paintings in different environmental conditions?,hard-on-topic
chemistry,hard-on-topic,How does the biochemical process in an elephant's body influence the unique isotopic signatures found in its tusks?,hard-on-topic
chemistry,hard-on-topic,How might the metabolic breakdown of compounds in a squirrel's diet influence their biochemistry in a way that parallels certain human physiological responses?,hard-on-topic
chemistry,hard-on-topic,"How does the term ""blanket"" relate to the mechanisms of action in catalytic converters in reducing vehicle emissions?",hard-on-topic
chemistry,hard-on-topic,"How could the principles of photonics, as employed in the design of a lighthouse lens, inspire novel methods for manipulating chemical reactions through controlled light absorption and emission?",hard-on-topic
chemistry,hard-on-topic,How do the chemical reactions in the Earth's atmosphere at sunrise impact the degradation of pollutants?,hard-on-topic
chemistry,hard-on-topic,How does the electron spin resonance spectrometer measure the swing of electron spins in a magnetic field during a chemical reaction?,hard-on-topic
chemistry,hard-on-topic,"How does the concept of ""novel"" quantum materials challenge traditional methods of chemical synthesis and characterization?",hard-on-topic
chemistry,hard-on-topic,How might the luminous properties of a chemical reaction in a traditional lantern be optimized through the manipulation of reaction kinetics?,hard-on-topic
chemistry,hard-on-topic,How might the folding conformation of certain supramolecular structures be influenced by the umbrella effect in chemical reactions?,hard-on-topic
chemistry,hard-on-topic,How does the mineral composition of mountain soil influence the chemical processes involved in mountain weathering and erosion?,hard-on-topic
chemistry,hard-on-topic,How does the concept of a melody in music metaphorically relate to the periodic trends observed in the elements of the periodic table?,hard-on-topic
chemistry,hard-on-topic,How might the structural design of historical castles metaphorically relate to the molecular architecture of complex chemical compounds?,hard-on-topic
chemistry,hard-on-topic,"Could the rare elements in asteroids, often referred to as cosmic treasure, provide breakthroughs in sustainable chemistry if harnessed effectively?",hard-on-topic
chemistry,hard-on-topic,How might the concept of 'melody' be used metaphorically to describe the harmonious arrangement of electron orbitals in a complex molecule?,hard-on-topic
chemistry,hard-on-topic,How might the architectural design of a medieval castle serve as an analogy for understanding the complex structure of a multi-layered chemical compound?,hard-on-topic
chemistry,hard-on-topic,"How might the material properties of a violin's strings influence the sound produced, considering the molecular structure and chemical composition of the strings?",hard-on-topic
chemistry,hard-on-topic,How might the principles of Fresnel lens design used in lighthouses be applied to improve the efficiency of photon absorption in photovoltaic chemical reactions?,hard-on-topic
chemistry,hard-on-topic,How might the intricate design and defense strategies of a medieval castle metaphorically represent the structural hierarchy and protective mechanisms of a complex chemical compound?,hard-on-topic
chemistry,hard-on-topic,How does the unique ionic composition of ocean water influence the solubility and behavior of gases such as carbon dioxide and methane?,hard-on-topic
chemistry,hard-on-topic,How might the periodic table of elements inspire the design of a sustainably manufactured paper notebook?,hard-on-topic
chemistry,hard-off-topic,What are the potential benefits of utilizing the ionic structure of ancient architecture in modern sustainable building designs?,hard-off-topic
chemistry,hard-off-topic,How might the concept of molarity influence the way we perceive concentration and focus in cognitive psychology?,hard-off-topic
chemistry,hard-off-topic,How might chelation therapy influence alternative medical approaches to treating certain neurological conditions?,hard-off-topic
chemistry,hard-off-topic,How does the concept of entropy relate to the unpredictability of human decision-making in behavioral economics?,hard-off-topic
chemistry,hard-off-topic,How might the principles of electrolysis be applied to innovative technologies in sustainable energy production?,hard-off-topic
chemistry,hard-off-topic,In what ways can the concept of an isomer be metaphorically applied to explore different perspectives in literature and storytelling?,hard-off-topic
chemistry,hard-off-topic,How do cultural traditions and rituals contribute to social bonding within a community?,hard-off-topic
chemistry,hard-off-topic,How has the use of spectroscopy advanced our understanding of astronomical phenomena beyond the visible spectrum?,hard-off-topic
chemistry,hard-off-topic,How can the principles of supply and demand help achieve an equilibrium in the labor market?,hard-off-topic
chemistry,hard-off-topic,How might the concept of chelation metaphorically apply to therapeutic practices that aim to remove emotional toxins from a person's life?,hard-off-topic
chemistry,hard-off-topic,How does the concept of molarity metaphorically apply to the concentration of ideas in a brainstorming session?,hard-off-topic
chemistry,hard-off-topic,How might the concept of alkalinity metaphorically apply to maintaining balance in one's personal development and mental resilience?,hard-off-topic
chemistry,hard-off-topic,"In financial terms, how does a business remain solvent, and what strategies can it employ to maintain its solvency during economic downturns?",hard-off-topic
chemistry,hard-off-topic,What is the significance of intuition in decision-making processes?,hard-off-topic
chemistry,hard-off-topic,"How might the concept of an ""isotope"" serve as a metaphor in exploring the diverse yet unified cultural identity of a multi-ethnic nation?",hard-off-topic
chemistry,hard-off-topic,How can athletes best hydrate to ensure optimal performance during endurance events?,hard-off-topic
chemistry,hard-off-topic,How might the concept of pH metaphorically apply to balancing emotional wellness in one's personal life?,hard-off-topic
chemistry,hard-off-topic,How does the concept of a social molecule help in understanding group behaviors within urban environments?,hard-off-topic
chemistry,hard-off-topic,How does the reduction of income inequality impact overall economic growth in a developing country?,hard-off-topic
chemistry,hard-off-topic,How do moles contribute to the ecosystem balance in a garden environment?,hard-off-topic
chemistry,hard-off-topic,"As a psychologist, how would you advise someone to hydrate their emotional well-being during periods of high stress?",hard-off-topic
chemistry,hard-off-topic,How does the term 'cation' relate to emotional expression in songwriting?,hard-off-topic
chemistry,hard-off-topic,How does the architectural design of a compound influence its functionality in terms of security and privacy?,hard-off-topic
chemistry,hard-off-topic,How does the narrative of a story impact the intellectual 'pH' or balance of perspectives among the audience?,hard-off-topic
chemistry,hard-off-topic,How might the concept of an isomer be applied in understanding different interpretations of a single piece of literature?,hard-off-topic
chemistry,hard-off-topic,What are the social and political implications of adopting radical changes in governmental policies to address economic inequality?,hard-off-topic
chemistry,hard-off-topic,"In what ways might the cultural significance of the proton symbol differ across various scientific disciplines, such as physics and astronomy?",hard-off-topic
chemistry,hard-off-topic,How might the concept of chelation metaphorically apply to strengthening relationships in a diverse team setting?,hard-off-topic
chemistry,hard-off-topic,How does the concept of a solute metaphorically apply to the way ideas spread and integrate within a diverse community?,hard-off-topic
chemistry,hard-off-topic,How does the concept of being a solvent entity influence a company’s ability to expand its market presence?,hard-off-topic
chemistry,hard-off-topic,How might the concept of pH be metaphorically applied to assess the balance of elements in a well-written story?,hard-off-topic
chemistry,hard-off-topic,How does a solute metaphorically influence the dynamics within a complex social system?,hard-off-topic
chemistry,hard-off-topic,"How might the concept of an ""isotope"" be metaphorically applied to discuss variations in cultural traditions across different regions?",hard-off-topic
chemistry,hard-off-topic,How does the concept of a colloid help us understand the interdisciplinary nature of boundary phenomena in social systems?,hard-off-topic
chemistry,hard-off-topic,How does the process of crystallization metaphorically apply to the development and refinement of ideas in creative writing?,hard-off-topic
chemistry,hard-off-topic,How has spectroscopy contributed to advancements in the field of astronomy?,hard-off-topic
chemistry,hard-off-topic,How does the behavior of a neutron influence the stability of atomic nuclei in astrophysical phenomena such as neutron stars?,hard-off-topic
chemistry,hard-off-topic,How could the concept of chromatography be metaphorically applied to describe the diversity and separation of cultural influences in a modern city?,hard-off-topic
chemistry,hard-off-topic,How can radical changes in societal norms influence cultural identity over time?,hard-off-topic
chemistry,hard-off-topic,How can spectroscopy be utilized in the field of archaeology to better understand ancient artifacts?,hard-off-topic
chemistry,hard-off-topic,How might the concept of covalent relationships inform our understanding of human connections and societal bonds?,hard-off-topic
chemistry,hard-off-topic,How does the valence of facial expressions affect the interpretation of emotions in social interactions?,hard-off-topic
chemistry,hard-off-topic,How can the concept of distillation be applied to enhance the storytelling process in literature?,hard-off-topic
chemistry,hard-off-topic,How does the crystallization of societal norms influence individual identity formation in a rapidly changing cultural landscape?,hard-off-topic
chemistry,hard-off-topic,What are some of the cultural or historical significances attributed to metallic elements in ancient civilizations?,hard-off-topic
chemistry,hard-off-topic,How does the concept of bonding influence the development of social connections and friendships in early childhood education?,hard-off-topic
chemistry,hard-off-topic,What impact does ionic technology have on improving air quality in urban environments?,hard-off-topic
chemistry,hard-off-topic,How can the concept of titration be metaphorically applied to the process of adjusting a marketing strategy to achieve optimal consumer engagement?,hard-off-topic
chemistry,hard-off-topic,What factors can influence the speed and intensity of a person's emotional reaction to unexpected news?,hard-off-topic
chemistry,hard-off-topic,How can the process of distillation be used as a metaphor for refining and clarifying one’s thoughts in philosophical discourse?,hard-off-topic
chemistry,hard-off-topic,How can the principles of titration be metaphorically applied to achieving balance in decision-making within organizational leadership?,hard-off-topic
chemistry,hard-off-topic,How might the concept of covalent relationships serve as a metaphor for strong connections in human interactions?,hard-off-topic
chemistry,hard-off-topic,How can chelation contribute to alternative health therapies for detoxifying the body from heavy metals?,hard-off-topic
chemistry,hard-off-topic,How can the perceived acidity in a singer's voice affect the emotional impact of a musical performance?,hard-off-topic
chemistry,hard-off-topic,How might the ionic quality of certain language forms influence communication in digital media?,hard-off-topic
chemistry,hard-off-topic,What role does the term 'cation' play in historical linguistics when analyzing the evolution of language families?,hard-off-topic
chemistry,hard-off-topic,How has spectroscopy advanced our understanding of astronomical phenomena beyond our solar system?,hard-off-topic
chemistry,hard-off-topic,What are some effective strategies for managing moles on a golf course to maintain the quality of the greens?,hard-off-topic
chemistry,hard-off-topic,How does the periodic migration of monarch butterflies influence the ecosystems they inhabit?,hard-off-topic
chemistry,hard-off-topic,How might the cultural significance of anion motifs in traditional textiles influence modern design trends?,hard-off-topic
chemistry,hard-off-topic,How might the concept of a proton be metaphorically applied to understanding the balance of forces in a well-functioning team?,hard-off-topic
chemistry,hard-off-topic,How can the concept of entropy be applied to the analysis of information flow within complex systems such as social networks?,hard-off-topic
chemistry,hard-off-topic,How does the concept of a colloid apply metaphorically to the dynamics of a rapidly changing society?,hard-off-topic
chemistry,hard-off-topic,How does the expansion of urban areas impact regional transportation?,hard-off-topic
chemistry,hard-off-topic,How might the concept of electrolysis metaphorically apply to the process of personal transformation and growth?,hard-off-topic
chemistry,hard-off-topic,In what ways can the concept of a 'solute' be metaphorically applied to describe the dynamics within a tightly-knit community where new members are gradually integrated?,hard-off-topic
chemistry,hard-off-topic,How can the concept of enthalpy be metaphorically applied to describe the energy dynamics in a complex social system?,hard-off-topic
chemistry,hard-off-topic,What lessons can be drawn from the distillation of historical events when planning future societal developments?,hard-off-topic
chemistry,hard-off-topic,How might the concept of an anion metaphorically apply to understanding the dynamics of negative energy within a group setting or team collaboration?,hard-off-topic
chemistry,hard-off-topic,How can the concept of distillation be applied to the process of refining one's thoughts and ideas in creative writing?,hard-off-topic
chemistry,hard-off-topic,How has spectroscopy been utilized in the field of archaeology to uncover information about ancient artifacts?,hard-off-topic
chemistry,hard-off-topic,In what ways does the concept of an anion metaphorically relate to negative influences in societal interactions?,hard-off-topic
chemistry,hard-off-topic,How might the principles of electrolysis apply to innovative techniques in renewable energy storage systems?,hard-off-topic
chemistry,hard-off-topic,How might the concept of electrolysis be metaphorically applied to the process of personal transformation and self-improvement?,hard-off-topic
chemistry,hard-off-topic,"In the world of literary symbolism, could you explore how the concept of a 'ligand' might be metaphorically applied to the bond between characters in a narrative?",hard-off-topic
chemistry,hard-off-topic,How can an organization ensure it remains solvent in the face of unexpected financial crises?,hard-off-topic
chemistry,hard-off-topic,How can the concept of titration be used metaphorically to describe the process of finding balance in decision-making within complex negotiations?,hard-off-topic
chemistry,hard-off-topic,What role does a solvent play in resolving complex legal disputes?,hard-off-topic
chemistry,hard-off-topic,"How did the technological innovations at Bell Labs, such as the development of the transistor, influence the understanding of computing at a fundamental level, akin to atomic theory's impact on physics?",hard-off-topic
chemistry,hard-off-topic,How can electrolysis serve as a metaphor for the transformative processes in personal development or societal change?,hard-off-topic
chemistry,hard-off-topic,How might the concept of a neutron influence philosophical discussions on the nature of existence and the universe?,hard-off-topic
chemistry,hard-off-topic,How does the element of surprise influence the outcome of strategic decisions in competitive environments?,hard-off-topic
chemistry,hard-off-topic,What are the radical changes in modern urban planning designed to address climate change challenges?,hard-off-topic
chemistry,hard-off-topic,How does the valence of a musical piece influence the listener's emotional response?,hard-off-topic
chemistry,hard-off-topic,How does emotional valence influence decision-making processes in high-stress environments?,hard-off-topic
chemistry,hard-off-topic,How might the pH of a metaphor influence the tone of a poem?,hard-off-topic
chemistry,hard-off-topic,How can urban development strategies contribute to the reduction of social inequality in metropolitan areas?,hard-off-topic
chemistry,hard-off-topic,How can Avogadro's concepts of measurement be metaphorically applied to understanding the vastness of the universe?,hard-off-topic
chemistry,hard-off-topic,"In the context of ancient philosophical texts, how might the concept of 'oxidation' be metaphorically used to describe the erosion of moral values over time?",hard-off-topic
chemistry,hard-off-topic,How do ecological systems maintain equilibrium amidst external environmental changes?,hard-off-topic
chemistry,hard-off-topic,How can the concept of entropy be applied to understand the evolution of complex systems in human societies?,hard-off-topic
chemistry,hard-off-topic,How can a mentor act as a catalyst in someone's personal development and career growth?,hard-off-topic
chemistry,hard-off-topic,"How does the metaphorical concept of a ""solvent"" play a role in dissolving societal boundaries and fostering a more cohesive community?",hard-off-topic
chemistry,hard-off-topic,How might Avogadro’s constant inspire innovative strategies in data clustering and analysis?,hard-off-topic
chemistry,hard-off-topic,How does the interpretation of pH as a metaphor influence our understanding of balance in holistic health practices?,hard-off-topic
chemistry,hard-off-topic,How might the concept of pH influence the development of sustainable water management strategies in urban environments?,hard-off-topic
chemistry,hard-off-topic,How does the use of metallic elements in architectural design influence the aesthetic and durability of modern structures?,hard-off-topic
chemistry,hard-off-topic,What are some of the factors that contribute to the compound challenges faced by cities implementing sustainable urban development?,hard-off-topic
chemistry,hard-off-topic,How might the concept of a ligand apply metaphorically to the way ideas attach themselves to our belief systems in psychology?,hard-off-topic
chemistry,hard-off-topic,How might the concept of oxidation metaphorically explain the gradual change in a person's character over time?,hard-off-topic
chemistry,hard-off-topic,How can the concept of titration be applied to finding the right balance in managing time between professional commitments and personal life?,hard-off-topic
chemistry,hard-off-topic,How does the principle of thermodynamics influence the efficiency of modern-day financial markets?,hard-off-topic
chemistry,hard-off-topic,How might one apply principles similar to stoichiometry in analyzing the efficiency of resource allocation in project management tasks?,hard-off-topic
chemistry,hard-off-topic,How might the concept of an isotope be metaphorically applied to variations in storytelling across different cultures?,hard-off-topic
chemistry,hard-off-topic,What insights might Avogadro have contributed to our understanding of information theory if he had lived in the digital age?,hard-off-topic
chemistry,hard-off-topic,How can the covalent nature of certain organizational relationships influence team dynamics and collaboration?,hard-off-topic
chemistry,hard-off-topic,How can periodic fluctuations in economic indicators influence long-term investment strategies?,hard-off-topic
chemistry,hard-off-topic,How can athletes best hydrate during endurance events to optimize performance and recovery?,hard-off-topic
chemistry,hard-off-topic,How can the concept of crystallization be used as a metaphor for the development of complex ideas in literature?,hard-off-topic
chemistry,hard-off-topic,How can the concept of enthalpy be applied to understand energy transfer in economic systems?,hard-off-topic
chemistry,hard-off-topic,How might the concept of enthalpy be metaphorically applied to describe the emotional dynamics within a complex human relationship?,hard-off-topic
chemistry,hard-off-topic,What is the most effective solution for addressing homelessness in urban areas?,hard-off-topic
chemistry,hard-off-topic,What is the role of metallic elements in the development of futuristic architectural designs?,hard-off-topic
chemistry,hard-off-topic,How might the word 'anion' be metaphorically used to describe an individual's role in a complex social network?,hard-off-topic
chemistry,hard-off-topic,How has the concept of an electron influenced the development of modern electronics and computing?,hard-off-topic
chemistry,hard-off-topic,How do the compound effects of prolonged stress influence cognitive performance over time?,hard-off-topic
chemistry,hard-off-topic,How might the concept of covalent bonds be metaphorically applied to illustrate the strength and complexity of human relationships in literature?,hard-off-topic
chemistry,hard-off-topic,How can advancements in astronomical spectroscopy impact our understanding of the universe's expansion?,hard-off-topic
chemistry,hard-off-topic,How does the lattice structure in the garden trellis design contribute to the support and growth of climbing plants?,hard-off-topic
chemistry,hard-off-topic,How might the concept of covalent bonding metaphorically apply to the dynamics of interpersonal relationships in a collaborative work environment?,hard-off-topic
chemistry,hard-off-topic,How does the concept of entropy apply to the organization of information in a digital communication system?,hard-off-topic
chemistry,hard-off-topic,How does the process of mental crystallization in moments of clarity influence decision-making and personal growth?,hard-off-topic
chemistry,hard-off-topic,How might Avogadro's contributions influence the way we think about the concept of scale in systems beyond chemistry?,hard-off-topic
chemistry,hard-off-topic,How might the concept of molarity metaphorically describe the concentration of influence within a social network?,hard-off-topic
chemistry,hard-off-topic,How does crystallization in human decision-making processes align with cognitive behavioral theories?,hard-off-topic
chemistry,hard-off-topic,What are the key factors that contribute to the development of a compound in the context of urban architecture?,hard-off-topic
chemistry,hard-off-topic,How does the valence of a musical piece affect its impact on emotional cognition?,hard-off-topic
chemistry,hard-off-topic,How might the concept of alkalinity metaphorically relate to maintaining emotional balance and resilience in high-pressure environments?,hard-off-topic
chemistry,hard-off-topic,What solution can be implemented to enhance the efficiency of remote work while maintaining team collaboration?,hard-off-topic
chemistry,hard-off-topic,How does the concept of equilibrium influence the balance between work and life in achieving personal well-being?,hard-off-topic
chemistry,hard-off-topic,How might the process of electrolysis influence advancements in renewable energy storage systems?,hard-off-topic
chemistry,hard-off-topic,How might Avogadro's approaches to problem-solving in scientific research inspire innovative strategies in modern interdisciplinary collaborations?,hard-off-topic
chemistry,hard-off-topic,How might the concept of a proton in quantum mechanics inspire advancements in quantum computing technologies?,hard-off-topic
chemistry,hard-off-topic,What innovative solution can be implemented to address the lack of accessibility in urban public transportation systems?,hard-off-topic
chemistry,hard-off-topic,How can a catalyst in the form of a major life event lead to personal growth and transformation?,hard-off-topic
chemistry,hard-off-topic,How can the concept of an isomer be metaphorically applied to different interpretations of a literary text?,hard-off-topic
chemistry,hard-off-topic,What are the implications of the increasing integration of artificial intelligence in decision-making processes across various industries?,hard-off-topic
chemistry,hard-off-topic,How can the concept of enthalpy be used metaphorically to describe the energy dynamics and emotional changes within a complex relationship?,hard-off-topic
chemistry,hard-off-topic,How might understanding the behavior of a proton influence advancements in quantum computing technology?,hard-off-topic
chemistry,hard-off-topic,How does the buffer size in data transfer protocols impact network performance and efficiency?,hard-off-topic
chemistry,hard-off-topic,How can implementing a time buffer in project management improve workflow efficiency and reduce stress for team members?,hard-off-topic
chemistry,hard-off-topic,How can the principles of chromatography be applied to the analysis of historical texts and their multi-layered narratives?,hard-off-topic
chemistry,hard-off-topic,How might the use of proton therapy technologies inspire advancements in non-medical fields?,hard-off-topic
chemistry,hard-off-topic,"In the context of international finance, how might a nation's policy adjustment ensure its economy remains solvent during a global downturn?",hard-off-topic
chemistry,hard-off-topic,How might Avogadro's preference for nature walks influence his hypothetical views on environmental conservation?,hard-off-topic
chemistry,hard-off-topic,How can the concept of titration be metaphorically applied to the process of decision-making in complex problem-solving situations?,hard-off-topic
chemistry,hard-off-topic,How can an organization effectively implement a stress reduction program within the workplace to improve employee productivity?,hard-off-topic
chemistry,hard-off-topic,How does the concept of valence in social psychology influence individuals' emotional responses to various stimuli?,hard-off-topic
chemistry,hard-off-topic,How might the concept of a colloid apply metaphorically to the dynamics within a multidisciplinary research team?,hard-off-topic
chemistry,hard-off-topic,How can a person's emotional reaction to unexpected challenges reveal their underlying character traits?,hard-off-topic
chemistry,hard-off-topic,How can the concept of an isotope be used metaphorically to describe variations in cultural traditions across different regions?,hard-off-topic
chemistry,hard-off-topic,How might the concept of enthalpy metaphorically apply to the dynamic exchanges of energy and transformation observed in economic systems?,hard-off-topic
chemistry,hard-off-topic,What is a crucial element to consider when designing a user-friendly interface for a mobile application?,hard-off-topic
chemistry,hard-off-topic,How does the symbolism of a proton influence philosophical interpretations of foundational versus emergent properties in metaphysics?,hard-off-topic
chemistry,hard-off-topic,How does the concept of a colloid apply to the behavior of crowds in a social gathering?,hard-off-topic
chemistry,hard-off-topic,What are some effective strategies for finding a solution to overcoming mental roadblocks in creative writing?,hard-off-topic
chemistry,hard-off-topic,How does the concept of a solute metaphorically apply to the integration of new technologies into existing business cultures?,hard-off-topic
chemistry,hard-off-topic,"How does the concept of an ""atom"" influence discussions in philosophy regarding the nature of existence and identity?",hard-off-topic
chemistry,hard-off-topic,What strategies can be employed to effectively manage a population of garden moles without causing harm to the ecosystem?,hard-off-topic
chemistry,hard-off-topic,What strategies do you recommend for effectively managing moles in a garden or lawn without harming other wildlife?,hard-off-topic
chemistry,hard-off-topic,How does the concept of cation influence modern technology outside the realm of scientific research?,hard-off-topic
chemistry,hard-off-topic,How has the concept of radical change influenced the development of political ideologies throughout history?,hard-off-topic
chemistry,hard-off-topic,How have radical changes in technology affected modern educational practices?,hard-off-topic
chemistry,hard-off-topic,How can the concept of chromatography be metaphorically applied to the process of decision-making in a diverse team setting?,hard-off-topic
chemistry,hard-off-topic,How can a community organizer act as a catalyst for social change in neighborhoods with high economic disparity?,hard-off-topic
chemistry,hard-off-topic,How can a compound structure of a story influence its narrative flow and reader engagement?,hard-off-topic
chemistry,hard-off-topic,How can spectroscopy contribute to understanding the composition and evolution of distant galaxies?,hard-off-topic
chemistry,hard-off-topic,How do radical shifts in public opinion influence the outcome of democratic elections?,hard-off-topic
chemistry,hard-off-topic,What role does the concept of 'ionic harmony' play in avant-garde music composition?,hard-off-topic
chemistry,hard-off-topic,"What role does a solvent play in the formulation of effective cleaning products, beyond its primary function of dissolving stains or residues?",hard-off-topic
chemistry,hard-off-topic,How can a key event in history be seen as a catalyst for widespread social change?,hard-off-topic
chemistry,hard-off-topic,How does the human body physiologically respond when you consistently fail to hydrate properly?,hard-off-topic
chemistry,hard-off-topic,What are some creative ways to describe a protagonist in literature who seems to be a solute in the complex solvent of their societal surroundings?,hard-off-topic
chemistry,hard-off-topic,How might the concept of electrolysis be metaphorically applied to the process of personal transformation and self-improvement?,hard-off-topic
chemistry,hard-off-topic,How does the acidity of soil influence the biodiversity and health of plant life in different ecosystems?,hard-off-topic
chemistry,hard-off-topic,How might the concept of an isomer inspire different approaches to creative storytelling?,hard-off-topic
chemistry,hard-off-topic,What literary techniques are most effective for representing the concept of an anion metaphorically within a narrative framework?,hard-off-topic
chemistry,hard-off-topic,How does acidity in soil influence the types of plants that thrive in certain ecosystems?,hard-off-topic
chemistry,hard-off-topic,How can the solution to a complex mathematical equation impact real-world problem-solving strategies?,hard-off-topic
chemistry,hard-off-topic,How does the valence of an emotion influence decision-making processes in high-stakes environments?,hard-off-topic
chemistry,hard-off-topic,How does the periodic scheduling of maintenance tasks affect the long-term efficiency and reliability of a public transportation system?,hard-off-topic
chemistry,hard-off-topic,How has the application of polymer materials influenced the evolution of modern art installations?,hard-off-topic
chemistry,hard-off-topic,How does the concept of equilibrium influence decision-making processes in game theory?,hard-off-topic
chemistry,hard-off-topic,How has the concept of the electron influenced the development of modern computing technologies?,hard-off-topic
chemistry,hard-off-topic,How might the concept of molarity be metaphorically applied to understanding the concentration of ideas or emotions in a crowded public space?,hard-off-topic
chemistry,hard-off-topic,How might the concept of a solute metaphorically apply to social dynamics within a large organization?,hard-off-topic
chemistry,hard-off-topic,How can the principles of electrolysis be metaphorically applied to personal development and growth?,hard-off-topic
chemistry,hard-off-topic,How can a mentor act as a catalyst for personal and professional growth in an individual's career journey?,hard-off-topic
chemistry,hard-off-topic,How does the architectural design of a lattice structure influence the distribution of weight in a suspension bridge?,hard-off-topic
chemistry,hard-off-topic,How might the concept of a neutron be applied metaphorically to explain the neutrality required in conflict mediation?,hard-off-topic
chemistry,hard-off-topic,How does entropy influence decision-making in complex adaptive systems?,hard-off-topic
chemistry,hard-off-topic,What role does the concept of a solute play in understanding the dynamics of social interactions within a community?,hard-off-topic
chemistry,hard-off-topic,"How could the metaphorical concept of a ""ligand"" be applied to understanding the dynamics of social networks and human relationships?",hard-off-topic
chemistry,hard-off-topic,How does the movement of an electron relate to the development of quantum computing technology?,hard-off-topic
chemistry,hard-off-topic,How can the principles of stoichiometry be applied to optimize resource allocation in a supply chain management system?,hard-off-topic
chemistry,hard-off-topic,How can principles of thermodynamics be applied to optimize energy efficiency in a data center?,hard-off-topic
chemistry,hard-off-topic,How do moles influence the stability and usability of underground structures such as tunnels or basements?,hard-off-topic
chemistry,hard-off-topic,How does the concept of an isomer contribute to diverse interpretations in literary narratives?,hard-off-topic
chemistry,hard-off-topic,How does the concept of acidity influence the narrative structure and character development in literary works?,hard-off-topic
chemistry,hard-off-topic,Which historical figure was Avogadro's contemporary and also contributed to the field of music?,hard-off-topic
chemistry,hard-off-topic,How does spectroscopy contribute to the analysis of celestial bodies in astrophysics?,hard-off-topic
chemistry,hard-off-topic,How might organizations effectively measure the reduction of workplace-related stress among their employees?,hard-off-topic
chemistry,hard-off-topic,How does thermodynamics influence the efficiency of converting mechanical work into electrical energy in modern power generation systems?,hard-off-topic
chemistry,hard-off-topic,How do neutron stars provide insight into the fundamental properties of matter under extreme conditions?,hard-off-topic
chemistry,hard-off-topic,How can strategic cost reduction impact the long-term sustainability of a non-profit organization?,hard-off-topic
chemistry,hard-off-topic,How might Avogadro's life and experiences have influenced his contributions beyond the realm of chemistry?,hard-off-topic
chemistry,hard-off-topic,How do the cultural perceptions of neutron stars differ across various societies?,hard-off-topic
chemistry,hard-off-topic,How do the laws of thermodynamics apply to the efficiency and functioning of a computer's central processing unit?,hard-off-topic
chemistry,hard-off-topic,How might the concept of titration metaphorically apply to the process of balancing work-life commitments in a fast-paced career?,hard-off-topic
chemistry,hard-off-topic,How has the concept of separation in chromatography inspired innovative strategies in team organization and management?,hard-off-topic
chemistry,hard-off-topic,How does thermodynamics influence the design and efficiency of energy systems in sustainable architecture?,hard-off-topic
chemistry,hard-off-topic,How might the principles of stoichiometry be analogously applied to optimize resource allocation in project management?,hard-off-topic
chemistry,hard-off-topic,How can a mentor serve as a catalyst in accelerating one's personal and professional growth?,hard-off-topic
chemistry,hard-off-topic,What role does cation exchange capacity play in soil fertility and plant growth management strategies?,hard-off-topic
chemistry,hard-off-topic,How might the concept of stoichiometry inform the precise allocation of resources in a project management context?,hard-off-topic
chemistry,hard-off-topic,"In a parallel universe where words hold magical power akin to chemical reactions, how would the concept of 'molarity' be applied to determine the potency of a spell when the concentration of intention varies with the caster's experience level?",hard-off-topic
chemistry,hard-off-topic,How can the concept of an isotope be metaphorically applied to the diverse perspectives within a multicultural society?,hard-off-topic
chemistry,hard-off-topic,How can the concept of enthalpy be used to metaphorically describe the emotional changes a person experiences during a significant life transition?,hard-off-topic
chemistry,hard-off-topic,How does the use of lattice structures in architectural design influence the stability and aesthetics of modern buildings?,hard-off-topic
chemistry,hard-off-topic,"What implications does the term 'ionic' have in the context of technology and design, particularly when referring to the user experience in modern digital devices?",hard-off-topic
chemistry,hard-off-topic,How might the concept of stoichiometry be creatively applied in optimizing the allocation of limited resources within a project management scenario to ensure maximum efficiency and minimum waste?,hard-off-topic
chemistry,hard-off-topic,How can the concept of a molecule be used metaphorically to describe complex human relationships in literature?,hard-off-topic
chemistry,hard-off-topic,How does the concept of valence influence emotional responses in decision-making processes?,hard-off-topic
chemistry,hard-off-topic,How can the concept of chelation be metaphorically applied to the process of resolving complex emotional conflicts in therapeutic settings?,hard-off-topic
chemistry,hard-off-topic,"How might the concept of an ""anion"" metaphorically apply to relationships or social dynamics in a community setting?",hard-off-topic
chemistry,hard-off-topic,"How does the concept of equilibrium apply to dynamic systems in economics, particularly in relation to supply and demand balance?",hard-off-topic
chemistry,hard-off-topic,How does the concept of a polymer apply metaphorically to understanding complex systems in organizational behavior?,hard-off-topic
chemistry,hard-off-topic,What role does the element of surprise play in effective storytelling?,hard-off-topic
chemistry,hard-off-topic,What were the radical changes in societal structure during the Enlightenment era?,hard-off-topic
chemistry,hard-off-topic,How do concepts like 'oxidation' influence artistic interpretations in literature and visual arts?,hard-off-topic
chemistry,hard-off-topic,How can the concept of 'covalent' be metaphorically applied in understanding the intricacies of strong interpersonal relationships?,hard-off-topic
chemistry,hard-off-topic,"In the context of exploring innovative energy sources, how might the concept of ""proton exchange"" be applied in developing new technologies for space exploration?",hard-off-topic
chemistry,hard-off-topic,What is the psychological reaction of an individual when faced with unexpected changes in their daily routine?,hard-off-topic
chemistry,hard-off-topic,What strategies can be employed to create a buffer between work and personal life to maintain a healthy work-life balance?,hard-off-topic
chemistry,hard-off-topic,How can the solution to a complex problem in urban planning influence the long-term sustainability of a city?,hard-off-topic
chemistry,hard-off-topic,In what ways could the concept of molarity metaphorically apply to understanding the concentration of ideas within a political movement?,hard-off-topic
chemistry,hard-off-topic,How can the concept of a polymer be metaphorically applied to describe the structure and development of a large organization or community?,hard-off-topic
chemistry,hard-off-topic,How does being a 'solvent individual' influence one's ability to navigate financial challenges?,hard-off-topic
chemistry,hard-off-topic,"How does the concept of a ""molecule"" apply in discussions about the structure of societies or organizations?",hard-off-topic
chemistry,hard-off-topic,What is the societal reaction to the advancement of artificial intelligence technologies?,hard-off-topic
chemistry,hard-off-topic,How did the concept of radical change influence political movements in the 20th century?,hard-off-topic
chemistry,hard-off-topic,How does the acidity of language in a heated debate influence the overall tone and impact of the conversation?,hard-off-topic
chemistry,hard-off-topic,How does entropy relate to the evolution of complex systems in computer algorithms?,hard-off-topic
chemistry,hard-off-topic,How can the principles of chromatography be applied to enhance the process of sorting and cataloging vast collections in libraries or museums?,hard-off-topic
chemistry,hard-off-topic,How does a financial buffer impact risk management strategies in volatile markets?,hard-off-topic
chemistry,hard-off-topic,What role did Avogadro's contributions to molecular theory play in shaping the scientific methodologies used in disciplines outside of chemistry?,hard-off-topic
chemistry,hard-off-topic,How does the concept of equilibrium feature in the analysis of market dynamics within economic systems?,hard-off-topic
chemistry,hard-off-topic,How can the principles of thermodynamics be applied to optimize energy efficiency in architectural design?,hard-off-topic
chemistry,hard-off-topic,How does the concept of electron movement relate to modern electronic circuit design?,hard-off-topic
chemistry,hard-off-topic,How does the process of crystallization influence the formation of habits and routines in human behavior?,hard-off-topic
chemistry,hard-off-topic,How might the concept of electrolysis influence innovations in renewable energy technologies and what are the potential societal impacts?,hard-off-topic
chemistry,hard-off-topic,What innovative solution can be implemented to tackle the rise of cybercrime in digital communication?,hard-off-topic
chemistry,hard-off-topic,What was your initial reaction when you heard the surprising news about the unexpected policy change at work?,hard-off-topic
chemistry,hard-off-topic,How does the concept of chelation relate to the strategies used in building strong community networks?,hard-off-topic
chemistry,hard-off-topic,How does the concept of a lattice structure influence the design and stability of modern architecture?,hard-off-topic
chemistry,hard-off-topic,How might one analyze the public's reaction to a controversial art installation in terms of social and cultural impact?,hard-off-topic
chemistry,hard-off-topic,How does the metallic aesthetic influence modern architectural design?,hard-off-topic
chemistry,hard-off-topic,What innovative solution has been proposed to address the growing challenge of urban food insecurity?,hard-off-topic
chemistry,hard-off-topic,How might chelation therapy influence the debate on alternative medicine practices in healthcare policy?,hard-off-topic
chemistry,hard-off-topic,How can the evolution of communication be influenced by the proliferation of digital technology?,hard-off-topic
chemistry,hard-off-topic,What experiences have you had that could be described as 'ionic' moments in your personal or professional life?,hard-off-topic
chemistry,hard-off-topic,How might the concept of covalent relationships influence the portrayal of interconnected characters in a complex narrative?,hard-off-topic
chemistry,hard-off-topic,How might the role of a solvent in a metaphorical sense apply to conflict resolution within organizational dynamics?,hard-off-topic
chemistry,hard-off-topic,How can the concept of a solvent be metaphorically applied to enhance team dynamics in a corporate environment?,hard-off-topic
chemistry,hard-off-topic,How has the development of new polymer materials influenced modern architecture and design practices?,hard-off-topic
chemistry,hard-off-topic,What strategies do businesses use to maintain a positive cation in the competitive market of customer satisfaction?,hard-off-topic
chemistry,hard-off-topic,How does the theory of electron movements contribute to the understanding of electrical efficiency in modern computing devices?,hard-off-topic
chemistry,hard-off-topic,How does the valence of emotional expressions impact our perception of a performer's authenticity during a theatrical performance?,hard-off-topic
chemistry,hard-off-topic,How can the proposed solution to traffic congestion in urban areas balance efficiency with environmental sustainability?,hard-off-topic
chemistry,hard-off-topic,How can radical changes in political systems lead to both progress and instability within a society?,hard-off-topic
chemistry,hard-off-topic,How can the concept of an isotope be metaphorically used to describe variations in human behavior across different cultures?,hard-off-topic
chemistry,hard-off-topic,How might the concept of 'covalent' be used metaphorically to describe the strength and dynamics of human relationships?,hard-off-topic
chemistry,hard-off-topic,How can the distillation of complex information into key points enhance decision-making in business strategy?,hard-off-topic
chemistry,hard-off-topic,"How might one differentiate between a literary character's metaphorical reference to ""moles"" and their literal use in espionage within the context of a complex narrative?",hard-off-topic
chemistry,hard-off-topic,How can the reduction in public transportation fares impact urban traffic congestion and air quality?,hard-off-topic
chemistry,hard-off-topic,How can the concept of titration be metaphorically applied to achieving balance in one's emotional well-being?,hard-off-topic
chemistry,hard-off-topic,How might the concept of molarity metaphorically apply to understanding the concentration of ideas within a brainstorming session?,hard-off-topic
chemistry,hard-off-topic,How do thermodynamic principles apply to the design and efficiency of renewable energy systems?,hard-off-topic
chemistry,hard-off-topic,What role do neutrons play in the cosmic rays produced by supernovae?,hard-off-topic
chemistry,hard-off-topic,How can the concept of chelation be metaphorically applied to enhancing personal relationships?,hard-off-topic
chemistry,hard-off-topic,How does the behavior of an electron within a quantum computer affect its computational power and error rates?,hard-off-topic
chemistry,hard-off-topic,How might the concept of an anion metaphorically relate to negative influences in a group dynamic?,hard-off-topic
chemistry,hard-off-topic,"How does the concept of a ""memory molecule"" influence theories about how memories are stored and retrieved in the human brain?",hard-off-topic
chemistry,hard-off-topic,How can principles of thermodynamics be applied to improve the efficiency of non-chemical systems such as data centers and computing operations?,hard-off-topic
chemistry,hard-off-topic,How can the metallic quality of a voice influence the perception of a musical performance?,hard-off-topic
chemistry,hard-off-topic,How might the concept of titration be metaphorically used to describe the gradual adjustments in a long-term relationship?,hard-off-topic
chemistry,hard-off-topic,How does periodic unemployment impact economic stability and social well-being in a community?,hard-off-topic
chemistry,hard-off-topic,How does entropy influence decision-making processes in complex adaptive systems?,hard-off-topic
chemistry,hard-off-topic,How do advances in polymer technology impact the development and efficiency of wearable devices in the field of healthcare?,hard-off-topic
chemistry,hard-off-topic,How has radical innovation influenced the evolution of digital technology in the last decade?,hard-off-topic
chemistry,hard-off-topic,"How does the concept of ""cation"" relate to the protagonist's motivation in classic literary narratives?",hard-off-topic
chemistry,hard-off-topic,How do the properties and functions of natural polymers contribute to the structural integrity and resilience of biological organisms?,hard-off-topic
chemistry,hard-off-topic,How does the process of parent-child bonding influence emotional development in early childhood?,hard-off-topic
chemistry,hard-off-topic,How can the concept of a solute be metaphorically applied to understanding the integration of diverse cultural influences in shaping a society?,hard-off-topic
chemistry,hard-off-topic,How can the concept of a solute be metaphorically applied to describe the integration of a new employee into a well-established team?,hard-off-topic
chemistry,hard-off-topic,How can the periodic challenges faced by remote workers be addressed to improve productivity and mental health?,hard-off-topic
chemistry,hard-off-topic,How does the flow of an electron relate to the design and function of advanced computer processors?,hard-off-topic
chemistry,hard-off-topic,How might the concept of a polymer be metaphorically applied to the development of complex narratives in literature?,hard-off-topic
chemistry,hard-off-topic,Can the term 'ionic' be metaphorically applied to describe a potent exchange of emotions in a dramatic scene in literature?,hard-off-topic
chemistry,hard-off-topic,How does the acidity level in a person's diet influence digestive health and food preferences?,hard-off-topic
chemistry,hard-off-topic,How might the concept of an anion be creatively used as a metaphor in literature to describe negative energy or emotions in a character's development?,hard-off-topic
chemistry,hard-off-topic,"In the realm of metaphors and symbolism, how might the concept of an ""anion"" be creatively applied to describe the dynamics of social interactions within a community?",hard-off-topic
chemistry,hard-off-topic,What role do neutrons play in the stability of atomic nuclei in astrobiological environments?,hard-off-topic
chemistry,hard-off-topic,How do professional athletes ensure they stay properly hydrated during intense training sessions?,hard-off-topic
chemistry,hard-off-topic,How might the concept of a ligand be metaphorically applied to understand power dynamics within a team or organization?,hard-off-topic
chemistry,hard-off-topic,How can we develop a sustainable solution to global food insecurity?,hard-off-topic
chemistry,hard-off-topic,How can the concept of titration be applied to balancing emotional responses in conflict resolution?,hard-off-topic
chemistry,hard-off-topic,How does the role of a solvent in financial insolvency differ from its metaphorical use in problem-solving and conflict resolution?,hard-off-topic
chemistry,hard-off-topic,How does the concept of entropy relate to the unpredictability and complexity of evolving social systems?,hard-off-topic
chemistry,hard-off-topic,How might the concept of enthalpy be metaphorically applied to understand the dynamics of emotional relationships during times of significant change?,hard-off-topic
chemistry,hard-off-topic,How can the principles of electrolysis be applied to sustainable energy practices in urban infrastructure?,hard-off-topic
chemistry,hard-off-topic,How does the concept of molarity metaphorically apply to the concentration of influence within social networks?,hard-off-topic
chemistry,hard-off-topic,What impact does social media have on shaping public reaction to global events?,hard-off-topic
chemistry,hard-off-topic,How can a public figure effectively manage a negative social media reaction to maintain their reputation?,hard-off-topic
chemistry,hard-off-topic,How does the process of crystallization influence patterns of decision-making in organizational structures?,hard-off-topic
chemistry,hard-off-topic,How does the concept of equilibrium apply to international trade negotiations and their impact on global economies?,hard-off-topic
chemistry,hard-off-topic,In what ways might the concept of enthalpy be metaphorically applied to describe the dynamic changes within an evolving ecosystem?,hard-off-topic
chemistry,hard-off-topic,How might the concept of chelation inform our understanding of certain therapeutic practices in alternative medicine?,hard-off-topic
chemistry,hard-off-topic,How does the concept of oxidation metaphorically relate to the process of personal growth and transformation in an individual's life journey?,hard-off-topic
chemistry,hard-off-topic,How does the design of a lattice structure enhance the stability and aesthetic appeal of modern architectural projects?,hard-off-topic
chemistry,hard-off-topic,How does the notion of 'cation' metaphorically apply to social dynamics in a competitive work environment?,hard-off-topic
chemistry,hard-off-topic,How does the concept of a lattice structure influence the design of architectural frameworks in modern construction?,hard-off-topic
chemistry,hard-off-topic,How does the design and function of metallic structures influence modern architectural aesthetics?,hard-off-topic
chemistry,hard-off-topic,How might the concept of 'electrolysis' be metaphorically applied to the process of breaking down complex social structures in a rapidly changing society?,hard-off-topic
chemistry,hard-off-topic,How can implementing a four-day workweek contribute to a reduction in employee burnout and enhance overall productivity within a company?,hard-off-topic
chemistry,hard-off-topic,How can spectroscopy contribute to the understanding of ancient texts and manuscripts in the field of archaeology?,hard-off-topic
chemistry,hard-off-topic,How might advancements in neutron imaging technology influence the development of archaeology methodologies?,hard-off-topic
chemistry,hard-off-topic,What strategies do companies employ to solute problems of employee dissatisfaction in remote work settings?,hard-off-topic
chemistry,hard-off-topic,In what creative ways can the concept of an 'anion' be used metaphorically in storytelling to represent the unseen yet crucial aspects of a society or community?,hard-off-topic
chemistry,hard-off-topic,How can spectroscopy be used to identify the age and origin of ancient artifacts in archaeology?,hard-off-topic
chemistry,hard-off-topic,What is the most important element of a successful team dynamic?,hard-off-topic
chemistry,hard-off-topic,What can Avogadro's principles teach us about the interconnectedness of ideas in a collaborative brainstorming session?,hard-off-topic
chemistry,hard-off-topic,How does the reduction of public transportation services impact urban communities' economic growth?,hard-off-topic
chemistry,hard-off-topic,How can the principles of chromatography be applied to improve the sorting efficiency in complex organizational systems?,hard-off-topic
chemistry,hard-off-topic,What was your initial reaction upon receiving unexpected news during your last major life decision?,hard-off-topic
chemistry,hard-off-topic,How can athletes effectively hydrate before participating in endurance sports to ensure optimal performance?,hard-off-topic
chemistry,hard-off-topic,How can the concept of distillation be applied to the process of refining and enhancing clarity in written communication?,hard-off-topic
chemistry,hard-off-topic,How does the concept of a proton relate to the depiction of heroes in science fiction narratives?,hard-off-topic
chemistry,hard-off-topic,How can the idea of a radical shift in societal norms be effectively communicated through literature?,hard-off-topic
chemistry,hard-off-topic,How might the concept of enthalpy be metaphorically applied to understanding the dynamics and energy changes in complex social interactions?,hard-off-topic
chemistry,hard-off-topic,How would a contemporary historical figure named Avogadro impact modern political discourse if their ideas were primarily focused on social reform?,hard-off-topic
chemistry,hard-off-topic,How can the principles of chromatography be metaphorically applied to analyzing the diverse influences in cultural evolution?,hard-off-topic
chemistry,hard-off-topic,How might understanding the pH of a solution metaphorically apply to gauging the balance of acidity and alkalinity in a community's interactions?,hard-off-topic
chemistry,hard-off-topic,How might the concept of molarity be metaphorically applied to understand the concentration of influence a leader has within a social network?,hard-off-topic
chemistry,hard-off-topic,What was your initial reaction to the unexpected news about the new company policy change?,hard-off-topic
chemistry,hard-off-topic,How might the concept of oxidation apply metaphorically to the evolution of societal values over time?,hard-off-topic
chemistry,hard-off-topic,Can the concept of electrolysis be applied metaphorically to describe the process of personal transformation and growth?,hard-off-topic
chemistry,hard-off-topic,How might the concept of alkalinity metaphorically relate to maintaining balance in a high-pressure work environment?,hard-off-topic
chemistry,hard-off-topic,How does the concept of radical acceptance play a role in therapeutic practices for mental health treatment?,hard-off-topic
chemistry,hard-off-topic,How does the concept of acidity influence our understanding of culinary balance and flavor profiles in gourmet cooking?,hard-off-topic
chemistry,hard-off-topic,"In the context of information theory, how does entropy relate to the efficiency and reliability of data compression algorithms?",hard-off-topic
chemistry,hard-off-topic,How does the concept of a colloid influence literary descriptions in character development when depicting complex personalities?,hard-off-topic
chemistry,hard-off-topic,How might we apply the concept of titration to balance different elements of a complex decision-making process in project management?,hard-off-topic
chemistry,hard-off-topic,What are the architectural implications of using a lattice-style facade in modern urban building designs?,hard-off-topic
chemistry,hard-off-topic,How does the concept of a neutron star challenge our understanding of gravitational forces in astrophysics?,hard-off-topic
chemistry,hard-off-topic,How might the concept of enthalpy be metaphorically applied to understand changes in someone's emotional state during a difficult life transition?,hard-off-topic
chemistry,hard-off-topic,How does the characteristic shine of a metallic surface influence interior design choices?,hard-off-topic
chemistry,hard-off-topic,How might the concept of oxidation metaphorically apply to the aging process in humans?,hard-off-topic
chemistry,hard-off-topic,How can the concept of covalent bonds be applied metaphorically to describe the depth of human relationships?,hard-off-topic
chemistry,hard-off-topic,How can the concept of titration be metaphorically applied to achieving a balanced work-life integration?,hard-off-topic
chemistry,hard-off-topic,How does the emotional valence of music influence an individual's stress levels and cognitive performance?,hard-off-topic
chemistry,hard-off-topic,What element of a successful story is most critical in capturing the reader's attention from the first chapter?,hard-off-topic
chemistry,hard-off-topic,How can the concept of titration be metaphorically applied to understanding the gradual adjustment and balance in personal relationships?,hard-off-topic
chemistry,hard-off-topic,"How does the concept of a ""cultural molecule"" help us understand the interconnectedness of societal values and practices?",hard-off-topic
chemistry,hard-off-topic,How might the concept of a covalent bond be metaphorically applied to describe the strength of a close-knit community?,hard-off-topic
chemistry,hard-off-topic,How does the design of a lattice structure influence the acoustic properties of a concert hall?,hard-off-topic
chemistry,hard-off-topic,How can the principles of chromatography be applied to the process of organizing and analyzing information in a large-scale digital library system?,hard-off-topic
chemistry,hard-off-topic,How does the concept of a colloid extend metaphorically to describe the dynamics and interactions within a complex social network?,hard-off-topic
chemistry,hard-off-topic,How does the concept of chelation apply metaphorically to the process of healing emotional wounds in therapy?,hard-off-topic
chemistry,hard-off-topic,How might the process of electrolysis be metaphorically used to describe the transformation of personal identity after a major life event?,hard-off-topic
chemistry,hard-off-topic,How can spectroscopy be utilized to determine the authenticity of historical manuscripts?,hard-off-topic
chemistry,hard-off-topic,How does the flow of electrons enable the development of advanced artificial intelligence algorithms in computing systems?,hard-off-topic
chemistry,hard-off-topic,How can the concept of an isotope be metaphorically applied to describe variations in cultural traditions across different regions?,hard-off-topic
chemistry,hard-off-topic,What role does the concept of a ligand play in the context of a fictional mythology where it acts as a binding agent for magical energies?,hard-off-topic
chemistry,hard-off-topic,What is the symbolic significance of moles appearing in literature as creatures of the underground?,hard-off-topic
chemistry,hard-off-topic,How does the presence of neutrons in a neutron star influence its gravitational pull compared to other celestial objects?,hard-off-topic
chemistry,hard-off-topic,How does the concept of valence play a role in understanding emotional responses in music therapy?,hard-off-topic
chemistry,hard-off-topic,How does the acidity level of a writer's critique influence the reception and perception of their literary work?,hard-off-topic
chemistry,hard-off-topic,"In the context of storytelling, how might a character's role as a 'ligand' serve as a metaphor for their influence in binding disparate individuals to form a cohesive community?",hard-off-topic
chemistry,hard-off-topic,What strategies can organizations implement to ensure a significant reduction in employee burnout and improve overall workplace well-being?,hard-off-topic
chemistry,hard-off-topic,How might the concept of chelation be metaphorically applied to the process of cleansing one's mind of negative thoughts or emotions?,hard-off-topic
chemistry,hard-off-topic,How has the metaphorical use of 'covalent' in literature enhanced the depiction of intense human relationships?,hard-off-topic
chemistry,hard-off-topic,How can spectroscopy be employed in the field of astrophysics to determine the composition and movement of celestial bodies?,hard-off-topic
chemistry,hard-off-topic,How might the concept of chelation metaphorically apply to the idea of fostering a strong community or support network?,hard-off-topic
chemistry,hard-off-topic,How can implementing a time buffer in project management improve the overall success rate of the project?,hard-off-topic
chemistry,hard-off-topic,How does the concept of a buffer apply in computer science when managing simultaneous data streams?,hard-off-topic
chemistry,hard-off-topic,How has the representation of the Atom symbol evolved in popular media and culture over the past century?,hard-off-topic
chemistry,hard-off-topic,How might the concept of a 'ligand' metaphorically apply to the dynamics of a mentor-mentee relationship in professional development?,hard-off-topic
chemistry,hard-off-topic,"In the context of a diverse ecosystem, how might the concept of a 'solute' metaphorically apply to the way certain species contribute to the overall balance and harmony?",hard-off-topic
chemistry,hard-off-topic,How might the concept of electrolysis inspire innovative designs in renewable energy technologies beyond traditional applications?,hard-off-topic
chemistry,hard-off-topic,How does the concept of enthalpy apply to analyzing the energy dynamics in urban ecosystem development?,hard-off-topic
chemistry,hard-off-topic,What was your initial reaction to hearing about the unexpected policy changes at the company meeting?,hard-off-topic
chemistry,hard-off-topic,How does entropy function in the context of information theory when analyzing the complexity of a language?,hard-off-topic
chemistry,hard-off-topic,How can governments effectively approach the reduction of socioeconomic disparities across various regions within a country?,hard-off-topic
chemistry,hard-off-topic,How does emotional valence influence decision-making in high-pressure situations?,hard-off-topic
chemistry,hard-off-topic,How can the concept of anion be metaphorically used to describe negative influences in a team dynamic?,hard-off-topic
chemistry,hard-off-topic,How might variations in pH levels influence the ecosystem dynamics of aquatic habitats?,hard-off-topic
chemistry,hard-off-topic,How might the principles of chromatography be applied to enhance the organization and sorting of information in library databases?,hard-off-topic
chemistry,hard-off-topic,How does the lattice structure influence the thermal resistance of materials used in building construction?,hard-off-topic
chemistry,hard-off-topic,How can the formation of positive cation communities impact social dynamics and personal development?,hard-off-topic
chemistry,hard-off-topic,How does the concept of pH metaphorically apply to balancing opposing forces in one's personal life?,hard-off-topic
chemistry,hard-off-topic,How do athletes effectively hydrate during extended outdoor events to maintain optimal performance?,hard-off-topic
chemistry,hard-off-topic,How might the metaphor of a colloid be applied to describe the complex interactions within a diverse community or social network?,hard-off-topic
chemistry,hard-off-topic,How does the presence of a neutron star influence the gravitational dynamics of a binary star system?,hard-off-topic
chemistry,hard-off-topic,How did Avogadro's explorations into molecular existence influence philosophical thought on the nature of existence beyond the realm of science?,hard-off-topic
chemistry,hard-off-topic,How does the periodic fluctuation of economic recessions affect long-term financial planning for businesses?,hard-off-topic
chemistry,hard-off-topic,How does the concept of enthalpy influence the design and efficiency of HVAC systems in modern energy-efficient buildings?,hard-off-topic
chemistry,hard-off-topic,How does globalization influence the cultural assimilation of indigenous populations?,hard-off-topic
chemistry,hard-off-topic,How can implementing a buffer zone around wildlife habitats contribute to biodiversity conservation?,hard-off-topic
chemistry,hard-off-topic,How does staying properly hydrated impact an athlete's performance during endurance events?,hard-off-topic
chemistry,hard-off-topic,How does the concept of oxidation metaphorically relate to the gradual decline or transformation in human relationships over time?,hard-off-topic
chemistry,hard-off-topic,How can athletes effectively hydrate before and during a marathon to optimize performance?,hard-off-topic
chemistry,hard-off-topic,How can the concept of titration be metaphorically applied to the process of balancing work-life priorities?,hard-off-topic
chemistry,hard-off-topic,How might the development of new polymer technologies influence the future of sustainable fashion?,hard-off-topic
chemistry,hard-off-topic,What role did radical ideas play in shaping revolutionary movements throughout history?,hard-off-topic
chemistry,hard-off-topic,"In the context of data privacy, how does an Atomic design approach ensure secure data handling in software architecture?",hard-off-topic
chemistry,hard-off-topic,How might the concept of alkalinity influence cultural perceptions of purity and cleanliness across different societies?,hard-off-topic
chemistry,hard-off-topic,How can periodic breaks during work hours impact productivity and mental health?,hard-off-topic
chemistry,hard-off-topic,How can the distillation of complex ideas into simple messages improve communication within an organization?,hard-off-topic
chemistry,hard-off-topic,What are the benefits of periodic reflection on personal goals for self-improvement and growth?,hard-off-topic
chemistry,hard-off-topic,How can the concept of a financial solvent be applied to personal budgeting to ensure economic stability?,hard-off-topic
chemistry,hard-off-topic,How might Avogadro's principles metaphorically influence our understanding of social networks?,hard-off-topic
chemistry,hard-off-topic,How does the structure of a compound sentence enhance the flow and coherence in advanced English writing?,hard-off-topic
chemistry,hard-off-topic,How does music valence influence consumer purchasing behavior in retail environments?,hard-off-topic
chemistry,hard-off-topic,How does a financial institution use a buffer to manage the risk of market fluctuations?,hard-off-topic
chemistry,hard-off-topic,How does the concept of oxidation metaphorically apply to the deterioration of relationships over time?,hard-off-topic
chemistry,hard-off-topic,How does the implementation of a data buffer affect the performance of a real-time streaming application?,hard-off-topic
chemistry,hard-off-topic,How does the concept of a colloid inform our understanding of social networks and their ability to maintain cohesion amid diverse interactions?,hard-off-topic
chemistry,hard-off-topic,How might the concept of a ligand metaphorically apply to the way individuals form connections in social networks?,hard-off-topic
chemistry,hard-off-topic,How does the behavior of a neutron star's magnetic field influence its surrounding space environment?,hard-off-topic
chemistry,hard-off-topic,How can athletes effectively hydrate before a long-distance race to optimize performance?,hard-off-topic
chemistry,hard-off-topic,How does the concept of a molecule apply to understanding the complexities of social networks?,hard-off-topic
chemistry,hard-off-topic,How might the concept of a colloid be applied metaphorically to describe complex social networks and their stability in a community?,hard-off-topic
chemistry,hard-off-topic,How do the principles of thermodynamics apply to the efficiency of renewable energy systems like wind and solar power?,hard-off-topic
chemistry,hard-off-topic,How can the principles of chromatography be applied to improve the process of sorting and categorizing large volumes of historical documents in a library archive?,hard-off-topic
chemistry,hard-off-topic,How might the concept of alkalinity be metaphorically used to describe a person's ability to remain calm in stressful situations?,hard-off-topic
chemistry,hard-off-topic,How can societal reaction to technological advancements shape future policies and cultural norms?,hard-off-topic
chemistry,hard-off-topic,"What metaphors might we draw from the role of a solute in transforming a solution, in terms of personal or societal change?",hard-off-topic
chemistry,hard-off-topic,How might the concept of a solvent in problem-solving techniques enhance decision-making skills in complex organizational environments?,hard-off-topic
chemistry,hard-off-topic,How can the concept of covalent bonds inspire stronger team dynamics in a collaborative work environment?,hard-off-topic
chemistry,hard-off-topic,How can the term 'molecule' be used metaphorically in describing complex social structures?,hard-off-topic
chemistry,hard-off-topic,"How do moles, the burrowing mammals, impact soil quality and ecosystem balance in garden landscapes?",hard-off-topic
chemistry,hard-off-topic,How might the concept of alkalinity influence architectural design choices in coastal areas?,hard-off-topic
chemistry,hard-off-topic,How does the concept of a molecule influence our understanding of complex social networks?,hard-off-topic
chemistry,hard-off-topic,What solution can be proposed to effectively balance employee well-being with productivity in a remote working environment?,hard-off-topic
chemistry,hard-off-topic,How might the concept of pH metaphorically describe the balance of emotions in one's life?,hard-off-topic
chemistry,hard-off-topic,How does the concept of distillation apply to the process of synthesizing actionable insights from vast amounts of data in business analytics?,hard-off-topic
chemistry,hard-off-topic,What measures can be implemented to prevent the erosion of public trust in information dissemination by major news organizations?,hard-off-topic
chemistry,hard-off-topic,How does the concept of chelation apply metaphorically to the process of emotional healing in psychotherapy?,hard-off-topic
chemistry,hard-off-topic,"How might the legacy and influence of Amedeo Avogadro extend into fields beyond his contributions to chemistry, such as philosophy or education reform?",hard-off-topic
chemistry,hard-off-topic,"In the context of linguistics and language evolution, how does the word 'anion' illustrate the process of borrowing scientific terminology into everyday language?",hard-off-topic
chemistry,hard-off-topic,How can one effectively hydrate during a long-distance trail run in varying weather conditions?,hard-off-topic
chemistry,hard-off-topic,"How does the concept of molarity, typically used to describe solutions in chemistry, metaphorically relate to the concentration of ideas within a collaborative brainstorming session?",hard-off-topic
chemistry,hard-off-topic,How can a mentor act as a catalyst in someone's professional development?,hard-off-topic
chemistry,hard-off-topic,How might the inclusion of the term 'cation' influence the linguistic analysis of scientific discourse?,hard-off-topic
chemistry,hard-off-topic,How does the second law of thermodynamics influence economic models related to resource consumption and sustainability?,hard-off-topic
chemistry,hard-off-topic,How can the principles of chromatography be applied to organizing and categorizing diverse information in complex data systems?,hard-off-topic
chemistry,hard-off-topic,How does the use of polymer technology impact the design and functionality of modern sports equipment?,hard-off-topic
chemistry,hard-off-topic,How does the fictional land of Cation influence the journey of the protagonist in the novel?,hard-off-topic
chemistry,hard-off-topic,How does the concept of metallic elements enhance the storytelling and thematic depth in science fiction literature?,hard-off-topic
chemistry,hard-off-topic,How does the compound nature of modern storytelling affect the development of characters in contemporary literature?,hard-off-topic
chemistry,hard-off-topic,In what ways might communication serve as a cation in resolving conflicts within interpersonal relationships?,hard-off-topic
chemistry,hard-off-topic,How might the concept of alkalinity influence our understanding of metaphorical balance in emotional well-being?,hard-off-topic
chemistry,hard-off-topic,How can the concept of crystallization be used as a metaphor for personal growth and development?,hard-off-topic
chemistry,hard-off-topic,How do radical changes in government policy impact social stability?,hard-off-topic
chemistry,hard-off-topic,How does the concept of a 'cation' metaphorically relate to the positive influences in one's personal development journey?,hard-off-topic
chemistry,hard-off-topic,How does the concept of crystallization metaphorically apply to the process of solidifying an abstract idea into a concrete plan in creative writing?,hard-off-topic
chemistry,hard-off-topic,How do radical changes in urban development influence socioeconomic disparities in modern cities?,hard-off-topic
chemistry,hard-off-topic,In what ways can a strong leader serve as a catalyst for social change within their community?,hard-off-topic
chemistry,hard-off-topic,How does the design of a garden trellis utilize lattice structure to support climbing plants?,hard-off-topic
chemistry,hard-off-topic,How does the concept of thermodynamics intersect with economic models of resource allocation and energy efficiency analysis?,hard-off-topic
chemistry,hard-off-topic,How do anion exchange processes in water filtration systems metaphorically relate to the idea of negative thoughts being replaced by positive ones in cognitive therapy?,hard-off-topic
chemistry,hard-off-topic,How might the metaphorical concept of a 'covalent bond' be applied to describe the closeness of relationships in a tightly-knit community?,hard-off-topic
chemistry,hard-off-topic,How has the portrayal of electrons in science fiction influenced public perception of advanced technology?,hard-off-topic
chemistry,hard-off-topic,How does the concept of equilibrium play a role in economic markets when supply and demand are in balance?,hard-off-topic
chemistry,hard-off-topic,How can the periodic migration patterns of certain bird species influence the ecosystems they inhabit?,hard-off-topic
chemistry,hard-off-topic,How can spectroscopy be utilized in the study of ancient astronomical manuscripts to uncover information about historical observation techniques and tools?,hard-off-topic
chemistry,hard-off-topic,How might the concept of oxidation apply metaphorically to the process of personal growth and transformation?,hard-off-topic
chemistry,hard-off-topic,How does a buffer zone contribute to wildlife conservation efforts in areas adjacent to human developments?,hard-off-topic
chemistry,hard-off-topic,How might the concept of a polymer be metaphorically applied to language development in children?,hard-off-topic
chemistry,hard-off-topic,"In the context of historical narratives, how does the term 'cation' metaphorically relate to the dynamics of societal change and stability?",hard-off-topic
chemistry,hard-off-topic,How might the concept of an isomer metaphorically describe the varying interpretations of a historical event?,hard-off-topic
chemistry,hard-off-topic,How can the concept of oxidation be metaphorically applied to describe processes of personal or societal transformation?,hard-off-topic
chemistry,hard-off-topic,How might the concept of alkalinity influence the thematic development in a narrative about self-discovery and balance?,hard-off-topic
chemistry,hard-off-topic,How does the audience's reaction influence the success of a theatrical performance?,hard-off-topic
chemistry,hard-off-topic,How can principles of thermodynamics be applied to optimize energy efficiency in urban architecture and sustainable building design?,hard-off-topic
chemistry,hard-off-topic,How can the concept of titration be applied to the gradual adjustments in social dynamics within a team or organization?,hard-off-topic
chemistry,hard-off-topic,How can athletes effectively hydrate during prolonged physical activities to maintain peak performance?,hard-off-topic
chemistry,hard-off-topic,How does entropy influence the predictability of outcomes in complex decision-making systems?,hard-off-topic
chemistry,hard-off-topic,How can radical innovation transform traditional business models in the digital age?,hard-off-topic
chemistry,hard-off-topic,How does the use of metallic elements in architectural design influence the aesthetic and functionality of modern buildings?,hard-off-topic
chemistry,hard-off-topic,How does the concept of molarity metaphorically relate to the intensity of emotions in human relationships?,hard-off-topic
chemistry,hard-off-topic,How does Avogadro's concept metaphorically relate to the idea of vastness and individuation in literature?,hard-off-topic
chemistry,hard-off-topic,How does lattice design influence the structural integrity of modern architectural facades?,hard-off-topic
chemistry,hard-off-topic,How can the principles of thermodynamics be applied to understand the behavior and efficiency of modern economic systems?,hard-off-topic
chemistry,hard-off-topic,How does the use of periodic reviews in project management impact the overall effectiveness of a team's performance?,hard-off-topic
chemistry,hard-off-topic,How does the concept of entropy apply to the progression of social structures over time?,hard-off-topic
chemistry,hard-off-topic,How do moles adapt their burrowing behavior to different soil types and environmental conditions?,hard-off-topic
chemistry,hard-off-topic,How does the concept of valence influence the emotional impact of a musical composition on an audience?,hard-off-topic
chemistry,hard-off-topic,"In what ways can the fictional concept of an ""anion"" be incorporated into the realm of literary symbolism to represent elements of conflict and resolution?",hard-off-topic
computer_science_algorithms,on-topic,Describe how gradient descent algorithms are used in training machine learning models.,on-topic
computer_science_algorithms,on-topic,How is dynamic programming used to solve optimization problems?,on-topic
computer_science_algorithms,on-topic,How does the Bellman-Ford algorithm differ from Dijkstra's in finding shortest paths?,on-topic
computer_science_algorithms,on-topic,Explain the concept of memoization in recursive algorithms.,on-topic
computer_science_algorithms,on-topic,How do you implement the Tower of Hanoi algorithm recursively?,on-topic
computer_science_algorithms,on-topic,Discuss the concept of tail recursion and how it differs from standard recursion.,on-topic
computer_science_algorithms,on-topic,What is a suffix tree and how is it used in text compression?,on-topic
computer_science_algorithms,on-topic,Discuss the principles of locality of reference and how they are utilized in cache optimization algorithms.,on-topic
computer_science_algorithms,on-topic,Explain how Ant Colony Optimization helps in solving complex routing problems.,on-topic
computer_science_algorithms,on-topic,"Describe the differences and use-cases for pre-order, in-order, and post-order tree traversal techniques.",on-topic
computer_science_algorithms,on-topic,"What is an online algorithm, and how does it differ from an offline algorithm?",on-topic
computer_science_algorithms,on-topic,"What is the purpose of the Euclidean algorithm, and how is it used to find the greatest common divisor?",on-topic
computer_science_algorithms,on-topic,What are the use cases for the A* search algorithm in artificial intelligence?,on-topic
computer_science_algorithms,on-topic,How does the heap sort algorithm structure its elements to ensure efficient sorting?,on-topic
computer_science_algorithms,on-topic,How is a B-tree different from a binary search tree?,on-topic
computer_science_algorithms,on-topic,How does a B-tree algorithm maintain balance in database indexing?,on-topic
computer_science_algorithms,on-topic,How does the Ford-Fulkerson method calculate the maximum flow in a network?,on-topic
computer_science_algorithms,on-topic,What are the key differences between DFS and BFS in graph traversal?,on-topic
computer_science_algorithms,on-topic,How do red-black trees maintain balance during insertion and deletion operations?,on-topic
computer_science_algorithms,on-topic,Explain how a Min-Cut algorithm is used in network flow problems.,on-topic
computer_science_algorithms,on-topic,Can you explain Prim’s algorithm for finding a minimum spanning tree?,on-topic
computer_science_algorithms,on-topic,How can you detect cycles in a graph using the DFS algorithm?,on-topic
computer_science_algorithms,on-topic,How do you implement a breadth-first traversal of a graph?,on-topic
computer_science_algorithms,on-topic,What is data mining and how do clustering algorithms contribute to it?,on-topic
computer_science_algorithms,on-topic,How does a radix sort work and when is it most efficient?,on-topic
computer_science_algorithms,on-topic,What are the applications of the Viterbi algorithm in data analysis?,on-topic
computer_science_algorithms,on-topic,Explain the purpose and process of Dijkstra's algorithm in finding the shortest path in a graph.,on-topic
computer_science_algorithms,on-topic,How is the Hungarian algorithm used to solve assignment problems efficiently?,on-topic
computer_science_algorithms,on-topic,What are the principles and applications of the Minimax algorithm in game theory?,on-topic
computer_science_algorithms,on-topic,What is the purpose of a bloom filter and how does it work?,on-topic
computer_science_algorithms,on-topic,What is the difference between depth-first search and breadth-first search?,on-topic
computer_science_algorithms,on-topic,Explain how the RSA algorithm ensures secure communication in cryptography.,on-topic
computer_science_algorithms,on-topic,How does the Johnson’s algorithm handle shortest paths in sparse graphs?,on-topic
computer_science_algorithms,on-topic,Explain the concept of a self-balancing tree and give an example of such a data structure.,on-topic
computer_science_algorithms,on-topic,What are the use cases for the Trie data structure in algorithm design?,on-topic
computer_science_algorithms,on-topic,"How do complexity classes such as P, NP, and NP-complete relate to each other?",on-topic
computer_science_algorithms,on-topic,How does the binary search algorithm function on a sorted array?,on-topic
computer_science_algorithms,on-topic,What are the benefits and drawbacks of using hill climbing algorithm in optimization problems?,on-topic
computer_science_algorithms,on-topic,How can one implement LRU caching using data structures effectively?,on-topic
computer_science_algorithms,on-topic,How does the Bellman-Ford algorithm handle graphs with negative weight edges?,on-topic
computer_science_algorithms,on-topic,How does the Knuth-Morris-Pratt (KMP) algorithm improve on brute-force string searching?,on-topic
computer_science_algorithms,on-topic,Explain the concept of an LRU Cache and its implementation nuances.,on-topic
computer_science_algorithms,on-topic,What are common use cases for the Breadth-First Search algorithm?,on-topic
computer_science_algorithms,on-topic,What is the purpose of the Knuth-Morris-Pratt (KMP) algorithm in string searching?,on-topic
computer_science_algorithms,on-topic,"Explain the differences between NP, NP-complete, and NP-hard problems.",on-topic
computer_science_algorithms,on-topic,What are the advantages of using a red-black tree instead of an AVL tree?,on-topic
computer_science_algorithms,on-topic,What is the role of a pivot in the quicksort algorithm?,on-topic
computer_science_algorithms,on-topic,What is the difference between a greedy algorithm and a dynamic programming solution?,on-topic
computer_science_algorithms,on-topic,What is the difference between supervised and unsupervised learning algorithms?,on-topic
computer_science_algorithms,on-topic,Explain the concept of backtracking algorithms with an example.,on-topic
computer_science_algorithms,on-topic,What is the genetic algorithm and how is it inspired by natural selection?,on-topic
computer_science_algorithms,on-topic,What are the challenges in implementing the traveling salesman problem solution algorithms?,on-topic
computer_science_algorithms,on-topic,Explain the concept of a trie data structure and its applications.,on-topic
computer_science_algorithms,on-topic,Why is the Chomsky hierarchy important in formal languages and automata theory?,on-topic
computer_science_algorithms,on-topic,What is the difference between a strongly connected component and a weakly connected component in a graph?,on-topic
computer_science_algorithms,on-topic,How does quickselect find the k-th smallest element?,on-topic
computer_science_algorithms,on-topic,What are quadtrees and how are they used in spatial indexing?,on-topic
computer_science_algorithms,on-topic,How can dynamic programming optimize recursive algorithms?,on-topic
computer_science_algorithms,on-topic,How does Boyer-Moore string search algorithm optimize searching?,on-topic
computer_science_algorithms,on-topic,"How does the Merge Sort algorithm work, and what is its space complexity?",on-topic
computer_science_algorithms,on-topic,"What is the time complexity of binary search, and how is it derived?",on-topic
computer_science_algorithms,on-topic,What are the advantages and disadvantages of using a linked list over an array?,on-topic
computer_science_algorithms,on-topic,How does the quicksort algorithm work and what is its best-case time complexity?,on-topic
computer_science_algorithms,on-topic,What is the significance of the P versus NP problem?,on-topic
computer_science_algorithms,on-topic,What is the purpose of a depth-limited search and how is it different from DFS?,on-topic
computer_science_algorithms,on-topic,How do you implement a priority queue using a binary heap?,on-topic
computer_science_algorithms,on-topic,"What is the significance of the SAT (satisfiability) problem, and why is it NP-complete?",on-topic
computer_science_algorithms,on-topic,Why is quicksort considered more efficient on average than other sorting algorithms?,on-topic
computer_science_algorithms,on-topic,How does a min-max algorithm operate in the context of a two-player game?,on-topic
computer_science_algorithms,on-topic,Can you compare and contrast the Bellman-Ford and Floyd-Warshall algorithms?,on-topic
computer_science_algorithms,on-topic,In what scenarios would the A* algorithm be more beneficial than Dijkstra's algorithm?,on-topic
computer_science_algorithms,on-topic,What are the advantages and disadvantages of using a binary search tree over a hash table for storing data?,on-topic
computer_science_algorithms,on-topic,How do you apply Kruskal’s algorithm to find a Minimum Spanning Tree?,on-topic
computer_science_algorithms,on-topic,"What is a priority queue, and how can it be implemented using a heap?",on-topic
computer_science_algorithms,on-topic,"What is a reservoir sampling algorithm, and when would it be appropriately applied?",on-topic
computer_science_algorithms,on-topic,In what way does a distributed consensus algorithm like Paxos ensure reliability?,on-topic
computer_science_algorithms,on-topic,What are the key differences between a stack and a queue data structure?,on-topic
computer_science_algorithms,on-topic,What are van Emde Boas trees and how are they used?,on-topic
computer_science_algorithms,on-topic,What is dynamic programming and give an example of its application?,on-topic
computer_science_algorithms,on-topic,Explain the difference between Prim’s and Kruskal’s algorithms for MST.,on-topic
computer_science_algorithms,on-topic,How is Bellman’s equation used in dynamic programming problems?,on-topic
computer_science_algorithms,on-topic,How does the RSA encryption algorithm utilize prime numbers for secure communication?,on-topic
computer_science_algorithms,on-topic,How does the Boyer-Moore algorithm work for pattern matching in strings?,on-topic
computer_science_algorithms,on-topic,Describe the process of garbage collection in memory management and its algorithms.,on-topic
computer_science_algorithms,on-topic,What are the steps involved in performing a topological sort on a directed graph?,on-topic
computer_science_algorithms,on-topic,What is the purpose of using the KMP (Knuth-Morris-Pratt) algorithm in string searching?,on-topic
computer_science_algorithms,on-topic,"Can you explain the differences between merge sort and quicksort, and under what circumstances one might be preferred over the other?",on-topic
computer_science_algorithms,on-topic,How do you implement the LRU (Least Recently Used) cache algorithm?,on-topic
computer_science_algorithms,on-topic,How is the time complexity of an algorithm determined?,on-topic
computer_science_algorithms,on-topic,"What is the purpose of segment trees, and how are they implemented?",on-topic
computer_science_algorithms,on-topic,Explain a real-world application of the Monte Carlo algorithm.,on-topic
computer_science_algorithms,on-topic,How can you perform a topological sort on a directed acyclic graph (DAG)?,on-topic
computer_science_algorithms,on-topic,What is a Markov Chain and how is it used in probabilistic algorithms?,on-topic
computer_science_algorithms,on-topic,How does the hill-climbing algorithm solve optimization problems?,on-topic
computer_science_algorithms,on-topic,"What is the Travelling Salesman Problem, and how is it solved using approximation algorithms?",on-topic
computer_science_algorithms,on-topic,How do you differentiate between an algorithm's space complexity and time complexity?,on-topic
computer_science_algorithms,on-topic,Explain the process of topological sorting in directed graphs.,on-topic
computer_science_algorithms,on-topic,What makes the Traveling Salesman Problem a quintessential example of NP-hard problems?,on-topic
computer_science_algorithms,on-topic,Explain how the Floyd-Warshall algorithm is used to determine shortest paths between all pairs of nodes in a graph.,on-topic
computer_science_algorithms,on-topic,Discuss the significance of the P vs NP problem in theoretical computer science.,on-topic
computer_science_algorithms,on-topic,Explain how an AVL tree maintains balance.,on-topic
computer_science_algorithms,on-topic,What are the advantages of using the A* algorithm in pathfinding?,on-topic
computer_science_algorithms,on-topic,How do AVL trees maintain balance in a binary search tree?,on-topic
computer_science_algorithms,on-topic,"What is memoization, and how does it improve the efficiency of algorithms?",on-topic
computer_science_algorithms,on-topic,How does Dijkstra's algorithm find the shortest path in a weighted graph?,on-topic
computer_science_algorithms,on-topic,How does the Floyd-Warshall algorithm compute shortest paths in a weighted graph?,on-topic
computer_science_algorithms,on-topic,Can you describe how the traveling salesman problem is solved using dynamic programming?,on-topic
computer_science_algorithms,on-topic,"Can you explain how the QuickSort algorithm works, and what its average-case time complexity is?",on-topic
computer_science_algorithms,on-topic,What are the advantages and disadvantages of using an adjacency matrix for graph representation?,on-topic
computer_science_algorithms,on-topic,How is quicksort different from mergesort in terms of algorithm design?,on-topic
computer_science_algorithms,on-topic,Describe how matrix multiplicative algorithms can be optimized for high-performance computing.,on-topic
computer_science_algorithms,on-topic,How can you detect a cycle in a directed graph using Depth-First Search (DFS)?,on-topic
computer_science_algorithms,on-topic,Can you describe the process and stages of the PageRank algorithm?,on-topic
computer_science_algorithms,on-topic,What are the implications of P vs. NP problem on the future of algorithms?,on-topic
computer_science_algorithms,on-topic,What are the applications and limitations of the K-Means clustering algorithm?,on-topic
computer_science_algorithms,on-topic,How does the Monte Carlo method contribute to algorithmic simulations?,on-topic
computer_science_algorithms,on-topic,How is a strongly connected component identified in a directed graph?,on-topic
computer_science_algorithms,on-topic,"What is recursion, and how is it different from iteration in algorithm design?",on-topic
computer_science_algorithms,on-topic,Describe the process and applications of strong connected components in graph algorithms.,on-topic
computer_science_algorithms,on-topic,How do MapReduce algorithms efficiently process large-scale data across distributed systems?,on-topic
computer_science_algorithms,on-topic,What techniques can be used to improve the efficiency of hash functions?,on-topic
computer_science_algorithms,on-topic,What are the phases of the SAT (Boolean satisfiability) solving algorithm?,on-topic
computer_science_algorithms,on-topic,What is the difference between a min-heap and a max-heap?,on-topic
computer_science_algorithms,on-topic,"How does the A* search algorithm find the shortest path, and what makes it optimal?",on-topic
computer_science_algorithms,on-topic,What is the difference between Prim’s and Kruskal’s algorithm for finding minimum spanning trees?,on-topic
computer_science_algorithms,on-topic,What is the Ford-Fulkerson algorithm used for in network flow problems?,on-topic
computer_science_algorithms,on-topic,How does the algorithm for solving Sudoku puzzles using constraint satisfaction work?,on-topic
computer_science_algorithms,on-topic,Explain the concept of dynamic programming and how it differs from greedy algorithms.,on-topic
computer_science_algorithms,on-topic,How does heapsort utilize a heap data structure to sort an array?,on-topic
computer_science_algorithms,on-topic,What is the purpose of the Z-algorithm in string processing?,on-topic
computer_science_algorithms,on-topic,What is the significance of the Big O notation in complexity analysis?,on-topic
computer_science_algorithms,on-topic,What is the role of a priority queue in Dijkstra's algorithm?,on-topic
computer_science_algorithms,on-topic,"What is the significance of the traveling salesman problem, and how is it solved?",on-topic
computer_science_algorithms,on-topic,Explain how the Kahn's algorithm is used for topological sorting in directed graphs.,on-topic
computer_science_algorithms,on-topic,What is the difference between a Monte Carlo algorithm and a deterministic algorithm?,on-topic
computer_science_algorithms,on-topic,Explain the process and purpose of dynamic programming in algorithm design.,on-topic
computer_science_algorithms,on-topic,"What is the purpose of the Gale-Shapley algorithm, and how is it used to solve the Stable Marriage Problem?",on-topic
computer_science_algorithms,on-topic,How does the Floyd-Warshall algorithm find all pairs shortest paths in a graph?,on-topic
computer_science_algorithms,on-topic,What are the benefits of using the divide and conquer approach?,on-topic
computer_science_algorithms,on-topic,Describe the structure and advantage of using a B-Tree in database systems.,on-topic
computer_science_algorithms,on-topic,What is the role of reduction in proving problem hardness?,on-topic
computer_science_algorithms,on-topic,"What is the time complexity of the bubble sort algorithm, and how does it compare to merge sort?",on-topic
computer_science_algorithms,on-topic,What is the significance of topological sorting in directed acyclic graphs?,on-topic
computer_science_algorithms,on-topic,What are the main advantages and disadvantages of the hill climbing algorithm?,on-topic
computer_science_algorithms,on-topic,How does a Turing Machine outline the fundamentals of computation?,on-topic
computer_science_algorithms,on-topic,What is Dijkstra's algorithm used for in graph theory?,on-topic
computer_science_algorithms,on-topic,How does Johnson's algorithm handle finding shortest paths in sparse graphs?,on-topic
computer_science_algorithms,on-topic,Explain how neural networks use backpropagation for learning.,on-topic
computer_science_algorithms,on-topic,Explain the A* search algorithm and how it's used in pathfinding.,on-topic
computer_science_algorithms,on-topic,How do AVL trees differ from standard binary search trees?,on-topic
computer_science_algorithms,on-topic,What are the collision resolution techniques in open addressing for hash tables?,on-topic
computer_science_algorithms,on-topic,Describe the process of binary search and its time complexity.,on-topic
computer_science_algorithms,on-topic,"How does a greedy algorithm solve problems, and can you provide an example?",on-topic
computer_science_algorithms,on-topic,What is the purpose of the Turing machine in computational theory?,on-topic
computer_science_algorithms,on-topic,What is the role of heaps in sorting algorithms like heapsort?,on-topic
computer_science_algorithms,on-topic,"What is a balanced binary search tree, and why is it important for efficient data retrieval?",on-topic
computer_science_algorithms,on-topic,What is the significance of the P vs NP problem in computer science?,on-topic
computer_science_algorithms,on-topic,How does the traveling salesman problem utilize approximation algorithms?,on-topic
computer_science_algorithms,on-topic,Describe how a priority queue can be implemented using a heap.,on-topic
computer_science_algorithms,on-topic,Explain the algorithm behind solving a Sudoku puzzle using constraint satisfaction.,on-topic
computer_science_algorithms,on-topic,What is the role of a heuristic in the A* search algorithm?,on-topic
computer_science_algorithms,on-topic,How are Monte Carlo simulations used in algorithm design?,on-topic
computer_science_algorithms,on-topic,"What is the traveling salesman problem, and what are some approximation algorithms to solve it?",on-topic
computer_science_algorithms,on-topic,Discuss the differences between Prim's and Kruskal's algorithms for finding a minimum spanning tree.,on-topic
computer_science_algorithms,on-topic,Explain the difference between Prim’s and Kruskal’s algorithms for finding a minimum spanning tree.,on-topic
computer_science_algorithms,on-topic,What is the use of the K-nearest neighbors algorithm in data science?,on-topic
computer_science_algorithms,on-topic,"How does the QuickSort algorithm work, and what is its average-case complexity?",on-topic
computer_science_algorithms,on-topic,How is Floyd-Warshall algorithm used to find shortest paths in a weighted graph?,on-topic
computer_science_algorithms,on-topic,"What is a Red-Black Tree, and how does it ensure balanced search operations?",on-topic
computer_science_algorithms,on-topic,How can you detect a cycle in a directed graph using DFS?,on-topic
computer_science_algorithms,on-topic,Describe the Bellman-Ford algorithm for shortest path calculation.,on-topic
computer_science_algorithms,on-topic,"How does the Edmonds-Karp algorithm solve the maximum flow problem, and how is it related to the Ford-Fulkerson method?",on-topic
computer_science_algorithms,on-topic,Explain the purpose of the Bellman-Ford algorithm and a situation where it would be preferred over Dijkstra's algorithm.,on-topic
computer_science_algorithms,on-topic,How does the Laplace algorithm contribute to solving differential equations?,on-topic
computer_science_algorithms,on-topic,"What is the Traveling Salesman Problem, and what are some common approaches to solve it?",on-topic
computer_science_algorithms,on-topic,How does a Red-Black tree maintain balance after insertions or deletions?,on-topic
computer_science_algorithms,on-topic,How do you perform a topological sort on a directed acyclic graph?,on-topic
computer_science_algorithms,on-topic,"What is backtracking, and how is it used in solving constraint satisfaction problems?",on-topic
computer_science_algorithms,on-topic,What is the difference between a pre-order and post-order traversal in tree algorithms?,on-topic
computer_science_algorithms,on-topic,What iteration technique does the Newton-Raphson algorithm use to find roots of a function?,on-topic
computer_science_algorithms,on-topic,Describe the process of memory allocation in recursive algorithms and its impact on system resources.,on-topic
computer_science_algorithms,on-topic,How do you implement a binary heap and what are its applications in algorithms?,on-topic
computer_science_algorithms,on-topic,"How do you address collisions in a hash table, and what strategies are available?",on-topic
computer_science_algorithms,on-topic,Discuss how decision tree learning algorithms make predictions based on input data.,on-topic
computer_science_algorithms,on-topic,"What is a Red-Black Tree, and why is it used in computer science?",on-topic
computer_science_algorithms,on-topic,How does the Boyer-Moore algorithm differ from other string matching algorithms?,on-topic
computer_science_algorithms,on-topic,What is the difference between a greedy algorithm and a dynamic programming algorithm?,on-topic
computer_science_algorithms,on-topic,What are the steps involved in performing a Radix sort on a list of numbers?,on-topic
computer_science_algorithms,on-topic,How do you find the longest common subsequence in two strings?,on-topic
computer_science_algorithms,on-topic,"What is tail recursion, and why is it beneficial in programming?",on-topic
computer_science_algorithms,on-topic,How can sliding window algorithms improve efficiency in certain problems?,on-topic
computer_science_algorithms,on-topic,What is the fundamental idea behind the Divide and Conquer algorithm design paradigm?,on-topic
computer_science_algorithms,on-topic,How does Euclid’s algorithm determine the greatest common divisor of two integers?,on-topic
computer_science_algorithms,on-topic,What is a hash table and how does it handle collisions?,on-topic
computer_science_algorithms,on-topic,Describe the Bellman-Ford algorithm and its use cases.,on-topic
computer_science_algorithms,on-topic,Explain how the Rabin-Karp algorithm is efficient for string searching.,on-topic
computer_science_algorithms,on-topic,How does the Edmonds-Karp algorithm refine the Ford-Fulkerson method?,on-topic
computer_science_algorithms,on-topic,What is the Knuth-Morris-Pratt (KMP) algorithm used for?,on-topic
computer_science_algorithms,on-topic,What role does the KMP algorithm play in string searching?,on-topic
computer_science_algorithms,on-topic,Explain the various types of Amortized Analysis in algorithm complexity.,on-topic
computer_science_algorithms,on-topic,What are the applications of the Ford-Fulkerson method in network flows?,on-topic
computer_science_algorithms,on-topic,How can dynamic connectivity queries be efficiently processed in graph algorithms?,on-topic
computer_science_algorithms,on-topic,Explain the Monte Carlo algorithm and provide an example of its application.,on-topic
computer_science_algorithms,on-topic,What is the significance of the Johnson’s algorithm in finding shortest paths in a graph?,on-topic
computer_science_algorithms,on-topic,What is the significance of the Heapsort algorithm in sorting operations?,on-topic
computer_science_algorithms,on-topic,How does Quick Sort work and what is its average case time complexity?,on-topic
computer_science_algorithms,on-topic,What is a balanced binary tree and why is balancing important?,on-topic
computer_science_algorithms,on-topic,What is dynamic programming and how does it solve optimization problems?,on-topic
computer_science_algorithms,on-topic,What is the significance of Big O notation in analyzing algorithms?,on-topic
computer_science_algorithms,on-topic,What is the Knuth-Morris-Pratt (KMP) algorithm used for in computer science?,on-topic
computer_science_algorithms,on-topic,Explain the importance of the Knuth-Morris-Pratt algorithm in string searching.,on-topic
computer_science_algorithms,on-topic,"Why are randomized algorithms useful, and can you give an example of a randomized algorithm?",on-topic
computer_science_algorithms,on-topic,What is tail recursion and how does it differ from regular recursion?,on-topic
computer_science_algorithms,on-topic,How does the Rabin-Karp algorithm efficiently find a substring in a string?,on-topic
computer_science_algorithms,on-topic,Discuss the use and implementation of the Sieve of Eratosthenes algorithm.,on-topic
computer_science_algorithms,on-topic,What is the significance of Tarjan's algorithm in finding strongly connected components?,on-topic
computer_science_algorithms,on-topic,What are AVL trees and how do they maintain balance?,on-topic
computer_science_algorithms,on-topic,"How does the quicksort algorithm work, and what is its average-case time complexity?",on-topic
computer_science_algorithms,on-topic,What is the significance of understanding algorithmic complexity in computer science?,on-topic
computer_science_algorithms,on-topic,How does the iterative deepening depth-first search algorithm differ from standard DFS?,on-topic
computer_science_algorithms,on-topic,How does Kruskal's algorithm find a minimum spanning tree?,on-topic
computer_science_algorithms,on-topic,"How does the A* search algorithm work, and in what scenarios is it most efficient?",on-topic
computer_science_algorithms,on-topic,Can you describe how the RSA algorithm secures data through encryption and decryption?,on-topic
computer_science_algorithms,on-topic,"What is the time complexity of Quick Sort, and how does it compare with Merge Sort in the average case?",on-topic
computer_science_algorithms,on-topic,What are the foundational steps in the Bellman-Ford algorithm for shortest path?,on-topic
computer_science_algorithms,on-topic,Explain the difference between bubble sort and quicksort.,on-topic
computer_science_algorithms,on-topic,What is the Rabin-Karp algorithm used for in string matching?,on-topic
computer_science_algorithms,on-topic,Describe the process of Prim's algorithm for finding a minimum spanning tree.,on-topic
computer_science_algorithms,on-topic,What distinguishes polynomial time algorithms from exponential time algorithms?,on-topic
computer_science_algorithms,on-topic,Explain how convolutional algorithms are applied in image processing tasks.,on-topic
computer_science_algorithms,on-topic,What is the time complexity of the quicksort algorithm in the average case?,on-topic
computer_science_algorithms,on-topic,What is the function of the ID3 algorithm in building decision trees?,on-topic
computer_science_algorithms,on-topic,What is the purpose of the Suffix Array in string processing?,on-topic
computer_science_algorithms,on-topic,What is the significance of the Gale-Shapley algorithm in stable marriage problems?,on-topic
computer_science_algorithms,on-topic,How does linear regression differ from logistic regression in classification?,on-topic
computer_science_algorithms,on-topic,What are skip lists and how do they function?,on-topic
computer_science_algorithms,on-topic,How do genetic algorithms work in solving complex problems?,on-topic
computer_science_algorithms,on-topic,"How do hash tables work, and why are they efficient for search operations?",on-topic
computer_science_algorithms,on-topic,Describe the differences between a hash map and a tree map.,on-topic
computer_science_algorithms,on-topic,Explain how lazy propagation is used in segment trees.,on-topic
computer_science_algorithms,on-topic,What is the purpose of Dijkstra’s algorithm?,on-topic
computer_science_algorithms,on-topic,What are the key differences between mergesort and quicksort?,on-topic
computer_science_algorithms,on-topic,How do neural networks utilize backpropagation for learning?,on-topic
computer_science_algorithms,on-topic,How does the Boyer-Moore algorithm optimize pattern matching?,on-topic
computer_science_algorithms,on-topic,"What is memoization, and how does it optimize recursive solutions?",on-topic
computer_science_algorithms,on-topic,What is the difference between depth-first search (DFS) and breadth-first search (BFS) in terms of traversal?,on-topic
computer_science_algorithms,on-topic,How does the neural network backpropagation algorithm function?,on-topic
computer_science_algorithms,on-topic,How does a Bloom Filter provide probabilistic membership testing?,on-topic
computer_science_algorithms,on-topic,Describe packet routing algorithms typically used in computer networks.,on-topic
computer_science_algorithms,on-topic,How does the Chandy-Lamport snapshot algorithm achieve global state recording in distributed systems?,on-topic
computer_science_algorithms,on-topic,Explain why Turing Completeness is a critical concept in computer science.,on-topic
computer_science_algorithms,on-topic,"What is a backtracking algorithm, and how is it utilized in solving constraint satisfaction problems?",on-topic
computer_science_algorithms,on-topic,What is the role of heuristics in the Genetic Algorithm?,on-topic
computer_science_algorithms,on-topic,What is the significance of the P vs NP problem in algorithm theory?,on-topic
computer_science_algorithms,on-topic,How can Dijkstra’s algorithm be used to find the shortest path in a graph?,on-topic
computer_science_algorithms,on-topic,How does the Ford-Fulkerson method compute maximum flow in a flow network?,on-topic
computer_science_algorithms,on-topic,Discuss how ant colony optimization algorithms simulate natural processes to solve problems.,on-topic
computer_science_algorithms,on-topic,What is the difference between breadth-first search and depth-first search?,on-topic
computer_science_algorithms,on-topic,How does the A* search algorithm work and where is it applied?,on-topic
computer_science_algorithms,on-topic,What are the advantages of using a hash table over a binary search tree?,on-topic
computer_science_algorithms,on-topic,"How do you implement a binary search algorithm, and why is it efficient?",on-topic
computer_science_algorithms,on-topic,"What is the Boyer-Moore majority vote algorithm, and how can it efficiently find a majority element?",on-topic
computer_science_algorithms,on-topic,"What are Skip Lists, and how do they improve search times?",on-topic
computer_science_algorithms,on-topic,How is a binary heap utilized to implement a priority queue?,on-topic
computer_science_algorithms,on-topic,How does the Knuth-Morris-Pratt (KMP) algorithm improve pattern searching?,on-topic
computer_science_algorithms,on-topic,What are the limitations of using bubble sort in large datasets?,on-topic
computer_science_algorithms,on-topic,"How do greedy algorithms make decisions, and what are their limitations?",on-topic
computer_science_algorithms,on-topic,"What are suffix trees, and how do they aid in pattern matching problems?",on-topic
computer_science_algorithms,on-topic,How does the cuckoo hashing technique improve hash table performance?,on-topic
computer_science_algorithms,on-topic,How do neural networks use backpropagation for training models?,on-topic
computer_science_algorithms,on-topic,"How does Dijkstra's algorithm determine the shortest path in a graph, and what are its limitations?",on-topic
computer_science_algorithms,on-topic,What are the potential weaknesses of using a greedy algorithm to solve the coin change problem?,on-topic
computer_science_algorithms,on-topic,What are the computational benefits and challenges of using the FFT algorithm?,on-topic
computer_science_algorithms,on-topic,Describe the differences between depth-first search (DFS) and breadth-first search (BFS).,on-topic
computer_science_algorithms,on-topic,Explain the concept of exponential backoff in networking algorithms.,on-topic
computer_science_algorithms,on-topic,What are some common use cases for the breadth-first search?,on-topic
computer_science_algorithms,on-topic,How can a binary search tree become unbalanced and how is rebalancing performed?,on-topic
computer_science_algorithms,on-topic,How does the Boyer-Moore algorithm improve pattern matching?,on-topic
computer_science_algorithms,on-topic,What is the underlying principle of Dynamic Connectivity in data structures?,on-topic
computer_science_algorithms,on-topic,What is the difference between a stable and an unstable sorting algorithm?,on-topic
computer_science_algorithms,on-topic,How does Dijkstra's algorithm find the shortest path?,on-topic
computer_science_algorithms,on-topic,What is the significance of the NP-completeness categorization in computational complexity theory?,on-topic
computer_science_algorithms,on-topic,Describe how cuckoo hashing differs from regular hashing techniques.,on-topic
computer_science_algorithms,on-topic,What challenges are addressed by the use of reinforcement learning algorithms?,on-topic
computer_science_algorithms,on-topic,What is an AVL tree and how does it maintain balance?,on-topic
computer_science_algorithms,on-topic,How do Bloom filters work in probabilistic data structures?,on-topic
computer_science_algorithms,on-topic,How do you implement a depth-first traversal of a binary tree?,on-topic
computer_science_algorithms,on-topic,How do you detect a cycle in a directed graph using graph traversal algorithms?,on-topic
computer_science_algorithms,on-topic,What is topological sorting and when is it applicable?,on-topic
computer_science_algorithms,on-topic,What is the Viterbi algorithm used for in computational linguistics?,on-topic
computer_science_algorithms,on-topic,How is a depth-limited search different from regular depth-first search?,on-topic
computer_science_algorithms,on-topic,What is LRU caching policy in the context of cache algorithms?,on-topic
computer_science_algorithms,on-topic,How can parallel processing techniques be applied to improve the performance of sorting algorithms?,on-topic
computer_science_algorithms,on-topic,Explain the Ford-Fulkerson method and its role in solving the max-flow problem in networks.,on-topic
computer_science_algorithms,on-topic,"What is the big O notation, and why is it used in analyzing algorithms?",on-topic
computer_science_algorithms,on-topic,What are the advantages and disadvantages of using adjacency matrix representation over adjacency list in graph algorithms?,on-topic
computer_science_algorithms,on-topic,What is the Boyer-Moore algorithm and how does it enhance pattern matching?,on-topic
computer_science_algorithms,on-topic,How do hashing algorithms ensure data security?,on-topic
computer_science_algorithms,on-topic,What is the difference between recursive and iterative algorithms?,on-topic
computer_science_algorithms,on-topic,How does the Floyd-Warshall algorithm compute the shortest paths between all pairs of nodes in a graph?,on-topic
computer_science_algorithms,on-topic,What is the purpose of the knapsack algorithm in optimization problems?,on-topic
computer_science_algorithms,on-topic,"What is the time complexity of the Merge Sort algorithm, and how does it differ from Quick Sort?",on-topic
computer_science_algorithms,on-topic,How do you optimize the process of matrix chain multiplication using dynamic programming?,on-topic
computer_science_algorithms,on-topic,How does linear programming optimize objective functions?,on-topic
computer_science_algorithms,on-topic,What is the significance of the Big O notation in analyzing algorithm efficiency?,on-topic
computer_science_algorithms,on-topic,How do network flow algorithms solve maximum flow problems?,on-topic
computer_science_algorithms,on-topic,Describe the purpose of the Hopcroft-Karp algorithm in graph theory.,on-topic
computer_science_algorithms,on-topic,What are the advantages of using the Bloom filter data structure?,on-topic
computer_science_algorithms,on-topic,How can you detect a cycle in a linked list?,on-topic
computer_science_algorithms,on-topic,What is the main idea behind the Pancake sorting algorithm?,on-topic
computer_science_algorithms,on-topic,What are the steps in Prim’s algorithm for finding a Minimum Spanning Tree?,on-topic
computer_science_algorithms,on-topic,How does the AdaBoost algorithm improve the performance of machine learning models?,on-topic
computer_science_algorithms,on-topic,Can you compare the Markov Decision Process (MDP) with reinforcement learning strategies?,on-topic
computer_science_algorithms,on-topic,What are neural networks and how are they used in machine learning?,on-topic
computer_science_algorithms,on-topic,Compare and contrast linear search and binary search in terms of efficiency.,on-topic
computer_science_algorithms,on-topic,What is the role of a priority queue in the implementation of Dijkstra’s algorithm?,on-topic
computer_science_algorithms,on-topic,How does the linear search algorithm work and what are its drawbacks?,on-topic
computer_science_algorithms,on-topic,How is the Fibonacci sequence computed using recursion?,on-topic
computer_science_algorithms,on-topic,What are the applications of graph coloring algorithms?,on-topic
computer_science_algorithms,on-topic,What is memoization in the context of dynamic programming?,on-topic
computer_science_algorithms,on-topic,"What distinguishes a self-balancing tree from a regular binary search tree, and why is self-balancing useful?",on-topic
computer_science_algorithms,on-topic,How does Google's MapReduce framework facilitate the processing of large data sets across distributed systems?,on-topic
computer_science_algorithms,on-topic,Can you explain how backtracking is used to solve the N-Queens problem?,on-topic
computer_science_algorithms,on-topic,What is the knapsack problem and how is it solved using dynamic programming?,on-topic
computer_science_algorithms,on-topic,What is the purpose of the A* algorithm in pathfinding and graph traversal?,on-topic
computer_science_algorithms,on-topic,Explain how the Bellman-Ford algorithm works and compare it to Dijkstra’s algorithm.,on-topic
computer_science_algorithms,on-topic,How do you find the articulation points in a graph using DFS?,on-topic
computer_science_algorithms,on-topic,"What are bloom filters, and how do they enable fast membership checks in large datasets?",on-topic
computer_science_algorithms,on-topic,What is the role of AI algorithms in natural language processing?,on-topic
computer_science_algorithms,on-topic,"How does the simplex algorithm solve linear programming problems, and what are its limitations?",on-topic
computer_science_algorithms,on-topic,How does the concept of divide and conquer apply to algorithms like mergesort?,on-topic
computer_science_algorithms,on-topic,How does the Floyd-Warshall algorithm compute shortest paths between all pairs of nodes?,on-topic
computer_science_algorithms,on-topic,How do you perform a convolution operation in image processing?,on-topic
computer_science_algorithms,on-topic,Describe how ray tracing algorithms are used in computer graphics.,on-topic
computer_science_algorithms,on-topic,What is the time complexity of binary search?,on-topic
computer_science_algorithms,on-topic,"What is the Boyer-Moore algorithm, and why is it efficient for string search?",on-topic
computer_science_algorithms,on-topic,How does page rank algorithm work in search engines?,on-topic
computer_science_algorithms,on-topic,How do you find strongly connected components in a directed graph?,on-topic
computer_science_algorithms,on-topic,What are the reasons for using radix sort over comparison-based sorting algorithms?,on-topic
computer_science_algorithms,on-topic,Explain how reinforcement learning algorithms differ from traditional supervised learning.,on-topic
computer_science_algorithms,on-topic,How does the branch-and-bound method solve optimization problems?,on-topic
computer_science_algorithms,on-topic,"How does the A* search algorithm work, and where is it applied?",on-topic
computer_science_algorithms,on-topic,What is the purpose of memoization in optimizing recursive algorithms?,on-topic
computer_science_algorithms,on-topic,How does the concept of NP-completeness help in understanding computational problem complexity?,on-topic
computer_science_algorithms,on-topic,How does the quicksort algorithm work?,on-topic
computer_science_algorithms,on-topic,"How do skip lists function, and what are their advantages?",on-topic
computer_science_algorithms,on-topic,How is the heap sort algorithm implemented and what is its worst-case time complexity?,on-topic
computer_science_algorithms,on-topic,Explain the dynamic programming approach to solving the Fibonacci sequence.,on-topic
computer_science_algorithms,on-topic,"What are Sparse Tables, and how do they facilitate efficient range queries?",on-topic
computer_science_algorithms,on-topic,What is the difference between Prim's algorithm and Kruskal's algorithm?,on-topic
computer_science_algorithms,on-topic,What is a trie data structure and what are its common applications?,on-topic
computer_science_algorithms,on-topic,"What are suffix trees, and why are they useful in text processing?",on-topic
computer_science_algorithms,on-topic,How do genetic algorithms mimic natural selection to solve optimization problems?,on-topic
computer_science_algorithms,on-topic,Explain how a Red-Black Tree maintains balance and why this is important for performance.,on-topic
computer_science_algorithms,on-topic,Explain the significance of the FFT (Fast Fourier Transform) algorithm in signal processing.,on-topic
computer_science_algorithms,on-topic,Explain how the bucket sort algorithm operates and the types of data sets for which it is most effective.,on-topic
computer_science_algorithms,on-topic,How can Depth-First Search be implemented using recursion?,on-topic
computer_science_algorithms,on-topic,How do KMP (Knuth-Morris-Pratt) algorithms improve string matching?,on-topic
computer_science_algorithms,on-topic,How do you perform a breadth-first traversal on a binary tree without recursion?,on-topic
computer_science_algorithms,on-topic,"What is the role of a suffix tree, and how does it aid in solving string processing problems?",on-topic
computer_science_algorithms,on-topic,What is the LRU (Least Recently Used) cache algorithm?,on-topic
computer_science_algorithms,on-topic,What role does the ID3 algorithm play in decision tree construction?,on-topic
computer_science_algorithms,on-topic,"How can priority queues be implemented using heaps, and why are they efficient?",on-topic
computer_science_algorithms,on-topic,"What is the purpose of the KMP algorithm, and how does it improve pattern matching efficiencies?",on-topic
computer_science_algorithms,on-topic,How does the bubble sort algorithm work and why is it considered inefficient?,on-topic
computer_science_algorithms,on-topic,How is the Rabin-Karp algorithm different from the Knuth-Morris-Pratt algorithm?,on-topic
computer_science_algorithms,on-topic,What is the time complexity of the QuickSort algorithm in the average case?,on-topic
computer_science_algorithms,on-topic,How does the branch and bound technique work in optimization problems?,on-topic
computer_science_algorithms,on-topic,What are the steps of implementing the Simplex algorithm for linear programming?,on-topic
computer_science_algorithms,on-topic,"What is the simplex method, and how is it used in linear programming?",on-topic
computer_science_algorithms,on-topic,How can backtracking be used to solve the N-Queens problem?,on-topic
computer_science_algorithms,on-topic,Explain the procedure and application of the Ford-Fulkerson method.,on-topic
computer_science_algorithms,on-topic,What considerations are involved in designing algorithms for distributed systems?,on-topic
computer_science_algorithms,on-topic,Describe the process of topological sorting in a Directed Acyclic Graph.,on-topic
computer_science_algorithms,on-topic,How does the merge sort algorithm divide and conquer?,on-topic
computer_science_algorithms,on-topic,Discuss the greedy algorithm approach and provide an example of its application.,on-topic
computer_science_algorithms,on-topic,"What is a greedy algorithm, and how do you prove its correctness for a given problem?",on-topic
computer_science_algorithms,on-topic,"What is backtracking, and how is it utilized in problem-solving?",on-topic
computer_science_algorithms,on-topic,What are the applications of the Smith-Waterman algorithm in bioinformatics?,on-topic
computer_science_algorithms,on-topic,What are spiking neural networks and how do they differ from traditional neural network algorithms?,on-topic
computer_science_algorithms,on-topic,Explain the applications and process of the Monte Carlo algorithm.,on-topic
computer_science_algorithms,on-topic,Can you explain the Fast Fourier Transform (FFT) and its importance in computer science?,on-topic
computer_science_algorithms,on-topic,What is the purpose of the Monte Carlo algorithm in probabilistic computations?,on-topic
computer_science_algorithms,on-topic,Describe the process and benefit of memoization in recursive algorithms.,on-topic
computer_science_algorithms,on-topic,Describe how a B-tree works and its advantages in databases.,on-topic
computer_science_algorithms,on-topic,What are the pros and cons of using an adjacency matrix to represent a graph?,on-topic
computer_science_algorithms,on-topic,In what scenarios would you prefer using Prim's algorithm over Kruskal's algorithm for finding a minimum spanning tree?,on-topic
computer_science_algorithms,on-topic,"What is the difference between worst-case, average-case, and best-case analysis of an algorithm?",on-topic
computer_science_algorithms,on-topic,Explain the Strassen algorithm and how it optimizes matrix multiplication.,on-topic
computer_science_algorithms,on-topic,What is the difference between Prim's and Kruskal's algorithms for finding minimum spanning trees?,on-topic
computer_science_algorithms,on-topic,Explain the concept of hashing and its real-world applications.,on-topic
computer_science_algorithms,on-topic,How can approximation algorithms provide near-optimal solutions?,on-topic
computer_science_algorithms,on-topic,What are the key differences between Kruskal's and Prim's algorithms?,on-topic
computer_science_algorithms,on-topic,How can memoization optimize the performance of recursive algorithms?,on-topic
computer_science_algorithms,on-topic,Describe the difference between BFS and DFS.,on-topic
computer_science_algorithms,on-topic,How does a Trie data structure facilitate fast searching of prefixes?,on-topic
computer_science_algorithms,on-topic,What is the purpose of the Floyd-Warshall algorithm?,on-topic
computer_science_algorithms,on-topic,Explain Dijkstra's algorithm and its applications in finding the shortest path in a graph.,on-topic
computer_science_algorithms,on-topic,Explain the concept of memoization and its benefits in recursive algorithms.,on-topic
computer_science_algorithms,on-topic,"How does Dijkstra's algorithm determine the shortest path in a weighted graph, and what are its time complexity considerations?",on-topic
computer_science_algorithms,on-topic,How do genetic algorithms model natural selection processes?,on-topic
computer_science_algorithms,on-topic,Describe the concept of a Red-Black tree and its operations.,on-topic
computer_science_algorithms,on-topic,What are the primary applications of the A* search algorithm?,on-topic
computer_science_algorithms,on-topic,What factors influence the efficiency of cache replacement algorithms?,on-topic
computer_science_algorithms,on-topic,How do you implement a self-balancing AVL tree and what are its benefits?,on-topic
computer_science_algorithms,on-topic,How does the RSA encryption algorithm ensure data security?,on-topic
computer_science_algorithms,on-topic,How can you optimize a bubble sort algorithm?,on-topic
computer_science_algorithms,on-topic,What is the difference between Edmonds' algorithm and other minimum cut algorithms?,on-topic
computer_science_algorithms,on-topic,How does the Dijkstra's Algorithm ensure finding the shortest path in a graph?,on-topic
computer_science_algorithms,on-topic,How can hash functions affect the performance and security of hashing algorithms?,on-topic
computer_science_algorithms,on-topic,How can the simplex method be used to solve linear programming problems?,on-topic
computer_science_algorithms,on-topic,What is the main idea behind the greedy algorithm approach?,on-topic
computer_science_algorithms,on-topic,What is the role of memoization in optimizing recursive algorithms?,on-topic
computer_science_algorithms,on-topic,How does the Rabin-Karp algorithm perform string searching using hashing?,on-topic
computer_science_algorithms,on-topic,How can quantum algorithms potentially outperform classical algorithms on certain computational problems?,on-topic
computer_science_algorithms,on-topic,Explain the Viterbi algorithm and its use in sequence analysis.,on-topic
computer_science_algorithms,on-topic,What is the time complexity of the quicksort algorithm?,on-topic
computer_science_algorithms,on-topic,What are the advantages of using the Union-Find data structure in algorithms?,on-topic
computer_science_algorithms,on-topic,What is a suffix tree and how is it used in string processing algorithms?,on-topic
computer_science_algorithms,on-topic,"How does binary search work, and under what conditions can you use it?",on-topic
computer_science_algorithms,on-topic,What is the purpose of using a minimum spanning tree algorithm?,on-topic
computer_science_algorithms,on-topic,What is the purpose of a balancing algorithm in load distribution?,on-topic
computer_science_algorithms,on-topic,Explain the concept of a binary heap and its applications in implementing priority queues.,on-topic
computer_science_algorithms,on-topic,Can you explain the concept of memoization in dynamic programming?,on-topic
computer_science_algorithms,on-topic,"What is the RSA algorithm, and how does it secure data transmission?",on-topic
computer_science_algorithms,on-topic,What is the role of pivot selection in the efficiency of the quicksort algorithm?,on-topic
computer_science_algorithms,on-topic,How does the Boyer-Moore algorithm significantly improve string search time complexity?,on-topic
computer_science_algorithms,on-topic,"What is memoization, and how does it differ from dynamic programming?",on-topic
computer_science_algorithms,on-topic,"How does the Binary Search algorithm work on a sorted array, and what is its time complexity?",on-topic
computer_science_algorithms,on-topic,"What is a neural network algorithm, and how is it used in machine learning?",on-topic
computer_science_algorithms,on-topic,What are the typical use cases for implementing a skip list data structure?,on-topic
computer_science_algorithms,on-topic,"What is a spanning tree, and how does Kruskal's algorithm find it?",on-topic
computer_science_algorithms,on-topic,How does the binary search algorithm find an element in a sorted array?,on-topic
computer_science_algorithms,on-topic,"What is memoization in the context of dynamic programming, and how does it improve algorithm efficiency?",on-topic
computer_science_algorithms,on-topic,"Explain how a binary search tree can become unbalanced, and how this is rectified.",on-topic
computer_science_algorithms,on-topic,Compare the efficiency of insertion sort and selection sort.,on-topic
computer_science_algorithms,on-topic,How can you perform a breadth-first traversal on a tree?,on-topic
computer_science_algorithms,on-topic,Explain how backtracking is used to solve the N-Queens problem.,on-topic
computer_science_algorithms,on-topic,"What is an NP-complete problem, and why is it significant in computer science?",on-topic
computer_science_algorithms,on-topic,Discuss the divide and conquer approach in algorithm design.,on-topic
computer_science_algorithms,on-topic,What is Quine-McCluskey algorithm used for in computer science?,on-topic
computer_science_algorithms,on-topic,What is the objective of the PageRank algorithm and how is it implemented?,on-topic
computer_science_algorithms,on-topic,"In the context of dynamic programming, what is memoization, and how does it improve performance?",on-topic
computer_science_algorithms,on-topic,Explain how dynamic programming can be applied to solve the knapsack problem.,on-topic
computer_science_algorithms,on-topic,How can dynamic programming be used to solve the Fibonacci sequence more efficiently?,on-topic
computer_science_algorithms,on-topic,What optimizations does the Floyd-Warshall algorithm offer for finding shortest paths?,on-topic
computer_science_algorithms,on-topic,Explain the time complexity of the QuickSort algorithm in the worst case and best case scenarios.,on-topic
computer_science_algorithms,on-topic,Explain the Boyer-Moore string search algorithm.,on-topic
computer_science_algorithms,on-topic,Describe the process of topological sorting in a Directed Acyclic Graph (DAG).,on-topic
computer_science_algorithms,on-topic,How does a Red-Black tree ensure balanced height for efficient operations?,on-topic
computer_science_algorithms,on-topic,Explain the time complexity of the Merge Sort algorithm.,on-topic
computer_science_algorithms,on-topic,How do you implement a depth-first search on a tree and what are its applications?,on-topic
computer_science_algorithms,on-topic,What is the time complexity of the binary search algorithm?,on-topic
computer_science_algorithms,on-topic,Describe the differences between a greedy algorithm and dynamic programming.,on-topic
computer_science_algorithms,on-topic,Explain the purpose and functionality of a hash table in computer science.,on-topic
computer_science_algorithms,on-topic,What is the difference between depth-first search (DFS) and breadth-first search (BFS) in graph traversal?,on-topic
computer_science_algorithms,on-topic,How does the insertion sort algorithm work and when is it most effective?,on-topic
computer_science_algorithms,on-topic,Can you describe the main steps of the PageRank algorithm used by search engines?,on-topic
computer_science_algorithms,on-topic,How does recursive depth calculation work in computing the longest path in a tree?,on-topic
computer_science_algorithms,on-topic,How do backtracking algorithms differ from brute-force algorithms?,on-topic
computer_science_algorithms,on-topic,Explain the primary differences between a directed and an undirected graph.,on-topic
computer_science_algorithms,on-topic,"What role does the Traveling Salesman Problem play in computer science, and how do heuristic methods provide solutions?",on-topic
computer_science_algorithms,on-topic,Describe how a topological sort is performed on a Directed Acyclic Graph (DAG).,on-topic
computer_science_algorithms,on-topic,How does the MergeSort algorithm differ from BubbleSort in terms of efficiency and approach?,on-topic
computer_science_algorithms,on-topic,How do decision trees work in the context of machine learning classification problems?,on-topic
computer_science_algorithms,on-topic,What is the main advantage of using a hash table over a binary search tree for searching operations?,on-topic
computer_science_algorithms,on-topic,How does backtracking facilitate solving constraint satisfaction problems like Sudoku?,on-topic
computer_science_algorithms,on-topic,"What is a PageRank algorithm, and how is it used in search engines?",on-topic
computer_science_algorithms,on-topic,How does the Boyer-Moore algorithm efficiently perform pattern matching in strings?,on-topic
computer_science_algorithms,on-topic,"How do you implement a breadth-first search (BFS), and when is it preferable over depth-first search?",on-topic
computer_science_algorithms,on-topic,How does the Boyer-Moore string search algorithm improve performance?,on-topic
computer_science_algorithms,on-topic,Describe different types of sorting algorithms and their ideal use cases.,on-topic
computer_science_algorithms,on-topic,How do LIFO and FIFO principles apply to stacks and queues?,on-topic
computer_science_algorithms,on-topic,How does the Viterbi Algorithm apply in the field of Hidden Markov Models?,on-topic
computer_science_algorithms,on-topic,How can you efficiently merge two binary heaps?,on-topic
computer_science_algorithms,on-topic,"What is the Viterbi algorithm, and how is it applied in decoding hidden Markov models?",on-topic
computer_science_algorithms,on-topic,In what scenarios would you use a red-black tree over a binary search tree?,on-topic
computer_science_algorithms,on-topic,What is the Rabin-Karp algorithm and how does it improve string matching?,on-topic
computer_science_algorithms,on-topic,How can you use Kadane’s algorithm to find the maximum subarray sum?,on-topic
computer_science_algorithms,on-topic,How does a Binary Search algorithm work?,on-topic
computer_science_algorithms,on-topic,What are the key differences between I/O-bound and CPU-bound algorithms?,on-topic
computer_science_algorithms,on-topic,Explain the concept of a Monte Carlo Algorithm and its applications.,on-topic
computer_science_algorithms,on-topic,What is an example of an NP-complete problem?,on-topic
computer_science_algorithms,on-topic,"What is a hash table, and how does it handle collisions?",on-topic
computer_science_algorithms,on-topic,What is bitmasking and how is it used in algorithms to solve combinatorial problems?,on-topic
computer_science_algorithms,on-topic,How does a Turing machine formalize the concept of computability?,on-topic
computer_science_algorithms,on-topic,What are the key differences between cryptographic hashing algorithms like SHA-256 and MD5?,on-topic
computer_science_algorithms,on-topic,What are the applications of divide-and-conquer strategies in algorithm design?,on-topic
computer_science_algorithms,on-topic,Describe how Prim’s algorithm finds a minimum spanning tree.,on-topic
computer_science_algorithms,on-topic,What are the primary differences between supervised learning algorithms and unsupervised learning algorithms?,on-topic
computer_science_algorithms,on-topic,How does the A* algorithm optimize pathfinding in graphs?,on-topic
computer_science_algorithms,on-topic,What is memoization and in which sort of problems is it used?,on-topic
computer_science_algorithms,on-topic,How does the Boyer-Moore algorithm efficiently search for substrings in a text?,on-topic
computer_science_algorithms,on-topic,How can you detect a cycle in a linked list using Floyd's Tortoise and Hare algorithm?,on-topic
computer_science_algorithms,on-topic,How does the Cocke-Younger-Kasami (CYK) parsing algorithm work for context-free grammars?,on-topic
computer_science_algorithms,on-topic,Describe the concept of divide and conquer with an example.,on-topic
computer_science_algorithms,on-topic,"How do you implement depth-first search (DFS) in a graph, and what are its use cases?",on-topic
computer_science_algorithms,on-topic,How do you implement a heap sort algorithm?,on-topic
computer_science_algorithms,on-topic,How do dynamic programming techniques like memoization improve algorithm efficiency?,on-topic
computer_science_algorithms,on-topic,How does the Rabin-Karp algorithm improve substring search performance?,on-topic
computer_science_algorithms,off-topic,What is the main purpose of a carousel in an amusement park?,off-topic
computer_science_algorithms,off-topic,What is the main purpose of a carousel at an amusement park?,off-topic
computer_science_algorithms,off-topic,What is the best way to care for a palm tree indoors?,off-topic
computer_science_algorithms,off-topic,What is the best time of year to plant pumpkins in a home garden?,off-topic
computer_science_algorithms,off-topic,What color patterns can be found on the wings of a monarch butterfly?,off-topic
computer_science_algorithms,off-topic,What color are the tents typically found at a carnival?,off-topic
computer_science_algorithms,off-topic,What is the primary purpose of a symphony orchestra in performing classical music?,off-topic
computer_science_algorithms,off-topic,What is the best way to care for a bouquet of flowers to ensure they last longer?,off-topic
computer_science_algorithms,off-topic,What type of flowers are typically included in a spring meadow bouquet?,off-topic
computer_science_algorithms,off-topic,What color is the sky during a sunset?,off-topic
computer_science_algorithms,off-topic,What is the main purpose of a library?,off-topic
computer_science_algorithms,off-topic,What color is a hibiscus flower typically when it blooms?,off-topic
computer_science_algorithms,off-topic,What is the wingspan of an average butterfly?,off-topic
computer_science_algorithms,off-topic,What types of flowers are typically found in a traditional English garden?,off-topic
computer_science_algorithms,off-topic,What is the best type of wine to pair with a seafood dish?,off-topic
computer_science_algorithms,off-topic,What color is an elephant typically painted in traditional Indian festivals?,off-topic
computer_science_algorithms,off-topic,What is the average height of a fully grown rainforest tree?,off-topic
computer_science_algorithms,off-topic,What is the main ingredient used to make a traditional tiramisu dessert?,off-topic
computer_science_algorithms,off-topic,What type of fish is commonly found in a home aquarium?,off-topic
computer_science_algorithms,off-topic,What color is the light emitted by a typical lighthouse at night?,off-topic
computer_science_algorithms,off-topic,What is the best type of sand to use for building a sturdy sandcastle at the beach?,off-topic
computer_science_algorithms,off-topic,What is the tallest palm tree species in the world?,off-topic
computer_science_algorithms,off-topic,What type of wine pairs best with a cheese platter?,off-topic
computer_science_algorithms,off-topic,What is your favorite type of dessert to eat during a thunderstorm?,off-topic
computer_science_algorithms,off-topic,What is the process for tuning a guitar to standard E tuning?,off-topic
computer_science_algorithms,off-topic,What color are the petals of the flowers in a typical garden?,off-topic
computer_science_algorithms,off-topic,"What color were the feathers of a velociraptor, if it had any?",off-topic
computer_science_algorithms,off-topic,What is the main ingredient used in making hibiscus tea?,off-topic
computer_science_algorithms,off-topic,How many different types of flowers are typically found in a bouquet?,off-topic
computer_science_algorithms,off-topic,What is the average weight of a pumpkin used in Halloween decorations?,off-topic
computer_science_algorithms,off-topic,What is the best time to plant pumpkins in a temperate climate?,off-topic
computer_science_algorithms,off-topic,What is your favorite type of dessert to enjoy after a hearty meal?,off-topic
computer_science_algorithms,off-topic,What is the primary difference between a red hibiscus and a yellow hibiscus in terms of flower color?,off-topic
computer_science_algorithms,off-topic,What is the best way to fold an origami crane?,off-topic
computer_science_algorithms,off-topic,What color are the elephants usually depicted as in children's storybooks?,off-topic
computer_science_algorithms,off-topic,How many rooms are typically found in a medieval castle?,off-topic
computer_science_algorithms,off-topic,What is the best way to clean an aquarium without disturbing the fish?,off-topic
computer_science_algorithms,off-topic,What is the main ingredient used to create vibrant colors in traditional oil paintings?,off-topic
computer_science_algorithms,off-topic,What type of grapes are commonly grown in a vineyard to produce Chardonnay wine?,off-topic
computer_science_algorithms,off-topic,What is the primary diet of an elephant in the wild?,off-topic
computer_science_algorithms,off-topic,What is the main purpose of a palm tree's fronds?,off-topic
computer_science_algorithms,off-topic,How do you build a sandcastle with multiple towers?,off-topic
computer_science_algorithms,off-topic,How do jellyfish navigate in the ocean currents?,off-topic
computer_science_algorithms,off-topic,What is your favorite animal to fold when making origami?,off-topic
computer_science_algorithms,off-topic,What is the process of making wine from harvested grapes?,off-topic
computer_science_algorithms,off-topic,What is the best time of year to plant pumpkin seeds in a home garden?,off-topic
computer_science_algorithms,off-topic,What is your favorite type of dessert to enjoy at a picnic?,off-topic
computer_science_algorithms,off-topic,What color is a pumpkin typically?,off-topic
computer_science_algorithms,off-topic,What is the main purpose of a lighthouse?,off-topic
computer_science_algorithms,off-topic,What is your favorite type of dessert to enjoy after a meal?,off-topic
computer_science_algorithms,off-topic,How do jellyfish navigate through ocean currents?,off-topic
computer_science_algorithms,off-topic,What is the main theme of a traditional Japanese haiku poem?,off-topic
computer_science_algorithms,off-topic,What is the most popular ride at a typical carnival?,off-topic
computer_science_algorithms,off-topic,What are the main differences between red and white wine in terms of flavor and production?,off-topic
computer_science_algorithms,off-topic,What color does the sky typically turn during a sunset?,off-topic
computer_science_algorithms,off-topic,What is your favorite poem about a glacier?,off-topic
computer_science_algorithms,off-topic,What is the best way to care for a bicycle chain to ensure a smooth ride?,off-topic
computer_science_algorithms,off-topic,What is the best technique for building a sturdy sandcastle on the beach?,off-topic
computer_science_algorithms,off-topic,What is the primary grape variety used in producing Bordeaux wine?,off-topic
computer_science_algorithms,off-topic,What is your favorite dessert to eat while visiting a museum?,off-topic
computer_science_algorithms,off-topic,What color are the flowers typically found on a hibiscus plant?,off-topic
computer_science_algorithms,off-topic,What type of flowers are best suited for a shaded garden?,off-topic
computer_science_algorithms,off-topic,What is the average wingspan of an albatross?,off-topic
computer_science_algorithms,off-topic,What is the main purpose of a lighthouse during foggy weather?,off-topic
computer_science_algorithms,off-topic,What type of fish is most commonly found in a freshwater aquarium?,off-topic
computer_science_algorithms,off-topic,What's your favorite type of wine to enjoy while watching a sunset?,off-topic
computer_science_algorithms,off-topic,What is the main ingredient needed to carve a pumpkin for Halloween?,off-topic
computer_science_algorithms,off-topic,What is the main difference between a Baroque and a Romantic opera?,off-topic
computer_science_algorithms,off-topic,What is the main difference between a lagoon and a bay?,off-topic
computer_science_algorithms,off-topic,What is the name of the famous museum located in Paris known for housing the Mona Lisa?,off-topic
computer_science_algorithms,off-topic,What is the process for making wine from hibiscus flowers?,off-topic
computer_science_algorithms,off-topic,"What color were the feathers of the most famous dinosaur, the Velociraptor?",off-topic
computer_science_algorithms,off-topic,What colors can you typically see in the sky during a sunset?,off-topic
computer_science_algorithms,off-topic,What color should I use to paint the sky in a landscape painting?,off-topic
computer_science_algorithms,off-topic,What type of grapes are typically grown in a vineyard to produce Chardonnay wine?,off-topic
computer_science_algorithms,off-topic,What is the best type of sand to use for building a sandcastle at the beach?,off-topic
computer_science_algorithms,off-topic,What is the process for aging wine in oak barrels?,off-topic
computer_science_algorithms,off-topic,What is the average lifespan of an elephant in the wild?,off-topic
computer_science_algorithms,off-topic,What is the primary purpose of a lighthouse by the ocean?,off-topic
computer_science_algorithms,off-topic,What is the average time it takes for a banana to ripen when left at room temperature?,off-topic
computer_science_algorithms,off-topic,What types of flowers are best suited for a shaded garden?,off-topic
computer_science_algorithms,off-topic,What colors are commonly used to paint a sunset scene?,off-topic
computer_science_algorithms,off-topic,How do you carve a spooky face into a pumpkin for Halloween?,off-topic
computer_science_algorithms,off-topic,What kind of animals are commonly found in the Amazon rainforest?,off-topic
computer_science_algorithms,off-topic,What is the best time to watch the sunrise from a hammock?,off-topic
computer_science_algorithms,off-topic,What colors are typically used to paint a sunset on the horizon?,off-topic
computer_science_algorithms,off-topic,What is the best time of day to watch a sunset from a hammock?,off-topic
computer_science_algorithms,off-topic,What color are the flowers on a typical hibiscus plant?,off-topic
computer_science_algorithms,off-topic,What is the main ingredient used in making a traditional bouquet garni for soups?,off-topic
computer_science_algorithms,off-topic,What is the main ingredient used in making a traditional pumpkin pie?,off-topic
computer_science_algorithms,off-topic,What is the typical number of rooms found in a luxurious mansion?,off-topic
computer_science_algorithms,off-topic,What is the main architectural style of medieval castles?,off-topic
computer_science_algorithms,off-topic,What colors are commonly found on a butterfly's wings?,off-topic
computer_science_algorithms,off-topic,What type of fish is best suited for a freshwater aquarium?,off-topic
computer_science_algorithms,off-topic,How many bedrooms does a typical mansion have?,off-topic
computer_science_algorithms,off-topic,What type of trees are most commonly found in a tropical rainforest?,off-topic
computer_science_algorithms,off-topic,What color is the light in a lighthouse when it shines at night?,off-topic
computer_science_algorithms,off-topic,What are the primary colors used in painting a sunset?,off-topic
computer_science_algorithms,off-topic,What time of day is best for watching a sunset?,off-topic
computer_science_algorithms,off-topic,What is the main purpose of a river in an ecosystem?,off-topic
computer_science_algorithms,off-topic,What color were the scales of a Tyrannosaurus rex?,off-topic
computer_science_algorithms,off-topic,What is the main ingredient used to make a traditional wooden bicycle frame?,off-topic
computer_science_algorithms,off-topic,What is the main purpose of an orchestra pit in an opera house?,off-topic
computer_science_algorithms,off-topic,What color patterns are commonly found on a butterfly's wings?,off-topic
computer_science_algorithms,off-topic,What is the best way to fold a paper crane using the art of origami?,off-topic
computer_science_algorithms,off-topic,What is the process of fermenting grapes to produce wine in a vineyard?,off-topic
computer_science_algorithms,off-topic,What type of climate is best for growing hibiscus plants?,off-topic
computer_science_algorithms,off-topic,What is the traditional process for folding an origami crane?,off-topic
computer_science_algorithms,off-topic,How do you choose the right type of fish for a home aquarium?,off-topic
computer_science_algorithms,off-topic,What time of day is best for watching a sunset over the ocean?,off-topic
computer_science_algorithms,off-topic,What type of dessert is traditionally served at a carnival?,off-topic
computer_science_algorithms,off-topic,What kind of flowers are typically included in a wedding bouquet?,off-topic
computer_science_algorithms,off-topic,What colors are typically used to paint a serene meadow scene?,off-topic
computer_science_algorithms,off-topic,What type of butterflies are most commonly found in a garden?,off-topic
computer_science_algorithms,off-topic,What is the best time of year to visit a vineyard for wine tasting?,off-topic
computer_science_algorithms,off-topic,What is the primary habitat of jellyfish in the ocean?,off-topic
computer_science_algorithms,off-topic,What is the best time of year to visit a vineyard for grape harvesting?,off-topic
computer_science_algorithms,off-topic,What is the primary habitat of the Amazon rainforest?,off-topic
computer_science_algorithms,off-topic,What is the process for making wine from grapes grown in a vineyard?,off-topic
computer_science_algorithms,off-topic,What color is the roof of a typical fairytale castle?,off-topic
computer_science_algorithms,off-topic,What color is a typical lighthouse?,off-topic
computer_science_algorithms,off-topic,How often should you change the water in a home aquarium to keep the fish healthy?,off-topic
computer_science_algorithms,off-topic,How does a glacier form over time in a mountainous region?,off-topic
computer_science_algorithms,off-topic,What type of grapes are typically grown in a vineyard to produce Merlot wine?,off-topic
computer_science_algorithms,off-topic,How do you fold an origami crane?,off-topic
computer_science_algorithms,off-topic,What time does the sunset occur in the summer months?,off-topic
computer_science_algorithms,off-topic,What is the best way to build a stable sandcastle on the beach?,off-topic
computer_science_algorithms,off-topic,How do jellyfish move through the water?,off-topic
computer_science_algorithms,off-topic,What color is a pumpkin typically in the fall?,off-topic
computer_science_algorithms,off-topic,What is the best time to watch a sunrise in a meadow?,off-topic
computer_science_algorithms,off-topic,What is the best time of year to visit a lagoon for birdwatching?,off-topic
computer_science_algorithms,off-topic,What is the average lifespan of a banana plant in the rainforest?,off-topic
computer_science_algorithms,off-topic,What color is the peel of a ripe banana?,off-topic
computer_science_algorithms,off-topic,What is the best time of day to enjoy a sunrise?,off-topic
computer_science_algorithms,off-topic,What time does the opera usually start in Vienna?,off-topic
computer_science_algorithms,off-topic,What is the best technique to fold an origami crane?,off-topic
computer_science_algorithms,off-topic,How many petals are typically found in a daisy bouquet?,off-topic
computer_science_algorithms,off-topic,What color are the leaves of a palm tree typically during the summer?,off-topic
computer_science_algorithms,off-topic,What is the best way to fold a paper crane using origami techniques?,off-topic
computer_science_algorithms,off-topic,What is the best way to fold a paper crane in origami?,off-topic
computer_science_algorithms,off-topic,What is the best time of day to build a sandcastle on the beach?,off-topic
computer_science_algorithms,off-topic,What is the primary purpose of a symphony conductor during a musical performance?,off-topic
computer_science_algorithms,off-topic,"What color is the lighthouse in the painting ""The Storm"" by Winslow Homer?",off-topic
computer_science_algorithms,off-topic,What is the best material to use when making a hammock for relaxing in the garden?,off-topic
computer_science_algorithms,off-topic,How many grapes does it take to produce a bottle of wine?,off-topic
computer_science_algorithms,off-topic,What color is a typical sunrise on a clear morning?,off-topic
computer_science_algorithms,off-topic,What is the best type of dinosaur to include in a children's book about adventures?,off-topic
computer_science_algorithms,off-topic,What is the most common color used in ocean-themed paintings?,off-topic
computer_science_algorithms,off-topic,What is the main purpose of the Dewey Decimal System in a library?,off-topic
computer_science_algorithms,off-topic,What colors are typically seen in a sunset?,off-topic
computer_science_algorithms,off-topic,What is the main ingredient used to make a classic cheesecake?,off-topic
computer_science_algorithms,off-topic,What type of fish can you commonly find in a public aquarium's coral reef exhibit?,off-topic
computer_science_algorithms,off-topic,What colors are typically seen during a sunset?,off-topic
computer_science_algorithms,off-topic,What is the best time of year to plant tulips in a garden?,off-topic
computer_science_algorithms,off-topic,What is the main ingredient used in creating origami paper sculptures?,off-topic
computer_science_algorithms,off-topic,What is the best time of year to see butterflies in a meadow?,off-topic
computer_science_algorithms,off-topic,What time does the sun usually set in the summer?,off-topic
computer_science_algorithms,off-topic,What color are most pumpkins when they are ready to be harvested?,off-topic
computer_science_algorithms,off-topic,What is the best way to arrange hibiscus flowers in a bouquet for a summer wedding?,off-topic
computer_science_algorithms,off-topic,What is the best way to hang a hammock between two trees in a forest?,off-topic
computer_science_algorithms,off-topic,What is the process for making wine in a vineyard?,off-topic
computer_science_algorithms,off-topic,What is the main diet of butterflies in the wild?,off-topic
computer_science_algorithms,off-topic,What type of flowers are best for attracting butterflies to a garden?,off-topic
computer_science_algorithms,off-topic,What type of paper is traditionally used to create origami models?,off-topic
computer_science_algorithms,off-topic,What is the effect of moonlight on the growth of plants in a rainforest?,off-topic
computer_science_algorithms,off-topic,What is the best time of year to relax in a hammock by a lagoon?,off-topic
computer_science_algorithms,off-topic,What is the best technique for folding an origami crane?,off-topic
computer_science_algorithms,off-topic,How tall can a typical palm tree grow in a tropical environment?,off-topic
computer_science_algorithms,off-topic,What time does the carousel in the town park usually start operating?,off-topic
computer_science_algorithms,off-topic,What type of fish are best suited for a freshwater aquarium?,off-topic
computer_science_algorithms,off-topic,What is the main role of the conductor in a symphony orchestra?,off-topic
computer_science_algorithms,off-topic,What color is a typical sunset?,off-topic
computer_science_algorithms,off-topic,What color are the flowers typically found in a meadow during spring?,off-topic
computer_science_algorithms,off-topic,How does a glacier form and move over time?,off-topic
computer_science_algorithms,off-topic,What is the main ingredient used to make a classic tiramisu dessert?,off-topic
computer_science_algorithms,off-topic,How often do elephants visit water fountains in their natural habitat?,off-topic
computer_science_algorithms,off-topic,What is the best way to set up a hammock between two trees for a relaxing afternoon nap?,off-topic
computer_science_algorithms,off-topic,What is the primary purpose of a butterfly's colorful wings?,off-topic
computer_science_algorithms,off-topic,What is the main ingredient in a banana cream pie?,off-topic
computer_science_algorithms,off-topic,How do you build a sandcastle that can withstand the wind at the beach?,off-topic
computer_science_algorithms,off-topic,What is the wingspan of a monarch butterfly?,off-topic
computer_science_algorithms,off-topic,What color do bananas turn when they ripen?,off-topic
computer_science_algorithms,off-topic,What is the primary purpose of a fountain in a public park?,off-topic
computer_science_algorithms,off-topic,What color are most butterflies' wings?,off-topic
computer_science_algorithms,off-topic,What colors are typically used in a traditional carnival mask?,off-topic
computer_science_algorithms,off-topic,What is the best time of day to watch the sunrise over a mountain?,off-topic
computer_science_algorithms,off-topic,How many colors can a butterfly's wings have?,off-topic
computer_science_algorithms,off-topic,What is the best type of paper to use for creating intricate origami designs?,off-topic
computer_science_algorithms,off-topic,What is the best way to describe the colors of a sunset over a forest?,off-topic
computer_science_algorithms,off-topic,What time does the sun usually set over the mountains in the summer?,off-topic
computer_science_algorithms,off-topic,What is your favorite dessert to enjoy while sitting in a hammock during a thunderstorm?,off-topic
computer_science_algorithms,off-topic,What is the favorite food of a jellyfish?,off-topic
computer_science_algorithms,off-topic,How often do butterflies migrate across large distances?,off-topic
computer_science_algorithms,off-topic,What is the main difference between a red wine and a white wine?,off-topic
computer_science_algorithms,off-topic,What is the average depth of a typical lagoon?,off-topic
computer_science_algorithms,off-topic,How do you build a sandcastle that can withstand a light breeze at the beach?,off-topic
computer_science_algorithms,off-topic,What is the main ingredient in a banana smoothie?,off-topic
computer_science_algorithms,off-topic,What is the best time of year to visit a butterfly garden?,off-topic
computer_science_algorithms,off-topic,What year did the first public opera house open in Venice?,off-topic
computer_science_algorithms,off-topic,What is the main ingredient in a hibiscus tea?,off-topic
computer_science_algorithms,off-topic,What is your favorite type of dessert to enjoy at a carnival?,off-topic
computer_science_algorithms,off-topic,What time does the sun usually set over a mountain range in autumn?,off-topic
computer_science_algorithms,off-topic,What is the average growth time for a pumpkin to reach full size?,off-topic
computer_science_algorithms,off-topic,What is the main ingredient used to make a bouquet of flowers?,off-topic
computer_science_algorithms,off-topic,How does a hibiscus plant typically respond to being watered daily?,off-topic
computer_science_algorithms,off-topic,What type of tree is most commonly found in a rainforest?,off-topic
computer_science_algorithms,off-topic,What is the main ingredient used in building a medieval castle?,off-topic
computer_science_algorithms,off-topic,What time does the sun usually rise over the mountains in the summer?,off-topic
computer_science_algorithms,off-topic,What is the traditional process of folding a paper crane in origami?,off-topic
computer_science_algorithms,off-topic,What is the primary diet of a Triceratops?,off-topic
computer_science_algorithms,off-topic,What type of grapes are best suited for making a full-bodied red wine?,off-topic
computer_science_algorithms,off-topic,How do you fold a paper crane in origami?,off-topic
computer_science_algorithms,off-topic,What is the best season to visit a vineyard for grape harvesting?,off-topic
computer_science_algorithms,off-topic,What time of day does the sun typically rise over a meadow?,off-topic
computer_science_algorithms,off-topic,What is your favorite type of dessert to enjoy while watching the moonlight?,off-topic
computer_science_algorithms,off-topic,What causes the vibrant colors during a sunrise?,off-topic
computer_science_algorithms,off-topic,What is the largest glacier in the world?,off-topic
computer_science_algorithms,off-topic,How many pages are in the largest book found in a library?,off-topic
computer_science_algorithms,off-topic,What color are the wings of a Monarch butterfly?,off-topic
computer_science_algorithms,off-topic,What is your favorite type of hammock for relaxing on a sunny afternoon?,off-topic
computer_science_algorithms,off-topic,How do you fold a paper crane using the art of origami?,off-topic
computer_science_algorithms,off-topic,What is the average lifespan of a goldfish in an aquarium?,off-topic
computer_science_algorithms,off-topic,What is the best time of year to carve a pumpkin for Halloween?,off-topic
computer_science_algorithms,off-topic,How long does it typically take to build a sandcastle at the beach?,off-topic
computer_science_algorithms,off-topic,What is the name of the longest river in the world?,off-topic
computer_science_algorithms,off-topic,What is the most common type of flower found in a meadow?,off-topic
computer_science_algorithms,off-topic,What is the most famous painting housed in the Louvre Museum?,off-topic
computer_science_algorithms,off-topic,What type of grapes are commonly grown in a vineyard for making red wine?,off-topic
computer_science_algorithms,off-topic,What kind of fish are commonly found in a home aquarium?,off-topic
computer_science_algorithms,off-topic,"What is the main plot of the opera ""La Bohème""?",off-topic
computer_science_algorithms,off-topic,What is the best way to hang a hammock between two palm trees on the beach?,off-topic
computer_science_algorithms,off-topic,What is the best time of year to see wildflowers in a mountain meadow?,off-topic
computer_science_algorithms,off-topic,What time of day is best to watch a sunrise?,off-topic
computer_science_algorithms,off-topic,What time does the sunset usually occur during the summer months?,off-topic
computer_science_algorithms,off-topic,What is the best way to tune a guitar for playing classical music?,off-topic
computer_science_algorithms,off-topic,What is the best time of year to harvest grapes in a vineyard?,off-topic
computer_science_algorithms,off-topic,What is the best time of day to watch the sunrise?,off-topic
computer_science_algorithms,off-topic,What are the main benefits of using a hammock for relaxation in your backyard?,off-topic
computer_science_algorithms,off-topic,How many gallons of water does a typical home aquarium hold?,off-topic
computer_science_algorithms,off-topic,What time does the museum open on weekends?,off-topic
computer_science_algorithms,off-topic,What color are the flowers typically found in a sunflower garden?,off-topic
computer_science_algorithms,off-topic,What is the best way to arrange roses and lilies in a bouquet for a wedding?,off-topic
computer_science_algorithms,off-topic,What time does the sun usually set over the lagoon?,off-topic
computer_science_algorithms,off-topic,What colors are typically seen in a sunset over a calm lagoon?,off-topic
computer_science_algorithms,off-topic,How do you carve a pumpkin into a jack-o'-lantern?,off-topic
computer_science_algorithms,off-topic,How do you properly arrange flowers in a bouquet for a wedding?,off-topic
computer_science_algorithms,off-topic,What is the best way to hang a hammock between two trees in your backyard?,off-topic
computer_science_algorithms,off-topic,What is the tallest castle in the world?,off-topic
computer_science_algorithms,off-topic,What color is a typical pumpkin?,off-topic
computer_science_algorithms,off-topic,How many gallons of water does a typical aquarium hold?,off-topic
computer_science_algorithms,off-topic,What is the best time of day to photograph a sunset over a castle?,off-topic
computer_science_algorithms,off-topic,What color were the wings of the first butterfly you ever saw?,off-topic
computer_science_algorithms,off-topic,What is the primary ingredient in making a banana smoothie?,off-topic
computer_science_algorithms,off-topic,What color were most Triceratops dinosaurs believed to be?,off-topic
computer_science_algorithms,off-topic,What is the best time of day to watch the sunrise over a river?,off-topic
computer_science_algorithms,off-topic,What is the average lifespan of a butterfly in the wild?,off-topic
computer_science_algorithms,off-topic,What is the main difference between a Tyrannosaurus rex and a Stegosaurus?,off-topic
computer_science_algorithms,off-topic,What is the average number of butterfly species found in a typical meadow during the summer?,off-topic
computer_science_algorithms,off-topic,What is the best time of day to see the sunrise over a lagoon?,off-topic
computer_science_algorithms,off-topic,What color are most ripe bananas?,off-topic
computer_science_algorithms,off-topic,What types of flowers are best for attracting butterflies to a garden?,off-topic
computer_science_algorithms,off-topic,What time does the library open on weekends?,off-topic
computer_science_algorithms,off-topic,What color are the roses typically found in a romantic bouquet?,off-topic
computer_science_algorithms,off-topic,What is the main purpose of a moat surrounding a castle?,off-topic
computer_science_algorithms,off-topic,What is the tallest known dinosaur species?,off-topic
computer_science_algorithms,off-topic,What type of grapes are typically grown in a vineyard?,off-topic
computer_science_algorithms,off-topic,What colors are most commonly found in a bouquet of wildflowers?,off-topic
computer_science_algorithms,off-topic,What color are the clownfish typically found in a home aquarium?,off-topic
computer_science_algorithms,off-topic,What is the best technique for building a sturdy sandcastle?,off-topic
computer_science_algorithms,off-topic,How do you carve a pumpkin for Halloween?,off-topic
computer_science_algorithms,off-topic,What is the best type of fish to keep in a home aquarium?,off-topic
computer_science_algorithms,off-topic,What is the main purpose of a rainforest ecosystem?,off-topic
computer_science_algorithms,off-topic,What is the main function of a lighthouse in guiding ships?,off-topic
computer_science_algorithms,off-topic,What time does the sun typically rise in the summer?,off-topic
computer_science_algorithms,off-topic,How many different species of fish can be found in the Pacific Ocean?,off-topic
computer_science_algorithms,off-topic,What color are the wings of a monarch butterfly?,off-topic
computer_science_algorithms,off-topic,What is the most popular wine produced at a vineyard in Napa Valley?,off-topic
computer_science_algorithms,off-topic,What is the wingspan of a typical butterfly?,off-topic
computer_science_algorithms,off-topic,What is the main ingredient used to make a traditional Tiramisu dessert?,off-topic
computer_science_algorithms,off-topic,What colors are typically seen in a sunset over a meadow?,off-topic
computer_science_algorithms,off-topic,What color are the flowers of a typical hibiscus plant?,off-topic
computer_science_algorithms,off-topic,What time does the sun usually set on the horizon during summer?,off-topic
computer_science_algorithms,off-topic,How tall is the average African elephant?,off-topic
computer_science_algorithms,off-topic,What types of animals are commonly found in a rainforest?,off-topic
computer_science_algorithms,off-topic,What color is the sand on a typical ocean beach?,off-topic
computer_science_algorithms,off-topic,How many types of fish can typically be found in a home aquarium?,off-topic
computer_science_algorithms,off-topic,What is your favorite type of dessert to enjoy while watching a sunset?,off-topic
computer_science_algorithms,off-topic,What color are the feathers of a velociraptor in popular depictions of dinosaurs?,off-topic
computer_science_algorithms,off-topic,"What is the main theme of the poem ""The Road Not Taken"" by Robert Frost?",off-topic
computer_science_algorithms,off-topic,How many hammocks can fit between two palm trees on a beach?,off-topic
computer_science_algorithms,off-topic,What is the best way to peel a ripe banana without breaking it?,off-topic
computer_science_algorithms,off-topic,What time does the sunrise typically occur in the month of June?,off-topic
computer_science_algorithms,off-topic,What time does the carousel usually start operating at the amusement park?,off-topic
computer_science_algorithms,off-topic,What is the best time of year to plant hibiscus in a tropical garden?,off-topic
computer_science_algorithms,off-topic,What type of paper is best for creating an intricate origami crane?,off-topic
computer_science_algorithms,off-topic,What is the process for making wine from grapes?,off-topic
computer_science_algorithms,off-topic,How long does it take for a pumpkin to fully mature after planting?,off-topic
computer_science_algorithms,off-topic,What colors are typically seen during a sunrise?,off-topic
computer_science_algorithms,off-topic,What colors are typically used in paintings of sunsets?,off-topic
computer_science_algorithms,off-topic,What is the average time it takes for a pumpkin to grow from seed to harvest?,off-topic
computer_science_algorithms,off-topic,What type of flowers are commonly found in a bouquet?,off-topic
computer_science_algorithms,off-topic,What time of day do you usually see a sunset?,off-topic
computer_science_algorithms,off-topic,What is the primary diet of a triceratops dinosaur?,off-topic
computer_science_algorithms,off-topic,What is the primary purpose of a lighthouse in maritime navigation?,off-topic
computer_science_algorithms,off-topic,What is your favorite dessert to eat while sitting by a fountain?,off-topic
computer_science_algorithms,off-topic,What is the main ingredient used to make paper for origami?,off-topic
computer_science_algorithms,off-topic,How is moonlight used to influence the growth of grapes in a vineyard?,off-topic
computer_science_algorithms,off-topic,What color were the feathers on a Velociraptor?,off-topic
computer_science_algorithms,off-topic,What is the primary cause of a volcanic eruption?,off-topic
computer_science_algorithms,off-topic,What time does the sun usually set behind a mountain in the summertime?,off-topic
computer_science_algorithms,off-topic,What color is the sky when illuminated by moonlight?,off-topic
computer_science_algorithms,off-topic,What color are the leaves on a typical palmtree?,off-topic
computer_science_algorithms,off-topic,"What is the main storyline of the opera ""Carmen""?",off-topic
computer_science_algorithms,off-topic,What color are hibiscus flowers typically known for?,off-topic
computer_science_algorithms,off-topic,What is the best way to prepare for a visit to a museum about ancient history?,off-topic
computer_science_algorithms,off-topic,How does a glacier form over thousands of years?,off-topic
computer_science_algorithms,off-topic,What is the main ingredient in a classic cheesecake?,off-topic
computer_science_algorithms,off-topic,How many different species of fish can be found in a typical aquarium?,off-topic
computer_science_algorithms,off-topic,What color is an elephant typically?,off-topic
computer_science_algorithms,off-topic,What color are most carousels traditionally painted?,off-topic
computer_science_algorithms,off-topic,What type of flowers are commonly used in a bridal bouquet?,off-topic
computer_science_algorithms,off-topic,What is the average lifespan of a dinosaur?,off-topic
computer_science_algorithms,off-topic,What is the best type of paintbrush to use when creating a watercolor painting of a palm tree?,off-topic
computer_science_algorithms,off-topic,What time does the sunrise typically occur during the summer solstice?,off-topic
computer_science_algorithms,off-topic,What is your favorite flavor of ice cream to enjoy during a summer carnival?,off-topic
computer_science_algorithms,off-topic,What time does the sun usually set during a summer carnival by the ocean?,off-topic
computer_science_algorithms,off-topic,What color is the light emitted from a lighthouse at night?,off-topic
computer_science_algorithms,off-topic,What color is the water in a typical garden fountain?,off-topic
computer_science_algorithms,off-topic,How many horses are typically found on a traditional carousel?,off-topic
computer_science_algorithms,off-topic,How do you build a sandcastle that can withstand ocean waves?,off-topic
computer_science_algorithms,off-topic,What time does the aquarium usually feed the penguins?,off-topic
computer_science_algorithms,off-topic,What time does the sunrise typically occur over a lagoon in the summer?,off-topic
computer_science_algorithms,off-topic,What materials were commonly used in the construction of medieval castles?,off-topic
computer_science_algorithms,off-topic,What is the average size of a pumpkin used for carving during Halloween?,off-topic
computer_science_algorithms,off-topic,What is the best way to hang a hammock between two palm trees?,off-topic
computer_science_algorithms,off-topic,What is the main ingredient needed to bake a chocolate cake?,off-topic
computer_science_algorithms,off-topic,What color was the dragon that guarded the medieval castle?,off-topic
computer_science_algorithms,off-topic,How many people does it typically take to operate a lighthouse?,off-topic
computer_science_algorithms,off-topic,What time does the dolphin show start at the aquarium?,off-topic
computer_science_algorithms,off-topic,What ingredients do you need to build a sturdy sandcastle?,off-topic
computer_science_algorithms,off-topic,What is the best time of year to visit a symphony orchestra concert?,off-topic
computer_science_algorithms,off-topic,What is the best way to tune a guitar for a classical music performance?,off-topic
computer_science_algorithms,off-topic,What type of grapes are typically used to make a classic Bordeaux wine?,off-topic
computer_science_algorithms,off-topic,What type of soil is best for growing pumpkins in a vineyard?,off-topic
computer_science_algorithms,off-topic,How do you make a paper crane using origami techniques?,off-topic
computer_science_algorithms,off-topic,What color does the sky turn during a sunset?,off-topic
computer_science_algorithms,off-topic,What is the main ingredient used in making a classic tiramisu dessert?,off-topic
computer_science_algorithms,off-topic,What colors are typically used to depict a sunrise in a painting?,off-topic
computer_science_algorithms,off-topic,What is your favorite animal to ride on a carousel?,off-topic
computer_science_algorithms,off-topic,What is the average lifespan of a butterfly?,off-topic
computer_science_algorithms,off-topic,What types of grapes are commonly grown in a vineyard?,off-topic
computer_science_algorithms,off-topic,What is the process of harvesting grapes in a vineyard?,off-topic
computer_science_algorithms,off-topic,What color is the flower of a hibiscus plant?,off-topic
computer_science_algorithms,off-topic,What is the main attraction at a typical carnival?,off-topic
computer_science_algorithms,off-topic,What type of flowers are best suited for planting in a shaded garden?,off-topic
computer_science_algorithms,off-topic,What colors are typically used to paint a lighthouse?,off-topic
computer_science_algorithms,off-topic,What is the most common grape variety grown in vineyards for producing red wine?,off-topic
computer_science_algorithms,off-topic,What is your favorite type of dessert to enjoy by the ocean?,off-topic
computer_science_algorithms,off-topic,What is the name of the river that flows through Paris?,off-topic
computer_science_algorithms,off-topic,What is the process by which a glacier forms and moves over time?,off-topic
computer_science_algorithms,off-topic,What color is most commonly used for painting sunsets?,off-topic
computer_science_algorithms,off-topic,What time does the sun typically set over a lighthouse on the coast?,off-topic
computer_science_algorithms,off-topic,What is the best way to build a sturdy sandcastle by the beach?,off-topic
computer_science_algorithms,off-topic,What is the most common flower found in a meadow bouquet?,off-topic
computer_science_algorithms,off-topic,What time does the sunset usually occur at a tropical lagoon?,off-topic
computer_science_algorithms,off-topic,How do you build a sandcastle that can withstand a rising tide?,off-topic
computer_science_algorithms,off-topic,How do jellyfish move through the water without bones?,off-topic
computer_science_algorithms,off-topic,What is the best technique for carving a pumpkin for Halloween?,off-topic
computer_science_algorithms,off-topic,What is the best way to tie a hammock between two palm trees?,off-topic
computer_science_algorithms,off-topic,What type of food do jellyfish primarily consume in the ocean?,off-topic
computer_science_algorithms,off-topic,What color are the leaves in a tropical rainforest?,off-topic
computer_science_algorithms,off-topic,What colors are typically used to paint a sunrise over a mountain range?,off-topic
computer_science_algorithms,off-topic,What type of bicycle is best suited for mountain trails?,off-topic
computer_science_algorithms,off-topic,How many species of butterflies can be found in a tropical rainforest?,off-topic
computer_science_algorithms,off-topic,What is the most popular flower used in a wedding bouquet?,off-topic
computer_science_algorithms,off-topic,What color is the moonlight when it illuminates a quiet meadow at night?,off-topic
computer_science_algorithms,off-topic,What type of plants are best suited for a shaded garden area?,off-topic
computer_science_algorithms,off-topic,What is the average weight of a fully grown pumpkin?,off-topic
computer_science_algorithms,off-topic,What is the main purpose of a volcano in shaping the Earth's landscape?,off-topic
computer_science_algorithms,off-topic,What is the best way to arrange different colored stones in a necklace design?,off-topic
computer_science_algorithms,off-topic,What is the average height of a mountain in the Himalayas?,off-topic
computer_science_algorithms,off-topic,What color is the lighthouse on Crescent Island?,off-topic
computer_science_algorithms,off-topic,What colors are typically seen in a sunset over the ocean?,off-topic
computer_science_algorithms,off-topic,What is the main purpose of a lighthouse along a rocky coastline?,off-topic
computer_science_algorithms,off-topic,What is the main ingredient used to make a pumpkin pie?,off-topic
computer_science_algorithms,off-topic,What colors are typically found in a bouquet of wildflowers?,off-topic
computer_science_algorithms,off-topic,What color is an elephant's skin?,off-topic
computer_science_algorithms,off-topic,What colors are typically used to paint a sunset scene?,off-topic
computer_science_algorithms,off-topic,What is the best way to build a sandcastle that can withstand a high tide?,off-topic
computer_science_algorithms,off-topic,What color are the sails on a traditional lighthouse?,off-topic
computer_science_algorithms,off-topic,What color is the forest during autumn?,off-topic
computer_science_algorithms,off-topic,What is the main ingredient used to make a traditional apple pie dessert?,off-topic
computer_science_algorithms,off-topic,What is the main ingredient used in making a traditional flower bouquet?,off-topic
computer_science_algorithms,off-topic,What is the primary purpose of a lighthouse?,off-topic
computer_science_algorithms,off-topic,How many rooms are typically found in a luxury mansion?,off-topic
computer_science_algorithms,off-topic,What time does the carnival start tomorrow?,off-topic
computer_science_algorithms,off-topic,What time does the sun usually rise over the horizon in midsummer?,off-topic
computer_science_algorithms,off-topic,What is the typical depth of a lagoon?,off-topic
computer_science_algorithms,off-topic,What is your favorite type of butterfly and why?,off-topic
computer_science_algorithms,off-topic,How many windows does the average lighthouse have?,off-topic
computer_science_algorithms,off-topic,What is the main grape variety used in the production of Bordeaux wine?,off-topic
computer_science_algorithms,off-topic,What is the primary purpose of a thunderstorm in nature?,off-topic
computer_science_algorithms,off-topic,How do jellyfish navigate the ocean currents?,off-topic
computer_science_algorithms,off-topic,What is the process for making a paper crane using origami techniques?,off-topic
computer_science_algorithms,off-topic,What is the primary material used in traditional origami?,off-topic
computer_science_algorithms,off-topic,What is the best time to visit a vineyard for grape harvesting?,off-topic
computer_science_algorithms,off-topic,What time does the sun usually rise over the meadow in spring?,off-topic
computer_science_algorithms,off-topic,What is the main purpose of a rainforest canopy tour?,off-topic
computer_science_algorithms,off-topic,What is the main ingredient used in making red wine?,off-topic
computer_science_algorithms,off-topic,What is your favorite type of dessert to enjoy under a full moon?,off-topic
computer_science_algorithms,off-topic,What is the main purpose of the large glass tanks in an aquarium?,off-topic
computer_science_algorithms,off-topic,How many bananas can fit in a standard grocery bag?,off-topic
computer_science_algorithms,off-topic,What is the average number of horses typically found on a carousel?,off-topic
computer_science_algorithms,off-topic,What types of grapes are best for producing a full-bodied red wine?,off-topic
computer_science_algorithms,off-topic,What do elephants typically eat in their natural habitat?,off-topic
computer_science_algorithms,off-topic,What time does the sun usually rise over the ocean in summer?,off-topic
computer_science_algorithms,off-topic,How often should you clean the glass in a home aquarium to ensure clear visibility?,off-topic
computer_science_algorithms,off-topic,What is the best time of year to plant tulip bulbs in a garden?,off-topic
computer_science_algorithms,off-topic,What is the primary purpose of a vineyard?,off-topic
computer_science_algorithms,off-topic,What is the most popular type of wine produced in France?,off-topic
computer_science_algorithms,off-topic,What is the best season to harvest grapes in a vineyard?,off-topic
computer_science_algorithms,off-topic,What color is an elephant typically painted in children's storybooks?,off-topic
computer_science_algorithms,off-topic,What color is a typical hibiscus flower?,off-topic
computer_science_algorithms,off-topic,What is the best type of wine to enjoy while relaxing in a vineyard?,off-topic
computer_science_algorithms,off-topic,What is the average lifespan of a dinosaur species?,off-topic
computer_science_algorithms,off-topic,What color is a banana when it is ripe?,off-topic
computer_science_algorithms,off-topic,What is the main ingredient used to make traditional carnival cotton candy?,off-topic
computer_science_algorithms,off-topic,What is the best way to care for roses in a garden?,off-topic
computer_science_algorithms,off-topic,What is the average size of a Tyrannosaurus rex compared to other dinosaurs?,off-topic
computer_science_algorithms,off-topic,What type of sand is best for building a sturdy sandcastle?,off-topic
computer_science_algorithms,off-topic,What time of year is best for harvesting grapes in a vineyard?,off-topic
computer_science_algorithms,off-topic,What color are a butterfly's wings when illuminated by moonlight?,off-topic
computer_science_algorithms,off-topic,What kind of grapes are typically grown in a vineyard?,off-topic
computer_science_algorithms,off-topic,How do you fold a piece of paper into an origami crane?,off-topic
computer_science_algorithms,off-topic,What is the average growth time for a banana plant in tropical climates?,off-topic
computer_science_algorithms,off-topic,What is the best way to care for a hibiscus plant in a home garden?,off-topic
computer_science_algorithms,off-topic,What time does the sun typically rise during the summer months?,off-topic
computer_science_algorithms,off-topic,What types of animals are commonly found in a dense forest?,off-topic
computer_science_algorithms,off-topic,What instruments are typically included in a symphony orchestra?,off-topic
computer_science_algorithms,off-topic,What color are the leaves on a palm tree during the summer?,off-topic
computer_science_algorithms,off-topic,What is the purpose of a lighthouse in guiding ships at sea?,off-topic
computer_science_algorithms,off-topic,What types of flowers are commonly used in a wedding bouquet?,off-topic
computer_science_algorithms,off-topic,What is the best time of day to watch the sunrise at the beach?,off-topic
computer_science_algorithms,off-topic,How many steps does it take to climb to the top of a typical lighthouse?,off-topic
computer_science_algorithms,off-topic,What is your favorite type of dessert to enjoy while sitting under a palmtree?,off-topic
computer_science_algorithms,off-topic,What is the best technique for building a sandcastle that can withstand a high tide?,off-topic
computer_science_algorithms,off-topic,What is the best way to plant banana trees in a small garden?,off-topic
computer_science_algorithms,off-topic,How many gallons of water does a typical fountain hold?,off-topic
computer_science_algorithms,off-topic,What color is the inside of a pumpkin?,off-topic
computer_science_algorithms,off-topic,What is the process of carving a pumpkin for Halloween?,off-topic
computer_science_algorithms,off-topic,What is the main difference between a sonnet and a haiku in poetry?,off-topic
computer_science_algorithms,off-topic,What color is a clownfish typically in an aquarium?,off-topic
computer_science_algorithms,off-topic,What color are the leaves of a palm tree?,off-topic
computer_science_algorithms,off-topic,What colors are typically seen in a sunrise over a mountain?,off-topic
computer_science_algorithms,off-topic,What color are the flowers of a hibiscus plant?,off-topic
computer_science_algorithms,off-topic,How many horses are typically used to power a traditional carousel?,off-topic
computer_science_algorithms,off-topic,What color are the flowers of the hibiscus plant typically?,off-topic
computer_science_algorithms,off-topic,What is the main ingredient in a bouquet of wildflowers?,off-topic
computer_science_algorithms,off-topic,What color is a typical lighthouse painted to ensure it is visible from the sea?,off-topic
computer_science_algorithms,off-topic,What is the average lifespan of a banana tree in the rainforest?,off-topic
computer_science_algorithms,off-topic,How long does it take for a banana to ripen on a kitchen counter?,off-topic
computer_science_algorithms,off-topic,What time does the sun usually rise during the summer solstice?,off-topic
computer_science_algorithms,off-topic,What color is a typical lighthouse painted to ensure it is visible during the day?,off-topic
computer_science_algorithms,off-topic,What is the best way to build a sandcastle with multiple towers on a sunny day at the beach?,off-topic
computer_science_algorithms,off-topic,What is the process for polishing a gemstone to make it into a jewel?,off-topic
computer_science_algorithms,off-topic,What type of wine pairs best with a classic Italian pasta dish?,off-topic
computer_science_algorithms,off-topic,What type of fish is commonly found in a tropical aquarium?,off-topic
computer_science_algorithms,off-topic,What is the primary function of a lighthouse in maritime navigation?,off-topic
computer_science_algorithms,off-topic,What is the primary diet of a jellyfish in the ocean?,off-topic
computer_science_algorithms,off-topic,What is the best time of year to visit a glacier for sightseeing?,off-topic
computer_science_algorithms,off-topic,What time does the sunset usually occur in the summer?,off-topic
computer_science_algorithms,off-topic,What is the main purpose of a drawbridge in a medieval castle?,off-topic
computer_science_algorithms,off-topic,What color is the light at the top of a typical lighthouse?,off-topic
computer_science_algorithms,off-topic,What is the main role of a lighthouse in maritime navigation?,off-topic
computer_science_algorithms,off-topic,What kind of plants are best suited for a shaded garden area?,off-topic
computer_science_algorithms,off-topic,What is the name of the tallest mountain in the world?,off-topic
computer_science_algorithms,off-topic,What is the process for a banana to ripen from green to yellow?,off-topic
computer_science_algorithms,off-topic,What is the best way to care for an elephant in a zoo?,off-topic
computer_science_algorithms,off-topic,What color is the light that typically rotates at the top of a lighthouse?,off-topic
computer_science_algorithms,off-topic,How many different types of wine grapes are typically used to produce a Bordeaux blend?,off-topic
computer_science_algorithms,off-topic,What is the best way to tune a six-string guitar for a beginner?,off-topic
computer_science_algorithms,off-topic,What is the best type of sand to use when building a sandcastle?,off-topic
computer_science_algorithms,off-topic,What is the best way to enjoy moonlight while relaxing in a hammock?,off-topic
computer_science_algorithms,off-topic,What time does the carousel in the city park usually start operating on weekends?,off-topic
computer_science_algorithms,off-topic,What type of exhibits can you typically find in a natural history museum?,off-topic
computer_science_algorithms,off-topic,What is the best way to arrange flowers in a bouquet for a summer wedding?,off-topic
computer_science_algorithms,off-topic,How many different types of grapes are typically grown in a vineyard?,off-topic
computer_science_algorithms,off-topic,What is the largest species of fish commonly found in an aquarium?,off-topic
computer_science_algorithms,off-topic,What type of trees typically grow in a forest?,off-topic
computer_science_algorithms,off-topic,What is the tallest mountain in the world?,off-topic
computer_science_algorithms,off-topic,What type of flowers are typically found in a meadow?,off-topic
computer_science_algorithms,off-topic,How many different types of fish can you typically find in a public aquarium?,off-topic
computer_science_algorithms,off-topic,What is your favorite flavor of ice cream to enjoy while watching a sunset?,off-topic
computer_science_algorithms,off-topic,How many windows does a typical mansion have?,off-topic
computer_science_algorithms,off-topic,How long does it take for a pumpkin to fully grow in a garden?,off-topic
computer_science_algorithms,off-topic,How tall can a palm tree typically grow?,off-topic
computer_science_algorithms,off-topic,What is the main purpose of a fountain in a public park?,off-topic
computer_science_algorithms,off-topic,How do you build a sandcastle that can withstand the incoming tide?,off-topic
computer_science_algorithms,off-topic,What is the largest species of elephant found in Africa?,off-topic
computer_science_algorithms,off-topic,How many different types of grapes are typically used to produce red wine?,off-topic
computer_science_algorithms,hard-on-topic,"How might the concept of a ""digital castle"" be utilized in the development of algorithms for secure data transmission?",hard-on-topic
computer_science_algorithms,hard-on-topic,How can the concept of harmony be metaphorically applied to the optimization and balancing processes within distributed algorithms in computer science?,hard-on-topic
computer_science_algorithms,hard-on-topic,How does the Meadow algorithm metaphorically relate to the process of finding optimal paths in computer networks?,hard-on-topic
computer_science_algorithms,hard-on-topic,"How can the concept of a ""Sunrise problem"" be metaphorically used to explain the emergence of sudden changes in computational complexity within algorithmic processing systems?",hard-on-topic
computer_science_algorithms,hard-on-topic,"How might the concept of a ""Carnival"" serve as a metaphor for discussing the unpredictability and organization challenges in developing robust computer science algorithms?",hard-on-topic
computer_science_algorithms,hard-on-topic,"How can the concept of a 'Tapestry' inform our understanding or design of complex algorithms, particularly in terms of managing intricate interdependencies or efficiently weaving multiple data processes together?",hard-on-topic
computer_science_algorithms,hard-on-topic,How does Apple's approach to integrating machine learning algorithms into its devices impact the perception of algorithmic privacy and security in consumer electronics?,hard-on-topic
computer_science_algorithms,hard-on-topic,"How might the principles of waterfall design influence the development of a non-linear algorithm, and what challenges could arise from applying such a methodology to an inherently iterative process?",hard-on-topic
computer_science_algorithms,hard-on-topic,How can concepts of graph traversal algorithms be metaphorically illustrated through the progression of scenes in a theater performance?,hard-on-topic
computer_science_algorithms,hard-on-topic,How can techniques from computer science algorithms be applied to optimize seat allocation in a theater setting to ensure maximum revenue and customer satisfaction?,hard-on-topic
computer_science_algorithms,hard-on-topic,How does the concept of a sundial illustrate the challenges of algorithm efficiency in computing time complexity and resources considering rotational movement in real time?,hard-on-topic
computer_science_algorithms,hard-on-topic,How might the principles of lighthouse positioning inform algorithms for optimizing network signal coverage in distributed systems?,hard-on-topic
computer_science_algorithms,hard-on-topic,How can the algorithmic principles behind blockchain technology be metaphorically related to the way a bicycle chain functions in terms of maintaining consistency and preventing backtracking?,hard-on-topic
computer_science_algorithms,hard-on-topic,How might pathfinding algorithms be optimized to plan routes for a bicycle delivery service in a dynamic urban environment?,hard-on-topic
computer_science_algorithms,hard-on-topic,How might decision trees in a random forest algorithm metaphorically parallel the natural processes and structures found in an ecological forest?,hard-on-topic
computer_science_algorithms,hard-on-topic,"How might the concept of the ""Necklace Problem"" in combinatorics relate to developing efficient algorithms for optimizing distributed systems?",hard-on-topic
computer_science_algorithms,hard-on-topic,How can the metaphor of a hero's journey be used to conceptualize the process of algorithm development and optimization in computer science?,hard-on-topic
computer_science_algorithms,hard-on-topic,How might the design of a queuing algorithm for customer service at a bustling Carnival be analogous to optimizing task scheduling in a distributed computing system?,hard-on-topic
computer_science_algorithms,hard-on-topic,How can the concept of queue management in a carnival be used to optimize scheduling algorithms in distributed systems?,hard-on-topic
computer_science_algorithms,hard-on-topic,How might the layout of a vineyard influence the design of spatial algorithms for optimizing drone-based vine management systems?,hard-on-topic
computer_science_algorithms,hard-on-topic,How might the concept of a kaleidoscope inspire the development of novel algorithms for data visualization in dynamic and high-dimensional datasets?,hard-on-topic
computer_science_algorithms,hard-on-topic,How might the process of inflating a balloon be metaphorically related to dynamic memory allocation in computer science algorithms?,hard-on-topic
computer_science_algorithms,hard-on-topic,"How might the concept of a ""bicycle"" influence the development of algorithms for optimizing path traversal in graph theory?",hard-on-topic
computer_science_algorithms,hard-on-topic,"How can the concept of ""Treasure Map"" algorithms be applied to optimize the search for solutions in complex problem-solving scenarios involving vast, uncharted data terrains?",hard-on-topic
computer_science_algorithms,hard-on-topic,How can the concept of a violin's sound spectrum be metaphorically used to explain the complexity classes in computer science algorithms?,hard-on-topic
computer_science_algorithms,hard-on-topic,How might the concept of symphony serve as a metaphor when designing algorithms that orchestrate distributed microservices in a complex system?,hard-on-topic
computer_science_algorithms,hard-on-topic,How does the Traveling Salesman Problem relate to optimizing the distribution of chocolate in a confectionery supply chain?,hard-on-topic
computer_science_algorithms,hard-on-topic,How might the algorithms used by Apple in their device performance optimization challenge traditional computational theories?,hard-on-topic
computer_science_algorithms,hard-on-topic,"How might the concept of an ""umbrella"" be used metaphorically in discussing the hierarchical structure of complex algorithmic problem-solving strategies?",hard-on-topic
computer_science_algorithms,hard-on-topic,"Can the conceptual journey through the stages of Dijkstra's algorithm be compared to a narrative in storytelling, and how does this metaphor help us understand the algorithm's efficiency in finding the shortest path?",hard-on-topic
computer_science_algorithms,hard-on-topic,"How does the concept of a 'Random Forest' algorithm relate to decision trees in the context of predictive modeling in machine learning, and what are its implications for computational efficiency?",hard-on-topic
computer_science_algorithms,hard-on-topic,How do Snowflake's data partitioning and clustering algorithms optimize query performance compared to traditional database systems?,hard-on-topic
computer_science_algorithms,hard-on-topic,How can the behavior of a swarm of balloons be used as a metaphor to explain the dynamic adjustments in adaptive algorithms?,hard-on-topic
computer_science_algorithms,hard-on-topic,How can the concept of recursion in algorithms be compared to the way Apple products are designed to integrate seamlessly within their ecosystem?,hard-on-topic
computer_science_algorithms,hard-on-topic,How can the concept of a lighthouse be metaphorically employed to describe the operation of certain pathfinding algorithms in complex navigational systems?,hard-on-topic
computer_science_algorithms,hard-on-topic,"How can the concept of a ""river"" inform the design and optimization of streaming algorithms in data processing?",hard-on-topic
computer_science_algorithms,hard-on-topic,How does the Sliding Window technique optimize algorithms in handling dynamic data streams?,hard-on-topic
computer_science_algorithms,hard-on-topic,"How might one categorize a ""Cupcake Sort"" algorithm in the context of traditional sorting algorithms, considering if it were to theoretically arrange data in the most appealing visual form rather than numerically?",hard-on-topic
computer_science_algorithms,hard-on-topic,How might the various algorithms used in data structures optimize the organization of items needed for a digital simulation of a picnic?,hard-on-topic
computer_science_algorithms,hard-on-topic,How can principles of theater lighting design be metaphorically applied to enhance the transparency and interpretability of decision-making processes in machine learning algorithms?,hard-on-topic
computer_science_algorithms,hard-on-topic,How can the concept of a castle be metaphorically used to describe the encapsulation principles in object-oriented programming and its potential impact on algorithm optimization?,hard-on-topic
computer_science_algorithms,hard-on-topic,How can the principles of computational fluid dynamics algorithms help in simulating the eruption patterns of a volcano?,hard-on-topic
computer_science_algorithms,hard-on-topic,How does Apple's design philosophy influence the development of algorithms in optimizing user experience across their devices?,hard-on-topic
computer_science_algorithms,hard-on-topic,"How can the concept of a ""Cupcake algorithm"" be metaphorically used to explain the optimization of resource allocation in distributed computing systems while remaining intriguing to explore whether it truly aligns with conventional algorithmic theory?",hard-on-topic
computer_science_algorithms,hard-on-topic,"How can the depth-first search algorithm be metaphorically explained as a digital ""Paintbrush"" traversing a canvas of connected pixels, and what are the implications of this analogy for understanding recursive tree traversal in graphical data structures?",hard-on-topic
computer_science_algorithms,hard-on-topic,"How can the concept of a ""Lantern"" be metaphorically applied to illuminate hidden layers within complex machine learning algorithms?",hard-on-topic
computer_science_algorithms,hard-on-topic,How can Snowflake's cloud-based architecture influence the implementation and optimization of graph traversal algorithms for handling large datasets?,hard-on-topic
computer_science_algorithms,hard-on-topic,How might a computer science algorithm draw inspiration from a sundial to optimize time-based data processing without using traditional clock functions?,hard-on-topic
computer_science_algorithms,hard-on-topic,"How does the concept of a ""Chocolate Algorithm"" metaphorically relate to hash functions in cryptographic systems?",hard-on-topic
computer_science_algorithms,hard-on-topic,How can the process of deflating a balloon be metaphorically explained using the principles of data compression algorithms?,hard-on-topic
computer_science_algorithms,hard-on-topic,How might one draw parallels between optimizing a search algorithm and finding a path through a mountainous terrain?,hard-on-topic
computer_science_algorithms,hard-on-topic,How could the concept of a 'Melody' in music be analogous to the design and complexity analysis of sorting algorithms in computer science?,hard-on-topic
computer_science_algorithms,hard-on-topic,"How does the concept of a ""carousel"" relate to the design and function of circular buffers in computer science algorithms?",hard-on-topic
computer_science_algorithms,hard-on-topic,"How might the concept of ""Violin plots"" influence the optimization of algorithms in terms of visualizing performance variations?",hard-on-topic
computer_science_algorithms,hard-on-topic,"How might the concept of a ""Butterfly"" pattern be metaphorically applied to illustrate conflicting pathways in designing algorithms for distributed computing systems?",hard-on-topic
computer_science_algorithms,hard-on-topic,How can the concept of a 'Balloon' inspire novel approaches to optimizing the space complexity of data structures in computer algorithms?,hard-on-topic
computer_science_algorithms,hard-on-topic,How might the principles of a violin's sound resonance inform the development of algorithms for optimizing signal processing in audio compression?,hard-on-topic
computer_science_algorithms,hard-on-topic,How might a simulated annealing algorithm be metaphorically described using the cooling and eruptive processes of a volcano?,hard-on-topic
computer_science_algorithms,hard-on-topic,How can the decentralized communication patterns of an octopus inspire the development of more adaptive and efficient distributed algorithms in computer networks?,hard-on-topic
computer_science_algorithms,hard-on-topic,How might the principles of time measurement inspired by a sundial be metaphorically applied to optimizing algorithms for event coordination in distributed systems?,hard-on-topic
computer_science_algorithms,hard-on-topic,How can the architectural planning principles of skyscrapers inspire the design of scalable algorithms in computer science?,hard-on-topic
computer_science_algorithms,hard-on-topic,"How might the concept of a ""Lantern"" inspire innovative approaches to illuminating hidden data structures within complex algorithms?",hard-on-topic
computer_science_algorithms,hard-on-topic,How can principles from the Waterfall model in software development be metaphorically applied to understand the flow and behavior of recursive algorithms in terms of process control and predictability?,hard-on-topic
computer_science_algorithms,hard-on-topic,How might the concept of a sandcastle inform the development of algorithms related to data structure resilience and error handling in distributed systems?,hard-on-topic
computer_science_algorithms,hard-on-topic,How might the concept of a 'Tapestry' be metaphorically applied to the optimization of complex computer science algorithms in terms of their interconnected and layered structures?,hard-on-topic
computer_science_algorithms,hard-on-topic,"How might the ""Pelican Principle"" be metaphorically applied to optimize the efficiency of resource allocation algorithms in dynamic network environments?",hard-on-topic
computer_science_algorithms,hard-on-topic,How can understanding the scheduling algorithms used in a Carnival's ride management system inspire new approaches in optimizing CPU process scheduling?,hard-on-topic
computer_science_algorithms,hard-on-topic,"How might the concept of a waterfall inform the understanding of data flow in non-traditional computation models, and what implications could this have for algorithmic efficiency?",hard-on-topic
computer_science_algorithms,hard-on-topic,How can the concept of a 'spanning forest' be applied to optimize distributed machine learning algorithms in heterogeneous data environments?,hard-on-topic
computer_science_algorithms,hard-on-topic,"Is it possible to design an algorithmic model that effectively treats a diverse set of computational problems under the ""umbrella"" of a common abstraction while maintaining efficiency and scalability?",hard-on-topic
computer_science_algorithms,hard-on-topic,How does the metaphorical concept of a journey influence the design and analysis of pathfinding algorithms in complex networks?,hard-on-topic
computer_science_algorithms,hard-on-topic,How can a sundial's time-telling mechanism be metaphorically related to optimizing computational processes in algorithm design?,hard-on-topic
computer_science_algorithms,hard-on-topic,How can concepts from theater directing inform the design and implementation of algorithms in artificial intelligence?,hard-on-topic
computer_science_algorithms,hard-on-topic,How does the concept of a 'hybrid galaxy' algorithm differ from traditional machine learning models in terms of processing vast datasets?,hard-on-topic
computer_science_algorithms,hard-on-topic,"Is the process of optimally traversing data structures akin to embarking on a journey through an abstract landscape, and how do algorithms determine the most efficient path?",hard-on-topic
computer_science_algorithms,hard-on-topic,How can the concept of a self-correcting error in a parrot's mimicry be analogous to redundancy techniques in computer science algorithms for data integrity?,hard-on-topic
computer_science_algorithms,hard-on-topic,"How might an umbrella data structure be metaphorically utilized to improve the performance of certain computer science algorithms, such as sorting or searching techniques?",hard-on-topic
computer_science_algorithms,hard-on-topic,How can the optimization of a cupcake decoration pattern algorithm be utilized in understanding the complexities of data clustering techniques?,hard-on-topic
computer_science_algorithms,hard-on-topic,"How does the concept of a ""Pelican crossing,"" which coordinates pedestrian traffic, inspire the design of algorithms for managing synchronized access in distributed database systems?",hard-on-topic
computer_science_algorithms,hard-on-topic,How might the efficiency of a bicycle repair algorithm be metaphorically compared to the optimization of a sorting algorithm in computer science?,hard-on-topic
computer_science_algorithms,hard-on-topic,How might the algorithmic complexity of simulating a galaxy's formation inform optimizations in sorting large-scale astrophysical datasets?,hard-on-topic
computer_science_algorithms,hard-on-topic,How has the metaphorical journey of an algorithm's evolution over the decades influenced the way we conceptualize artificial intelligence and machine learning today?,hard-on-topic
computer_science_algorithms,hard-on-topic,"How can the Butterfly Algorithm, primarily known from Fast Fourier Transform applications, be metaphorically related to the optimization process in genetic algorithms?",hard-on-topic
computer_science_algorithms,hard-on-topic,How might Apple's design philosophy influence the development and implementation of new algorithms in their proprietary software products?,hard-on-topic
computer_science_algorithms,hard-on-topic,How does the concept of harmony relate to the optimization process in computer science algorithms when balancing computational efficiency and resource allocation?,hard-on-topic
computer_science_algorithms,hard-on-topic,"How does the concept of a ""sliding window"" help in optimizing algorithms involving contiguous subarray calculations without explicitly moving the window beyond set boundaries?",hard-on-topic
computer_science_algorithms,hard-on-topic,How might the concept of a kaleidoscope influence the design and visualization of data structures in algorithm development?,hard-on-topic
computer_science_algorithms,hard-on-topic,How can the concept of horizon scanning be utilized in the development of machine learning algorithms to anticipate and adapt to emerging data patterns?,hard-on-topic
computer_science_algorithms,hard-on-topic,"How might the concept of a ""lantern"" metaphorically illuminate the dark corners of understanding in complex recursive algorithms?",hard-on-topic
computer_science_algorithms,hard-on-topic,How can the principles of the Traveling Salesman Problem be metaphorically applied to optimize the distribution of a limited supply of chocolate within a large network of vending machines?,hard-on-topic
computer_science_algorithms,hard-on-topic,"How can the metaphor of a ""Butterfly Effect"" be applied to understand the sensitivity of input variations on the output behavior of chaotic algorithms in computer science?",hard-on-topic
computer_science_algorithms,hard-on-topic,How can the principles of dynamic programming be applied to optimize the path of a balloon in a simulated 3D environment?,hard-on-topic
computer_science_algorithms,hard-on-topic,How does the term 'Tapestry' metaphorically illustrate the complexity and intricacy of evolving data structures in graph algorithms?,hard-on-topic
computer_science_algorithms,hard-on-topic,How can a decision forest be utilized to simulate a biological ecosystem in terms of data structures and algorithm design?,hard-on-topic
computer_science_algorithms,hard-on-topic,How would the optimal pathfinding algorithm change if one were to consider a dynamic graph where the nodes are represented by changing rooms within a medieval castle during a virtual reality simulation?,hard-on-topic
computer_science_algorithms,hard-on-topic,"How does the term ""Elephant Flow"" relate to the challenges in optimizing network traffic algorithms?",hard-on-topic
computer_science_algorithms,hard-on-topic,How might the architectural principles of a gingerbread house inspire the creation of more intuitive visual sorting algorithms in computer science?,hard-on-topic
computer_science_algorithms,hard-on-topic,"How might the metaphorical concept of a ""waterfall"" influence the way we perceive the flow of data through a complex system, and can this perspective offer novel insights into the optimization of algorithms for resource allocation?",hard-on-topic
computer_science_algorithms,hard-on-topic,How can principles of Harmony in music composition inspire innovative approaches to solving problems in machine learning algorithms?,hard-on-topic
computer_science_algorithms,hard-on-topic,"How might the concept of a 'Carousel' be metaphorically applied to visualize the iterative process of a round-robin scheduling algorithm, and what challenges arise in maintaining equitable resource distribution?",hard-on-topic
computer_science_algorithms,hard-on-topic,How can the dynamics of a volcanic eruption be modeled using computer science algorithms to optimize data processing in distributed networks?,hard-on-topic
computer_science_algorithms,hard-on-topic,"How might the concept of a ""lantern"" be metaphorically used to explain the illumination of paths in certain graph traversal algorithms?",hard-on-topic
computer_science_algorithms,hard-on-topic,"What similarities can be drawn between the problem of sorting algorithms and choosing a 'jacket' to wear, considering various conditions like the weather and occasion?",hard-on-topic
computer_science_algorithms,hard-on-topic,How can concepts from decision tree forests be metaphorically applied to optimize distributed consensus algorithms?,hard-on-topic
computer_science_algorithms,hard-on-topic,How does Apple's integration of proprietary hardware influence the performance and optimization of sorting algorithms in their operating systems?,hard-on-topic
computer_science_algorithms,hard-on-topic,How can algorithms used for ticket distribution at a carnival optimize attendee satisfaction while managing variance in ride popularity?,hard-on-topic
computer_science_algorithms,hard-on-topic,"How can techniques used in optimizing ocean laser communication networks inform the development of more efficient pathfinding algorithms in large, dynamic data structures?",hard-on-topic
computer_science_algorithms,hard-on-topic,How can the concept of a carousel be applied in the design of load balancing algorithms for distributed systems?,hard-on-topic
computer_science_algorithms,hard-on-topic,How does Apple's pursuit of optimized user experiences influence algorithmic design and computational efficiency in their software applications?,hard-on-topic
computer_science_algorithms,hard-on-topic,How does one embark on the intellectual journey of understanding the connection between ancient navigation algorithms and modern data routing techniques?,hard-on-topic
computer_science_algorithms,hard-on-topic,How might one draw parallels between cultivating a prosperous garden and optimizing a computer algorithm for efficiency?,hard-on-topic
computer_science_algorithms,hard-on-topic,How would the Sandcastle algorithm handle dynamically generated structures within a heuristic search for optimizing memory allocation in virtual environments?,hard-on-topic
computer_science_algorithms,hard-on-topic,How might the Tapestry protocol be adapted to improve routing efficiency in decentralized overlay networks?,hard-on-topic
computer_science_algorithms,hard-on-topic,How might the principles of a violin's sound resonance inspire novel approaches to designing algorithms for efficient data compression?,hard-on-topic
computer_science_algorithms,hard-on-topic,How might the behavior of a flock of pelicans inform the development of parallel algorithms in distributed systems?,hard-on-topic
computer_science_algorithms,hard-on-topic,How can the concept of a lantern be metaphorically applied to illuminate paths in search algorithms and what technical challenges arise from this analogy?,hard-on-topic
computer_science_algorithms,hard-on-topic,How can the concept of a bicycle serve as a metaphor to explain the dynamic programming approach in algorithm design?,hard-on-topic
computer_science_algorithms,hard-on-topic,How might the metaphorical concept of a 'Galaxy' influence the development of distributed algorithms in vast and complex networks?,hard-on-topic
computer_science_algorithms,hard-on-topic,"How might a ""Rainbow Table"" attack exploit weaknesses in hash functions to reverse-engineer original data for cracking password security systems?",hard-on-topic
computer_science_algorithms,hard-on-topic,How can the concept of quicksand metaphorically be used to explain the challenges faced in optimizing recursive algorithms with complex backtracking paths?,hard-on-topic
computer_science_algorithms,hard-on-topic,"How does the concept of ""gingerbread algorithm"" metaphorically relate to the structuring of recursive functions in software development?",hard-on-topic
computer_science_algorithms,hard-on-topic,How does the concept of an operating system's process scheduling algorithm relate to the allocation of resources during a theatrical production?,hard-on-topic
computer_science_algorithms,hard-on-topic,How can an umbrella metaphor be used to explain the concept of abstraction layers in computer science algorithms?,hard-on-topic
computer_science_algorithms,hard-on-topic,How might Apple's design philosophies influence the implementation of user-centric algorithms in operating systems?,hard-on-topic
computer_science_algorithms,hard-on-topic,"How might the ""Elephant Paradox"" metaphorically illustrate the challenge of optimizing data structure memory usage in complex algorithms?",hard-on-topic
computer_science_algorithms,hard-on-topic,How can the concept of a theater's seating arrangement be used to explain the problem of optimal space partitioning in computational algorithms?,hard-on-topic
computer_science_algorithms,hard-on-topic,"How does the concept of the butterfly effect metaphorically relate to the cascading results in heuristic search algorithms, and can this analogy provide any practical insights into improving algorithmic efficiency?",hard-on-topic
computer_science_algorithms,hard-on-topic,What algorithmic approach could one use to simulate the way mountain ranges affect wireless signal propagation in network optimization models?,hard-on-topic
computer_science_algorithms,hard-on-topic,How does the metaphorical journey of an algorithm through the abstract landscapes of data structures influence its performance and efficiency?,hard-on-topic
computer_science_algorithms,hard-on-topic,How might computer science algorithms optimize the use of resources during the time between sunset and sunrise in distributed computing environments?,hard-on-topic
computer_science_algorithms,hard-on-topic,How does the sliding window technique optimize resource allocation in software systems with dynamic demand and variable processing capacity?,hard-on-topic
computer_science_algorithms,hard-on-topic,How can the metaphor of a paintbrush be used to describe the adaptability of heuristic algorithms in solving complex optimization problems in computer science?,hard-on-topic
computer_science_algorithms,hard-on-topic,How might the design of a 'Castle' security model influence the development of algorithms related to network data flow management?,hard-on-topic
computer_science_algorithms,hard-on-topic,"How might a computational algorithm, metaphorically described as a ""lantern"", help illuminate the hidden complexities in data structures when optimizing search operations?",hard-on-topic
computer_science_algorithms,hard-on-topic,"Is Apple's approach to designing user-friendly interfaces influenced by algorithms, or is it primarily driven by human-centered design principles?",hard-on-topic
computer_science_algorithms,hard-on-topic,"How might one conceptualize a scheduling algorithm for virtual processors that resembles the behavior of a fairground carousel, ensuring equitable execution time across tasks while introducing an element of rotational prioritization?",hard-on-topic
computer_science_algorithms,hard-on-topic,"How might a ""Balloon"" sorting algorithm be conceptualized to inflate and deflate elements within a data structure, drawing parallels to air pressure dynamics for optimization?",hard-on-topic
computer_science_algorithms,hard-on-topic,How can the concept of a Symphony be metaphorically applied to the design and optimization of distributed algorithms in computer networks?,hard-on-topic
computer_science_algorithms,hard-on-topic,How might the layout optimization of a Vineyard serve as an analogy in developing algorithms for computational geometry problems?,hard-on-topic
computer_science_algorithms,hard-on-topic,How might the dissemination process of dandelion seeds in nature inspire the development of distributed algorithms for data propagation in decentralized network systems?,hard-on-topic
computer_science_algorithms,hard-on-topic,"How might a computer scientist use algorithms to optimize scheduling and logistics for a large-scale event such as a Carnival, while also incorporating elements of game theory and machine learning?",hard-on-topic
computer_science_algorithms,hard-on-topic,How might a theoretical 'Lantern' algorithm illuminate hidden inefficiencies within distributed computing networks?,hard-on-topic
computer_science_algorithms,hard-on-topic,How would you design an algorithm to efficiently route a fleet of bicycles for optimal delivery paths in a city with dynamic traffic conditions?,hard-on-topic
computer_science_algorithms,hard-on-topic,How does the sliding window technique optimize memory utilization in stream processing algorithms?,hard-on-topic
computer_science_algorithms,hard-on-topic,How might principles of algorithm design be applied to optimize ticket sales strategies in a theater setting?,hard-on-topic
computer_science_algorithms,hard-on-topic,How might the Traveling Salesman Problem analogously be solved by distributing chocolate in a network to optimize taste preferences and minimize delivery time?,hard-on-topic
computer_science_algorithms,hard-on-topic,How does the metaphor of 'the elephant in the room' apply to the challenges faced in optimizing algorithms for large-scale data processing?,hard-on-topic
computer_science_algorithms,hard-on-topic,How might the concept of a sliding window inform the development of an algorithm to optimize data processing in non-traditional computing environments?,hard-on-topic
computer_science_algorithms,hard-on-topic,How does the design and efficiency of a search algorithm metaphorically relate to constructing a gingerbread house in terms of structural integrity and optimal resource usage?,hard-on-topic
computer_science_algorithms,hard-on-topic,How would you design an algorithm to efficiently distribute resources in a network inspired by the way cupcakes are evenly frosted?,hard-on-topic
computer_science_algorithms,hard-on-topic,How might the growth pattern of a dandelion be metaphorically applied to the exploration of search algorithms in non-linear data structures?,hard-on-topic
computer_science_algorithms,hard-on-topic,How can the concept of a musical melody be metaphorically applied to understand the complexity of sorting algorithms in computer science?,hard-on-topic
computer_science_algorithms,hard-on-topic,"How might the principles of a ""Gingerbread"" search algorithm impact data retrieval processes in distributed systems?",hard-on-topic
computer_science_algorithms,hard-on-topic,How can the intricate complexity of a tapestry's design be analogously represented or optimized through computer science algorithms for efficient pattern recognition and processing?,hard-on-topic
computer_science_algorithms,hard-on-topic,How can decision trees in a Random Forest algorithm be tuned to improve prediction accuracy while maintaining computational efficiency in a distributed system?,hard-on-topic
computer_science_algorithms,hard-on-topic,How might one draw parallels between the algorithmic efficiency of sorting techniques and the architectural principles of a Skyscraper?,hard-on-topic
computer_science_algorithms,hard-on-topic,"How might the allocation of resources in a distributed system be analogized using the distribution of cupcake flavors among a diverse group of individuals, considering preferences and constraints?",hard-on-topic
computer_science_algorithms,hard-on-topic,What would be the computational impact on sorting algorithms if we modeled data as a series of volcanic eruptions with unpredictable intervals and magnitudes?,hard-on-topic
computer_science_algorithms,hard-on-topic,How can the concept of a theater's seating arrangement inspire algorithms for task allocation in distributed computing systems?,hard-on-topic
computer_science_algorithms,hard-on-topic,How does the Elephant in the Room heuristic influence the design and efficiency of algorithms in handling outlier data in large-scale computing systems?,hard-on-topic
computer_science_algorithms,hard-on-topic,How might the design of algorithms for the efficient management of apple orchards be influenced by principles used in scheduling processes within Apple's iOS operating system?,hard-on-topic
computer_science_algorithms,hard-on-topic,How does the unique identifier generation in Snowflake's database architecture potentially challenge conventional understanding of distributed systems algorithms?,hard-on-topic
computer_science_algorithms,hard-on-topic,"In the context of pathfinding algorithms, how might a ""Lantern"" metaphor be used to describe the process of illuminating potential routes and evaluating their efficiencies?",hard-on-topic
computer_science_algorithms,hard-on-topic,How might the random behavior of a parrot inspire a novel approach to generating non-deterministic outputs in complex sorting algorithms?,hard-on-topic
computer_science_algorithms,hard-on-topic,"How might the concept of a ""sliding window"" be applied metaphorically to the process of debugging complex algorithms?",hard-on-topic
computer_science_algorithms,hard-on-topic,How can the concept of a 'Vineyard' be utilized to visualize and understand the evolution of data landscapes in topological data analysis algorithms?,hard-on-topic
computer_science_algorithms,hard-on-topic,How can Apple's approach to machine learning optimizations influence the development of new search algorithms in computer science?,hard-on-topic
computer_science_algorithms,hard-on-topic,How might principles from computer science algorithms optimize the design and construction schedules of a skyscraper?,hard-on-topic
computer_science_algorithms,hard-on-topic,How does the concept of a carousel manifest in scheduling algorithms for processes that require cyclic resource allocation?,hard-on-topic
computer_science_algorithms,hard-on-topic,How can the behavior of a pelican inform the design of an adaptive load balancing algorithm in distributed computing systems?,hard-on-topic
computer_science_algorithms,hard-on-topic,"How might the concept of a ""Rainbow Table"" be creatively applied beyond its traditional use in cryptographic algorithms to generate unique data structures or optimize search techniques?",hard-on-topic
computer_science_algorithms,hard-on-topic,How can the 'Necklace Problem' be applied to optimize string comparison algorithms in cryptographic applications?,hard-on-topic
computer_science_algorithms,hard-on-topic,How might the concept of a kaleidoscope inspire novel approaches in designing self-organizing algorithms for distributed systems?,hard-on-topic
computer_science_algorithms,hard-on-topic,How might the concept of dynamic programming in computer science algorithms be metaphorically compared to organizing a sequence of plays in a theater?,hard-on-topic
computer_science_algorithms,hard-on-topic,How can the routing algorithms developed for vehicular traffic be adapted for optimizing bicycle-sharing systems in urban environments?,hard-on-topic
computer_science_algorithms,hard-on-topic,How might a vineyard's irrigation system be optimized using principles from computer science algorithms?,hard-on-topic
computer_science_algorithms,hard-on-topic,"In the context of data stream algorithms, how can the sliding window technique be employed to efficiently compute the moving average of a large dataset while ensuring memory usage remains constant despite variability in data input rates?",hard-on-topic
computer_science_algorithms,hard-on-topic,"How might the concept of a ""Sunrise"" algorithm metaphorically represent the gradual optimization process in machine learning models?",hard-on-topic
computer_science_algorithms,hard-on-topic,How can the concept of a 'Volcano' be metaphorically applied to explain the behavior of certain computational algorithms in distributed systems when handling data overflow and task prioritization?,hard-on-topic
computer_science_algorithms,hard-on-topic,How might one draw parallels between the organization of a carnival and the efficiency of scheduling algorithms in multiprocessor systems?,hard-on-topic
computer_science_algorithms,hard-on-topic,Could the behavior of an octopus navigating its environment inspire a novel algorithm for optimizing complex network routing problems?,hard-on-topic
computer_science_algorithms,hard-on-topic,How might the design principles of a sundial influence the development of algorithms for optimizing time-based data structures in decentralized systems?,hard-on-topic
computer_science_algorithms,hard-on-topic,"What role does a simulated eruption algorithm play in the optimization of resource allocation for network systems, and how does it metaphorically relate to volcanic activity?",hard-on-topic
computer_science_algorithms,hard-on-topic,How does the Parrot algorithm enhance the understanding of human language models in the context of artificial intelligence applications?,hard-on-topic
computer_science_algorithms,hard-on-topic,How can the concept of a kaleidoscope be metaphorically applied to explain the dynamic restructuring of data in self-adjusting binary search trees?,hard-on-topic
computer_science_algorithms,hard-on-topic,How can the concept of a 'Galaxy' inform the development of parallel algorithms in large-scale distributed computing systems?,hard-on-topic
computer_science_algorithms,hard-on-topic,How can principles from ocean currents be applied to develop algorithms for distributed network systems?,hard-on-topic
computer_science_algorithms,hard-on-topic,How does the conceptual structure of a melody influence the development of harmony search algorithms in solving complex optimization problems?,hard-on-topic
computer_science_algorithms,hard-on-topic,How might one optimize a cupcake recipe similar to optimizing a sorting algorithm in terms of time complexity and resource usage?,hard-on-topic
computer_science_algorithms,hard-on-topic,How might the logistics of organizing a carnival influence the design and optimization of algorithms for dynamic resource allocation in cloud computing environments?,hard-on-topic
computer_science_algorithms,hard-on-topic,"How might an ""Octopus algorithm"" that mimics the distributed nervous system of an octopus optimize data packet routing in a decentralized network?",hard-on-topic
computer_science_algorithms,hard-on-topic,How does the concept of a sliding window in software engineering differ from its application in networking protocols when analyzing algorithm performance and efficiency?,hard-on-topic
computer_science_algorithms,hard-on-topic,"How does the ""Elephant in the Room"" analogy help explain the challenges of optimizing algorithms when working with large distributed data systems?",hard-on-topic
computer_science_algorithms,hard-on-topic,"How can the concept of an ""elephant in the room"" metaphorically relate to identifying inefficiencies in a search algorithm within a large-scale distributed system?",hard-on-topic
computer_science_algorithms,hard-on-topic,How might the concept of a river's flow be metaphorically used to understand the propagation of information through a distributed network algorithm?,hard-on-topic
computer_science_algorithms,hard-on-topic,How might a picnic setup inspire the design of distributed algorithms for task allocation in computer networks?,hard-on-topic
computer_science_algorithms,hard-on-topic,"How might the concept of a 'Carousel' be used metaphorically to describe an algorithm that manages cyclic dependencies in concurrent programming, and what challenges could arise from such a comparison?",hard-on-topic
computer_science_algorithms,hard-on-topic,How does the concept of a 'Sunrise Problem' metaphorically relate to challenges in optimizing algorithm efficiency over time?,hard-on-topic
computer_science_algorithms,hard-on-topic,How does the concept of quicksand metaphorically relate to the challenges of developing self-stabilizing algorithms in distributed systems?,hard-on-topic
computer_science_algorithms,hard-on-topic,How can the concept of harmony in music theory inspire the development of algorithms in computer science?,hard-on-topic
computer_science_algorithms,hard-on-topic,How might algorithms inspired by Lantern Festival's organization and dynamic lighting patterns be applied to optimize dynamic resource allocation in distributed computing networks?,hard-on-topic
computer_science_algorithms,hard-on-topic,How can the Snowflake algorithm be utilized to enhance distributed hash table operations while maintaining consistency across a decentralized network?,hard-on-topic
computer_science_algorithms,hard-on-topic,"How can the concept of a ""lantern"" metaphorically illuminate problems in pathfinding algorithms on dynamic graphs?",hard-on-topic
computer_science_algorithms,hard-on-topic,How might an algorithm designed for efficient data retrieval in a distributed database benefit from an abstraction metaphorically similar to a pelican's pouch in terms of adaptive caching strategies?,hard-on-topic
computer_science_algorithms,hard-on-topic,How might the concept of path optimization in bicycle routes inspire the development of more efficient graph traversal algorithms in computer science?,hard-on-topic
computer_science_algorithms,hard-on-topic,How does the Paintbrush algorithm in computational graphics differ in its approach to simulating traditional brush strokes compared to other image processing algorithms?,hard-on-topic
computer_science_algorithms,hard-on-topic,How does the sliding window technique apply to optimizing computational efficiency in real-time streaming data algorithms while managing resource constraints?,hard-on-topic
computer_science_algorithms,hard-on-topic,"How might the concept of ""Mountain"" influence the metaphoric evolution of fitness landscapes in genetic algorithms?",hard-on-topic
computer_science_algorithms,hard-on-topic,How does the concept of 'Harmony Search' inspire novel approaches in developing algorithms for solving large-scale optimization problems beyond its typical applications in engineering contexts?,hard-on-topic
computer_science_algorithms,hard-on-topic,How does the complexity of sorting algorithms relate to the computational feasibility of solving the Chocolate Distribution Problem optimally?,hard-on-topic
computer_science_algorithms,hard-on-topic,What role does the Butterfly network topology play in optimizing parallel algorithms for sorting and data distribution?,hard-on-topic
computer_science_algorithms,hard-on-topic,How can concepts from computer science algorithms be metaphorically applied to the optimization of vineyard layouts and processes?,hard-on-topic
computer_science_algorithms,hard-on-topic,How can concepts of musical harmony be metaphorically applied to develop novel algorithms for distributed systems to optimize load balancing?,hard-on-topic
computer_science_algorithms,hard-on-topic,How might the concept of a Lighthouse metaphorically relate to the optimization challenges in designing decentralized algorithms for distributed systems?,hard-on-topic
computer_science_algorithms,hard-on-topic,How does the Lantern algorithm metaphorically illuminate the path towards optimizing heuristic search strategies in complex computational problems?,hard-on-topic
computer_science_algorithms,hard-on-topic,"How might the ""Lantern"" problem metaphorically illustrate the challenges of optimizing pathfinding algorithms in dynamic or partially illuminated graphs?",hard-on-topic
computer_science_algorithms,hard-on-topic,How might the decentralized problem-solving approach of an octopus's neural network inspire new algorithms for distributed computing systems?,hard-on-topic
computer_science_algorithms,hard-on-topic,How can concepts from seating algorithms in theater design enhance the computational efficiency of multi-threaded processing in computer architecture?,hard-on-topic
computer_science_algorithms,hard-on-topic,How can the concept of flow in river systems inspire innovative approaches to parallel algorithm design in computer science?,hard-on-topic
computer_science_algorithms,hard-on-topic,"How might an algorithm be designed to act as an umbrella, efficiently covering various areas of computational needs in unpredictable environments?",hard-on-topic
computer_science_algorithms,hard-on-topic,"How does the concept of a ""red-black tree"" in computer science relate metaphorically to a reversible jacket and its two-sided functionality?",hard-on-topic
computer_science_algorithms,hard-on-topic,How does the concept of an 'umbrella' influence the design of algorithms that handle unpredictable and dynamic data streams?,hard-on-topic
computer_science_algorithms,hard-on-topic,Could you explore the concept of 'Waterfall' as a software development methodology and discuss how its principles might metaphorically relate to algorithmic problem-solving techniques?,hard-on-topic
computer_science_algorithms,hard-on-topic,What are the potential impacts of introducing a 'Gingerbread' component in enhancing the efficiency of sorting algorithms within distributed systems?,hard-on-topic
computer_science_algorithms,hard-on-topic,How might algorithms designed for optimizing pattern recognition in a tapestry be adapted for use in complex network analysis?,hard-on-topic
computer_science_algorithms,hard-on-topic,How can the concepts of decision trees and random forests be metaphorically related to the growth and management of a natural forest ecosystem in the context of optimizing computer algorithms?,hard-on-topic
computer_science_algorithms,hard-on-topic,How can algorithms inspired by emergent behaviors in natural meadows improve distributed swarm robotics systems?,hard-on-topic
computer_science_algorithms,hard-on-topic,How might algorithms inspired by ocean wave patterns contribute to advances in distributed network protocols?,hard-on-topic
computer_science_algorithms,hard-on-topic,How might the visualization of algorithm efficiency be creatively inspired by the aesthetics and structure of a violin?,hard-on-topic
computer_science_algorithms,hard-on-topic,"How can the concept of a ""Garden of Paths"" metaphorically represent multiple search algorithm strategies in computer science?",hard-on-topic
computer_science_algorithms,hard-on-topic,"How might the concept of an ""umbrella"" be metaphorically used to describe the role of a wrapper function in managing multiple related algorithms within a software framework?",hard-on-topic
computer_science_algorithms,hard-on-topic,"How can the concept of ""Quicksand"" inspire the development of algorithms that adapt dynamically to avoid inefficient resource usage in decentralized networks?",hard-on-topic
computer_science_algorithms,hard-on-topic,How can the concept of a 'Lighthouse' be metaphorically applied to explain the guiding principles of heuristic optimization algorithms?,hard-on-topic
computer_science_algorithms,hard-on-topic,How can the concept of time measurement in a sundial inspire the design of an efficient search algorithm in distributed databases?,hard-on-topic
computer_science_algorithms,hard-on-topic,How might the concepts of meadow ecosystems be metaphorically applied to the optimization of search algorithms in computer science?,hard-on-topic
computer_science_algorithms,hard-on-topic,"How might the concept of a ""Cupcake sorting algorithm"" metaphorically illustrate the challenges of balancing sweetness and complexity in data organization?",hard-on-topic
computer_science_algorithms,hard-on-topic,"How might the concept of a 'Rainbow Table' be used to efficiently crack hashed passwords, and what are the ethical implications of utilizing such a technique?",hard-on-topic
computer_science_algorithms,hard-on-topic,How might an algorithm designed to evolutionarily optimize tower defense strategies apply to designing a virtual castle's defense system in a computer simulation?,hard-on-topic
computer_science_algorithms,hard-on-topic,How might the feeding strategies of an octopus inspire the development of more efficient pathfinding algorithms in complex computer networks?,hard-on-topic
computer_science_algorithms,hard-on-topic,How can butterfly network topology influence the efficiency of data flow algorithms in distributed systems?,hard-on-topic
computer_science_algorithms,hard-on-topic,How might an umbrella data structure be conceptualized to optimize algorithmic efficiency in a weather simulation model?,hard-on-topic
computer_science_algorithms,hard-on-topic,How does the concept of a kaleidoscope influence the design of algorithms that aim to process and display complex and dynamic visual patterns in computer graphics?,hard-on-topic
computer_science_algorithms,hard-on-topic,How might the concept of harmony influence the design principles of distributed consensus algorithms in minimizing network discrepancies?,hard-on-topic
computer_science_algorithms,hard-on-topic,"How does the ""elephant in the room"" analogy relate to common pitfalls in designing efficient search algorithms?",hard-on-topic
computer_science_algorithms,hard-on-topic,"How might the concept of a ""Carousel,"" as used in theme parks for distributing visitors across attractions, be analogous to load balancing algorithms in distributed computing systems?",hard-on-topic
computer_science_algorithms,hard-on-topic,How might the strategic decision-making processes in a computer algorithm be metaphorically compared to the defensive structures of a medieval castle?,hard-on-topic
computer_science_algorithms,hard-on-topic,"How could a ""Balloon"" data structure be used to model and efficiently solve problems in expanding network topologies?",hard-on-topic
computer_science_algorithms,hard-on-topic,"How does the concept of an ""Elephant in the Room"" metaphorically apply when analyzing the efficiency of algorithms in computer science?",hard-on-topic
computer_science_algorithms,hard-on-topic,"When designing a Scheduling algorithm for cloud servers hosted in a skyscraper, how can the physical constraints of vertical data transfer impact algorithm efficiency, and what novel solutions could optimize for these constraints?",hard-on-topic
computer_science_algorithms,hard-on-topic,How can the problem of escaping a virtual castle be represented as a graph traversal algorithm in a manner that challenges typical classifications of algorithm types?,hard-on-topic
computer_science_algorithms,hard-on-topic,How can the concept of a carousel be used as a metaphor to explain the behavior of cache replacement algorithms in computer systems?,hard-on-topic
computer_science_algorithms,hard-on-topic,"How does the concept of ""the elephant in the room"" metaphorically relate to the challenges of optimizing large-scale distributed algorithms in computer science?",hard-on-topic
computer_science_algorithms,hard-on-topic,"How might Snowflake's cloud data platform leverage advanced algorithms to optimize data warehousing and reduce query execution time, while ensuring seamless scalability in a multi-cloud environment?",hard-on-topic
computer_science_algorithms,hard-on-topic,How does the design of a paintbrush tool in graphic editing software relate to pathfinding algorithms in computer science?,hard-on-topic
computer_science_algorithms,hard-on-topic,How can the Traveling Salesman Problem be optimized using a heuristic inspired by the dynamics of star formations in a Galaxy?,hard-on-topic
computer_science_algorithms,hard-on-topic,How might the concept of 'Sunrise' inspire a novel sorting algorithm that visually simulates the gradual unveiling of sorted data?,hard-on-topic
computer_science_algorithms,hard-on-topic,"How does the use of an ""umbrella"" data structure aid in the optimization of algorithmic search strategies in unpredictable environments?",hard-on-topic
computer_science_algorithms,hard-on-topic,How can the concept of a kaleidoscope be metaphorically used to describe the dynamic reconfiguration of data structures in adaptive algorithms?,hard-on-topic
computer_science_algorithms,hard-on-topic,How would you apply algorithmic concepts to optimize the flow of resources in a River network simulation program?,hard-on-topic
computer_science_algorithms,hard-on-topic,How can elephant herding behavior inspire distributed load balancing algorithms in computer networks?,hard-on-topic
computer_science_algorithms,hard-on-topic,How can principles from theater stage management inform the design and optimization of scheduling algorithms in distributed computing systems?,hard-on-topic
computer_science_algorithms,hard-on-topic,How can the Harmony Search algorithm be integrated with neural networks to optimize hyperparameters while maintaining the balance between exploration and exploitation?,hard-on-topic
computer_science_algorithms,hard-on-topic,How can the proliferation patterns of dandelions be analogously modeled using algorithms to optimize network resilience in distributed computing environments?,hard-on-topic
computer_science_algorithms,hard-on-topic,How can ocean currents inspire new computer science algorithms for sorting large datasets efficiently?,hard-on-topic
computer_science_algorithms,hard-on-topic,How might algorithms used in optimizing queue management systems at a Carnival be adapted for improving data packet scheduling in computer networks?,hard-on-topic
computer_science_algorithms,hard-on-topic,How can the metaphor of a 'Journey' be used to describe the dynamic pathways and decision-making processes within a genetic algorithm?,hard-on-topic
computer_science_algorithms,hard-on-topic,"How does the Tapestry algorithm, typically associated with probabilistic routing in peer-to-peer networks, compare to traditional Dijkstra's algorithm in terms of efficiency and reliability for decentralized network pathfinding?",hard-on-topic
computer_science_algorithms,hard-on-topic,How does the journey of data through the layers of a neural network mirror the transformative processes in classic computer science algorithms?,hard-on-topic
computer_science_algorithms,hard-on-topic,How does the Octopus puzzle-solving strategy inspire the design of distributed algorithms in terms of adaptability and resource allocation?,hard-on-topic
computer_science_algorithms,hard-on-topic,"How might the concept of a ""Picnic"" metaphorically illustrate the process of decentralized decision-making in distributed algorithms?",hard-on-topic
computer_science_algorithms,hard-on-topic,How might one draw parallels between constructing a sandcastle and the process of developing and optimizing sorting algorithms in computer science?,hard-on-topic
computer_science_algorithms,hard-on-topic,How might the flight patterns of a pelican inspire the development of new pathfinding algorithms in computer science?,hard-on-topic
computer_science_algorithms,hard-on-topic,How can the concept of ocean currents metaphorically relate to the flow of data in network routing algorithms?,hard-on-topic
computer_science_algorithms,hard-on-topic,How can the concept of a 'Necklace' be applied to optimize circular data structures in computer science algorithms?,hard-on-topic
computer_science_algorithms,hard-on-topic,How does the concept of a 'mountain' metaphorically represent challenges in optimizing search algorithms?,hard-on-topic
computer_science_algorithms,hard-on-topic,How can the growth pattern of dandelion seeds inspire new algorithms for distributed computing systems?,hard-on-topic
computer_science_algorithms,hard-on-topic,How does the concept of a Waterfall model in software development influence the design and implementation of algorithms when transitioning from traditional to agile methodologies?,hard-on-topic
computer_science_algorithms,hard-on-topic,How can the concept of a secret garden be metaphorically applied to discuss hidden layers or components in a complex computer science algorithm?,hard-on-topic
computer_science_algorithms,hard-on-topic,How can the growth pattern of a vineyard be modeled using machine learning algorithms to optimize grape yield?,hard-on-topic
computer_science_algorithms,hard-on-topic,How might the process of inflating a balloon be used as a metaphor to explain the concept of incremental data processing in a computer science algorithm?,hard-on-topic
computer_science_algorithms,hard-on-topic,How might the principles of waterfall project management inadvertently influence the design and efficiency of algorithms in software development?,hard-on-topic
computer_science_algorithms,hard-on-topic,How can Snowflake's cloud data platform architecture be leveraged to optimize real-time data processing algorithms while maintaining efficient resource usage?,hard-on-topic
computer_science_algorithms,hard-on-topic,"How might we design an algorithm to optimize the scheduling and routing of parade floats in a Carnival setting, taking into account unexpected variable changes like weather conditions or crowd density?",hard-on-topic
computer_science_algorithms,hard-on-topic,How might a Lantern-inspired traversal algorithm address non-traditional data structures in complex visual rendering engines?,hard-on-topic
computer_science_algorithms,hard-on-topic,How might the concept of a Tapestry inform the design of distributed algorithms for decentralized search and retrieval of complex data structures?,hard-on-topic
computer_science_algorithms,hard-on-topic,How might the metaphor of designing a multi-layered cupcake assist in understanding the complexities of recursive algorithms in computer science?,hard-on-topic
computer_science_algorithms,hard-on-topic,How does the use of a violin bowing algorithm in a virtual instrument software affect the realism of synthesized musical pieces compared to traditional sampling methods?,hard-on-topic
computer_science_algorithms,hard-on-topic,How can the concept of a random walk in an algorithm be metaphorically related to a meadow's natural pathways in computer science?,hard-on-topic
computer_science_algorithms,hard-on-topic,Can algorithms effectively distinguish between digital artifacts and true treasures within vast datasets?,hard-on-topic
computer_science_algorithms,hard-on-topic,How does the metaphor of a meadow help in understanding the complexity and optimization of search algorithms in data sets with vast expanses of elements?,hard-on-topic
computer_science_algorithms,hard-on-topic,"How does the concept of a ""Picnic"" metaphorically illustrate the challenges in optimizing load balancing algorithms in distributed systems?",hard-on-topic
computer_science_algorithms,hard-on-topic,How can the process of optimizing a recursive algorithm be metaphorically compared to constructing a sandcastle with respect to maintaining structural integrity while minimizing resource use?,hard-on-topic
computer_science_algorithms,hard-on-topic,"How might the behavior of a volcano's eruptive patterns be modeled using machine learning algorithms, and what similarities might these models share with algorithms used for detecting network intrusions?",hard-on-topic
computer_science_algorithms,hard-on-topic,How might the architecture of a castle inspire the design of recursive algorithms for solving maze-like structures in computing?,hard-on-topic
computer_science_algorithms,hard-on-topic,"""How might algorithms be used to optimize the logistics and scheduling of a large-scale event like a Carnival, considering variables such as crowd dynamics, resource allocation, and event timings?""",hard-on-topic
computer_science_algorithms,hard-on-topic,"How does the ""elephant algorithm"" paradoxically manage large data sets, where the term ""elephant"" is merely a metaphor for a pachyderm presence in computational challenges?",hard-on-topic
computer_science_algorithms,hard-on-topic,How can we use ocean wave simulations to model distributed algorithm resilience against data flow disruptions in a networked system?,hard-on-topic
computer_science_algorithms,hard-on-topic,"How can the concept of a ""Meadow"", a seemingly unrelated term in computer science, be metaphorically applied to the development or optimization of specific algorithms?",hard-on-topic
computer_science_algorithms,hard-on-topic,How might chocolate's melting properties analogize the concept of data entropy in optimizing sorting algorithms?,hard-on-topic
computer_science_algorithms,hard-on-topic,How might the architecture of an enchanted castle serve as an allegory for the complex layers and recursion within divide-and-conquer algorithms?,hard-on-topic
computer_science_algorithms,hard-on-topic,How does the concept of a memory carousel impact the efficiency and complexity of cache replacement algorithms in computer architecture?,hard-on-topic
computer_science_algorithms,hard-on-topic,How might the Apple ecosystem's integration and synchronization features implicitly influence the design and performance of distributed algorithms on interconnected devices?,hard-on-topic
computer_science_algorithms,hard-on-topic,"How can the concept of 'Quicksand', often used metaphorically to describe unpredictable and shifting problem spaces, be applied to illustrate challenges in designing adaptive algorithms in dynamic environments?",hard-on-topic
computer_science_algorithms,hard-on-topic,How might the concept of a 'journey' in narrative storytelling be metaphorically applied to understanding the iterative process of algorithm optimization?,hard-on-topic
computer_science_algorithms,hard-on-topic,How might the concept of a Parrot's mimicry inspire the development of algorithms for adaptive learning systems?,hard-on-topic
computer_science_algorithms,hard-on-topic,How might one draw parallels between the design of asynchronous algorithms and the scheduling challenges faced by a theater in coordinating multiple overlapping performances?,hard-on-topic
computer_science_algorithms,hard-on-topic,How might the concept of a carousel influence the design of a round-robin scheduling algorithm in a multiprocessor system?,hard-on-topic
computer_science_algorithms,hard-on-topic,How might the metaphor of a 'paintbrush' inform the design of algorithms for optimizing graphical data structures?,hard-on-topic
computer_science_algorithms,hard-on-topic,How does the term 'jacket' metaphorically apply to the complexity analysis of layered algorithms in computer science?,hard-on-topic
computer_science_algorithms,hard-on-topic,How can concepts from theater arts be metaphorically applied to describe the execution flow of parallel algorithms?,hard-on-topic
computer_science_algorithms,hard-on-topic,How does the concept of a 'treasure map' inform the design of navigation algorithms in unstructured data environments?,hard-on-topic
computer_science_algorithms,hard-on-topic,How might the concepts and team dynamics prevalent in Waterfall project management influence the design and implementation of algorithms in collaborative software development environments?,hard-on-topic
computer_science_algorithms,hard-on-topic,"How can the concept of ""river"" be metaphorically used to describe the flow of data in a stream processing algorithm?",hard-on-topic
computer_science_algorithms,hard-on-topic,How does the concept of a tapestry metaphorically relate to the complexity of designing algorithms for optimizing distributed database systems?,hard-on-topic
computer_science_algorithms,hard-on-topic,How might the growth pattern of a dandelion influence the development of a new data clustering algorithm in computer science?,hard-on-topic
computer_science_algorithms,hard-on-topic,"How might the abstract concept of a ""Melody"" influence the design of pattern recognition algorithms in computational music analysis?",hard-on-topic
computer_science_algorithms,hard-on-topic,How might the metaphor of a paintbrush inform the design and efficiency of algorithms in computational graphics rendering?,hard-on-topic
computer_science_algorithms,hard-on-topic,"How can the concept of an ""Umbrella"" be metaphorically applied to describe the comprehensive nature of a multi-layered algorithm in computational problem-solving?",hard-on-topic
computer_science_algorithms,hard-on-topic,How might the design of a scheduling algorithm be influenced if each task is metaphorically represented by a cupcake with different icing complexities?,hard-on-topic
computer_science_algorithms,hard-on-topic,How might one orchestrate a symphony of parallel processing techniques to optimize the performance of a distributed algorithm in a cloud computing environment?,hard-on-topic
computer_science_algorithms,hard-on-topic,How does the Skyscraper problem metaphorically illustrate the complexities and challenges of developing efficient pathfinding algorithms in large-scale urban simulations?,hard-on-topic
computer_science_algorithms,hard-on-topic,How can the concept of a tapestry be metaphorically applied to understanding the complexity and interwoven nature of algorithmic dependencies in large-scale distributed systems?,hard-on-topic
computer_science_algorithms,hard-on-topic,How might the design principles of a traditional lantern inspire the development of a more efficient sorting algorithm in computer science?,hard-on-topic
computer_science_algorithms,hard-on-topic,Could the peculiar behavior of a Pelican's fishing technique metaphorically inspire optimization strategies in load balancing algorithms?,hard-on-topic
computer_science_algorithms,hard-on-topic,How does the Sunrise problem metaphorically illustrate the optimization challenges in machine learning algorithms?,hard-on-topic
computer_science_algorithms,hard-on-topic,How does the Snowflake data platform utilize distributed computing algorithms to optimize query performance across its cloud-based architecture?,hard-on-topic
computer_science_algorithms,hard-on-topic,How might the design principles of a sundial inspire the development of algorithms for visualizing temporal data in computer science?,hard-on-topic
computer_science_algorithms,hard-on-topic,"How can the concept of a 'carousel', commonly used for iterating through a circular queue, be optimized for load balancing algorithms in distributed computing environments?",hard-on-topic
computer_science_algorithms,hard-on-topic,How might the foraging patterns of a Pelican inspire the development of algorithms in decentralized network systems?,hard-on-topic
computer_science_algorithms,hard-on-topic,How does the concept of 'Sunrise' metaphorically relate to the initialization phase in certain machine learning algorithms?,hard-on-topic
computer_science_algorithms,hard-on-topic,How might the design of vineyard irrigation systems inspire new algorithms for optimizing the distribution of resources in networked computer systems?,hard-on-topic
computer_science_algorithms,hard-on-topic,How might the concept of a kaleidoscope be metaphorically applied to visualize the dynamic behavior of self-adjusting data structures in algorithms?,hard-on-topic
computer_science_algorithms,hard-on-topic,"In what ways can the Necklace problem, known for its combinatorial challenges, inspire innovative approaches to optimizing redundancy in distributed hashing algorithms?",hard-on-topic
computer_science_algorithms,hard-on-topic,How can the concept of 'violin plots' be metaphorically related to optimizing sorting algorithms in computer science?,hard-on-topic
computer_science_algorithms,hard-on-topic,How might the metaphor of an umbrella be used to describe the encapsulation and abstraction mechanisms in object-oriented programming languages when designing algorithms?,hard-on-topic
computer_science_algorithms,hard-on-topic,"How does the concept of the ""horizon effect"" impact the performance of search algorithms in artificial intelligence applications?",hard-on-topic
computer_science_algorithms,hard-on-topic,How can the concept of zip data compression algorithms help design a jacket with optimized thermal insulation properties?,hard-on-topic
computer_science_algorithms,hard-on-topic,How might the metaphor of a 'Forest' be applied to describe the structure and complexity of certain unsupervised machine learning algorithms?,hard-on-topic
computer_science_algorithms,hard-on-topic,"How can the concept of an ""Elephant Flow"" in network traffic analysis impact the efficiency of data routing algorithms?",hard-on-topic
computer_science_algorithms,hard-on-topic,How can the efficiency of a sorting algorithm be metaphorically illustrated by the process of organizing a variety of cupcake ingredients in a bakery?,hard-on-topic
computer_science_algorithms,hard-on-topic,"How can the ""Elephant Flow"" problem, often discussed in network traffic analysis, influence the design and optimization of algorithms for load balancing in distributed systems?",hard-on-topic
computer_science_algorithms,hard-on-topic,"How does the use of a metaphorical ""jacket"" in layering algorithms impact the efficiency of sorting large datasets?",hard-on-topic
computer_science_algorithms,hard-on-topic,How might understanding the concept of an optimal necklace arrangement contribute to advancements in cryptographic hash algorithms?,hard-on-topic
computer_science_algorithms,hard-on-topic,"How does the notion of a ""Horizon Effect"" influence the performance and efficiency of search algorithms in artificial intelligence?",hard-on-topic
computer_science_algorithms,hard-on-topic,How can the Butterfly effect concept influence the stability analysis of sorting algorithms in distributed systems?,hard-on-topic
computer_science_algorithms,hard-on-topic,How can the concept of the 'Butterfly Effect' be metaphorically applied to analyze small changes in the initial dataset of machine learning algorithms and their impact on the model's performance?,hard-on-topic
computer_science_algorithms,hard-on-topic,How might the concept of a sandcastle inspire innovative approaches to designing self-repairing algorithms in distributed computing systems?,hard-on-topic
computer_science_algorithms,hard-on-topic,"How does the concept of a ""jacket"" relate metaphorically to the outer layers of a recursive algorithm's iterative process?",hard-on-topic
computer_science_algorithms,hard-on-topic,How might one draw parallels between the complex structure of a symphony and the intricacies of designing advanced sorting algorithms?,hard-on-topic
computer_science_algorithms,hard-on-topic,How can the process of dandelion seed dispersal be metaphorically related to designing efficient load balancing algorithms in distributed computing systems?,hard-on-topic
computer_science_algorithms,hard-on-topic,"How can the metaphor of ""quicksand"" be used to describe potential pitfalls in the optimization of machine learning algorithms?",hard-on-topic
computer_science_algorithms,hard-on-topic,"How can the design of data visualization patterns, such as a violin plot, influence the complexity of sorting algorithms in computer science applications?",hard-on-topic
computer_science_algorithms,hard-on-topic,How might the concept of a symphony metaphorically relate to the orchestration of parallel algorithms in distributed computing systems?,hard-on-topic
computer_science_algorithms,hard-on-topic,How does the concept of an 'umbrella' relate metaphorically to the abstraction and encapsulation processes in software design patterns?,hard-on-topic
computer_science_algorithms,hard-on-topic,How might the design of an efficient algorithm for pathfinding in a dynamic environment be metaphorically compared to the behavior of a balloon navigating through a complex maze with changing obstacles?,hard-on-topic
computer_science_algorithms,hard-on-topic,How does the Gingerbread Sorting Algorithm metaphorically relate to organizing data structures in a non-traditional manner?,hard-on-topic
computer_science_algorithms,hard-on-topic,How does the structural organization of Snowflake's data warehousing platform influence the performance of parallel algorithms on large-scale data processing tasks?,hard-on-topic
computer_science_algorithms,hard-on-topic,How might organizing rides and attractions at a Carnival illustrate concepts from graph theory or optimization algorithms in computer science?,hard-on-topic
computer_science_algorithms,hard-on-topic,How might the concept of a data structure carousel inspire the development of novel algorithms for managing dynamically prioritized tasks?,hard-on-topic
computer_science_algorithms,hard-on-topic,"How might the ""Volcano"" model of query execution in databases draw parallels with ecological succession models observed in the rejuvenation of landscapes affected by volcanic eruptions?",hard-on-topic
computer_science_algorithms,hard-on-topic,Could analyzing the mechanisms of load balancing in distributed computing systems provide insights similar to optimizing resource distribution in a theoretical model of River flow dynamics?,hard-on-topic
computer_science_algorithms,hard-on-topic,"Can quicksand be metaphorically used to describe the potential pitfalls in recursive backtracking algorithms, and how do these 'quicksand' elements affect computational efficiency and problem-solving approaches?",hard-on-topic
computer_science_algorithms,hard-on-topic,How might the organizational structure of a Carnival be used as an analogy to explain the concept of a distributed algorithm in computer networks?,hard-on-topic
computer_science_algorithms,hard-on-topic,"How can the ""Lantern"" method, a hypothetical algorithm inspired by the diffusion of lantern light, be applied to enhance the efficiency of information propagation in distributed networks?",hard-on-topic
computer_science_algorithms,hard-on-topic,"How might a ""Gingerbread"" algorithm hypothetically optimize the design of a network protocol that ensures efficient data transmission across a distributed system?",hard-on-topic
computer_science_algorithms,hard-on-topic,How can the concept of a sundial be metaphorically applied to optimize the computational efficiency of time-sensitive algorithms?,hard-on-topic
computer_science_algorithms,hard-on-topic,How can the principles of optimizing a chocolate factory's production line be analogous to optimizing algorithm efficiency in computer science?,hard-on-topic
computer_science_algorithms,hard-on-topic,"How might the metaphor of a ""Lantern"" guide the design of an algorithm that must efficiently illuminate all non-trivial nodes in a dynamic graph structure?",hard-on-topic
computer_science_algorithms,hard-on-topic,How might the principles of building a sandcastle inform the design of algorithms for dynamically allocating memory in fluctuating computational environments?,hard-on-topic
computer_science_algorithms,hard-on-topic,"How can the concept of a ""Necklace"" be applied to generate unique permutations in cryptographic algorithms?",hard-on-topic
computer_science_algorithms,hard-on-topic,"How might the concept of a ""mountain"" inspire an unconventional approach to simulating algorithmic optimization in a virtual landscape?",hard-on-topic
computer_science_algorithms,hard-on-topic,How do waterfall models in software development influence the prioritization of algorithm design and complexity analysis in early project stages?,hard-on-topic
computer_science_algorithms,hard-on-topic,How can the concept of a lighthouse guide the optimization of algorithms for processing data streams in distributed systems?,hard-on-topic
computer_science_algorithms,hard-on-topic,"How might the concept of a ""Gingerbread Algorithm"" metaphorically apply to the structural design of recursive functions in software development?",hard-on-topic
computer_science_algorithms,hard-on-topic,"How might the concept of quicksand metaphorically relate to potential pitfalls in recursive algorithm design, especially in regard to stack overflow risks?",hard-on-topic
computer_science_algorithms,hard-on-topic,How might the decentralized decision-making process of an octopus inform the development of distributed algorithms in computer networks?,hard-on-topic
computer_science_algorithms,hard-on-topic,How might an algorithm designed to optimize the flight pattern of a parrot be adapted to solve problems in distributed computing networks?,hard-on-topic
computer_science_algorithms,hard-on-topic,"How can one navigate through the ""Mountain"" of data structures to optimize search algorithms for peak performance?",hard-on-topic
computer_science_algorithms,hard-on-topic,How might a 'Cupcake' algorithm metaphorically illustrate the concept of recursion when applied to data structures like trees?,hard-on-topic
computer_science_algorithms,hard-on-topic,How can the efficiency of a bicycle repair scheduling algorithm be compared to traditional load balancing algorithms in distributed computing systems?,hard-on-topic
computer_science_algorithms,hard-on-topic,"How does the concept of a ""carousel"" influence the design of scheduling algorithms in operating systems when managing cyclic resource allocation?",hard-on-topic
computer_science_algorithms,hard-on-topic,How can ocean wave patterns inspire the design of distributed algorithms for data flow management in computer networks?,hard-on-topic
computer_science_algorithms,hard-on-topic,How can decision trees and random forests be used to model the uncertain behavior of agents navigating through a virtual forest environment in computational simulations?,hard-on-topic
computer_science_algorithms,hard-on-topic,How can the metaphor of a volcano's eruption help in understanding the sudden and explosive growth patterns seen in certain dynamic graph algorithms?,hard-on-topic
computer_science_algorithms,hard-on-topic,"How might the concept of a ""Sandcastle"" inspire the design of algorithms that require temporary and adaptive structures for problem-solving in computer science?",hard-on-topic
computer_science_algorithms,hard-on-topic,How can insights from the design of Theater lighting algorithms be applied to develop more efficient rendering techniques in computer graphics?,hard-on-topic
computer_science_algorithms,hard-on-topic,How can the concept of a Carnival be metaphorically used to explain the processes involved in designing and optimizing algorithms for load balancing in distributed systems?,hard-on-topic
computer_science_algorithms,hard-on-topic,"How does the concept of a ""horizon effect"" impact the performance of heuristic algorithms in decision-making systems?",hard-on-topic
computer_science_algorithms,hard-on-topic,How can the concept of a lighthouse be metaphorically applied to illustrate the process of guiding data through complex maze-solving algorithms in computer science?,hard-on-topic
computer_science_algorithms,hard-on-topic,How can one adapt a traditional search algorithm to efficiently find the peak point in a multi-dimensional dataset that metaphorically represents a mountain landscape?,hard-on-topic
computer_science_algorithms,hard-on-topic,How does the Snowflake data warehousing architecture influence the optimization of complex analytical algorithms compared to traditional database systems?,hard-on-topic
computer_science_algorithms,hard-on-topic,How does the Snowflake data warehousing platform implement efficient query optimization algorithms for large-scale data analysis?,hard-on-topic
computer_science_algorithms,hard-on-topic,How might an octopus-inspired neural network improve optimization algorithms in complex underwater robotic systems?,hard-on-topic
computer_science_algorithms,hard-on-topic,How can the optimization of traversal algorithms be metaphorically related to navigating paths in a meadow with varying terrains?,hard-on-topic
computer_science_algorithms,hard-on-topic,How might the concept of a decision forest be applied to optimize traversal strategies in dynamically changing graph structures?,hard-on-topic
computer_science_algorithms,hard-on-topic,"How can the concept of ""Quicksand"" be metaphorically applied to understand the potential pitfalls of recursive algorithms in terms of stack overflow and inefficient performance?",hard-on-topic
computer_science_algorithms,hard-on-topic,"How might the concept of a ""Melody"" inspire novel data structure designs or algorithms in the realm of computer science?",hard-on-topic
computer_science_algorithms,hard-on-topic,How can the concept of a 'Waterfall' from project management be metaphorically applied to the process of recursive function calls in computing to illustrate pitfalls in non-optimized algorithms?,hard-on-topic
computer_science_algorithms,hard-on-topic,How might a sorting algorithm be conceptually visualized using the idea of inflating or deflating balloons to represent data values?,hard-on-topic
computer_science_algorithms,hard-on-topic,How might the concept of Gingerbread influence the design of heuristic algorithms for optimizing complex data structures?,hard-on-topic
computer_science_algorithms,hard-on-topic,How does Apple's approach to user privacy influence the design and implementation of data encryption algorithms in their devices?,hard-on-topic
computer_science_algorithms,hard-on-topic,How can the concept of Ocean currents be metaphorically applied to optimize data flow in distributed computing networks?,hard-on-topic
computer_science_algorithms,hard-on-topic,"How does the term ""jacket"" correlate with layering techniques in computer algorithms to optimize data processing efficiency?",hard-on-topic
computer_science_algorithms,hard-on-topic,How would you draw an analogy between ocean currents and flow-based algorithms in terms of data processing and efficiency?,hard-on-topic
computer_science_algorithms,hard-on-topic,How does the Snowflake schema design pattern influence the efficiency of data retrieval algorithms in distributed database systems?,hard-on-topic
computer_science_algorithms,hard-on-topic,"How can the concept of ""castle"" be metaphorically used when designing resilient distributed algorithms?",hard-on-topic
computer_science_algorithms,hard-on-topic,"How can the concept of an ""Ocean"" be metaphorically used to illustrate the challenges of optimizing algorithmic depth-first search in expansive and complex graph structures?",hard-on-topic
computer_science_algorithms,hard-on-topic,"How can the concept of a ""Garden"" be metaphorically applied to optimize the growth and pruning algorithms in dynamic data structure management?",hard-on-topic
computer_science_algorithms,hard-on-topic,How does the Lantern algorithm metaphorically illuminate the path in graph traversal similar to techniques used in depth-first or breadth-first search?,hard-on-topic
computer_science_algorithms,hard-on-topic,How can insights from the Tapestry of intricate world cultures inform the design of algorithms for optimizing distributed hash tables?,hard-on-topic
computer_science_algorithms,hard-on-topic,How does the concept of a violin string's tension and vibration relate metaphorically to the balancing of binary search trees in computer science algorithms?,hard-on-topic
computer_science_algorithms,hard-on-topic,"How might a computer science algorithm be designed to optimize the scheduling and operation of rides and booths at a carnival event, taking into consideration both visitor satisfaction and resource constraints?",hard-on-topic
computer_science_algorithms,hard-on-topic,How does the concept of a 'Meadow' relate metaphorically to the exploration of state spaces in optimization algorithms?,hard-on-topic
computer_science_algorithms,hard-on-topic,How might the concept of 'Gingerbread' be used metaphorically to illuminate the processes and structures involved in self-healing algorithms within distributed computing systems?,hard-on-topic
computer_science_algorithms,hard-on-topic,How can the concept of 'Harmony' be metaphorically applied to the balancing of load in distributed computing algorithms?,hard-on-topic
computer_science_algorithms,hard-on-topic,How might the term 'Skyscraper' metaphorically describe the process of optimizing complex algorithms in computational architecture?,hard-on-topic
computer_science_algorithms,hard-on-topic,How might a sundial inspire the design or optimization of algorithms that deal with time-based data in computer science?,hard-on-topic
computer_science_algorithms,hard-on-topic,How can one cultivate an efficient algorithm garden to optimize neural network pruning techniques?,hard-on-topic
computer_science_algorithms,hard-on-topic,"How can the Necklace Problem in computer science, which involves selecting subsequences from a circular sequence, be applied to optimize memory allocation algorithms?",hard-on-topic
computer_science_algorithms,hard-on-topic,How can principles from algorithmic design be utilized to optimize the scheduling of performances in a multi-stage theater venue to maximize audience engagement and resource allocation?,hard-on-topic
computer_science_algorithms,hard-on-topic,How can the concept of a lighthouse be metaphorically used to explain the role of a heuristic in search algorithms?,hard-on-topic
computer_science_algorithms,hard-on-topic,"How does the concept of a ""Parrot Algorithm"" influence natural language processing models and their ability to mimic human-like dialogue patterns?",hard-on-topic
computer_science_algorithms,hard-on-topic,How can algorithms inspired by the management and optimization of a vineyard's resources be applied in computational models to improve data sorting techniques?,hard-on-topic
computer_science_algorithms,hard-on-topic,How might the concept of a 'Lighthouse' be metaphorically applied to the development and implementation of search algorithms in distributed networks?,hard-on-topic
computer_science_algorithms,hard-on-topic,How might the concept of a 'Sandcastle' relate metaphorically to the construction and deconstruction strategies used in self-healing algorithms within distributed systems?,hard-on-topic
computer_science_algorithms,hard-on-topic,How might the concept of a tapestry inform the design and visualization of relationships within complex data structures in algorithmic graph theory?,hard-on-topic
computer_science_algorithms,hard-on-topic,How might the concept of a digital 'Lighthouse' serve as a metaphor for visualizing the guiding principles of heuristics in pathfinding algorithms?,hard-on-topic
computer_science_algorithms,hard-on-topic,"How might the concept of a ""Rainbow Table"" be utilized to address color sorting challenges in multi-dimensional datasets within computer science algorithms?",hard-on-topic
computer_science_algorithms,hard-on-topic,How might a bicycle metaphor be used to explain the concept of Dijkstra's algorithm in terms of path optimization?,hard-on-topic
computer_science_algorithms,hard-on-topic,"How can the concept of a ""rainbow table"" be applied to optimize algorithms for password recovery while ensuring data security?",hard-on-topic
computer_science_algorithms,hard-on-topic,How does the metaphorical concept of 'chocolate algorithms' relate to the balance of complexity and efficiency in sorting operations?,hard-on-topic
computer_science_algorithms,hard-on-topic,"How can the concept of a ""Rainbow Table"" be utilized to enhance the efficiency of hash-based algorithms in computer science while also raising concerns about data security?",hard-on-topic
computer_science_algorithms,hard-on-topic,"How might the concept of a ""secret garden"" be metaphorically applied to the optimization of search algorithms in complex data structures?",hard-on-topic
computer_science_algorithms,hard-on-topic,How does Apple's approach to privacy influence the design and implementation of machine learning algorithms in its ecosystem?,hard-on-topic
computer_science_algorithms,hard-on-topic,How might the efficiency of a search algorithm be metaphorically compared to climbing the floors of a skyscraper in terms of complexity and scalability?,hard-on-topic
computer_science_algorithms,hard-on-topic,How might the concept of a sundial influence the development of algorithms designed for optimizing temporal data structures in distributed computing systems?,hard-on-topic
computer_science_algorithms,hard-on-topic,How does the elephant flows paradigm relate metaphorically to the optimization of certain computer algorithms?,hard-on-topic
computer_science_algorithms,hard-on-topic,How might the optimization of ingredient distribution in a Cupcake recipe be analogous to optimizing resource allocation in a load balancing algorithm?,hard-on-topic
computer_science_algorithms,hard-on-topic,How did Apple utilize sorting algorithms to enhance the efficiency of its supply chain management software?,hard-on-topic
computer_science_algorithms,hard-on-topic,How might the efficiency of sorting algorithms be metaphorically explained by comparing their processes to the way balloons of different sizes rise and organize themselves in the air?,hard-on-topic
computer_science_algorithms,hard-on-topic,How might Apple's design philosophy influence the conceptualization of algorithms in computer science?,hard-on-topic
computer_science_algorithms,hard-on-topic,How can the concept of a round-robin carousel be applied to optimize task scheduling algorithms in distributed computing systems?,hard-on-topic
computer_science_algorithms,hard-on-topic,"How might the concept of a ""Galaxy"" inspire novel algorithms for distributed systems in the context of data clustering and processing?",hard-on-topic
computer_science_algorithms,hard-on-topic,"How might concepts from the classic Castle problem, typically regarding traversal and layout, inspire unique approaches to optimization in maze-solving algorithms?",hard-on-topic
computer_science_algorithms,hard-on-topic,How might the concept of a lighthouse be metaphorically incorporated into optimization algorithms for network routing in distributed systems?,hard-on-topic
computer_science_algorithms,hard-on-topic,How does the Cupcake problem apply to optimizing algorithms in distributed systems?,hard-on-topic
computer_science_algorithms,hard-on-topic,How might the concept of a river's flow influence the understanding and design of data streaming algorithms in distributed systems?,hard-on-topic
computer_science_algorithms,hard-on-topic,"How does the concept of the ""galactic algorithm"" relate to the efficiency of solving computational problems with inputs beyond the typical size encountered in real-world scenarios?",hard-on-topic
computer_science_algorithms,hard-on-topic,"How might the concept of a 'carousel', typically associated with amusement rides, be metaphorically applied to describe certain iterative or circular algorithms in computer science?",hard-on-topic
computer_science_algorithms,hard-on-topic,How might a computer science algorithm simulate the unpredictable eruption patterns of a volcano?,hard-on-topic
computer_science_algorithms,hard-on-topic,"How might the concept of a ""Lantern"" be metaphorically used to illuminate the complexities of understanding the time-space trade-offs in algorithm design?",hard-on-topic
computer_science_algorithms,hard-on-topic,How does the unique feeding mechanism of a pelican inspired bio-inspired algorithms in computational problem solving tackle NP-hard problems?,hard-on-topic
computer_science_algorithms,hard-on-topic,How might the concept of 'Quicksand' inform our understanding when adjusting parameters in optimization algorithms to avoid the pitfalls of premature convergence?,hard-on-topic
computer_science_algorithms,hard-on-topic,How might the concept of Harmony influence the design and implementation of cooperative algorithms in distributed systems?,hard-on-topic
computer_science_algorithms,hard-on-topic,How can principles from graph traversal algorithms be applied to optimize the route planning in a bicycle-sharing system?,hard-on-topic
computer_science_algorithms,hard-on-topic,How can the concept of a mathematical necklace be applied to optimize pattern recognition algorithms in data structures?,hard-on-topic
computer_science_algorithms,hard-on-topic,"How can the River Crossing Puzzle be explained or optimized using graph search algorithms, and what insights does it provide for data flow across distributed systems?",hard-on-topic
computer_science_algorithms,hard-on-topic,"How does the idea of a ""Necklace"" relate to optimization problems in computer science and can it be utilized in crafting algorithms for sorting or pattern recognition in distributed systems?",hard-on-topic
computer_science_algorithms,hard-on-topic,"How might the concept of a ""Rainbow Table"" be creatively applied to enhance data visualization techniques in parallel algorithms?",hard-on-topic
computer_science_algorithms,hard-on-topic,How can the concept of a decision forest be metaphorically applied to optimizing pathfinding algorithms in a digital ecosystem?,hard-on-topic
computer_science_algorithms,hard-on-topic,How does the concept of a waterfall in natural ecosystems metaphorically relate to the limitations of using the Waterfall model in iterative software development processes?,hard-on-topic
computer_science_algorithms,hard-on-topic,"How can the concept of a ""Sunrise problem"" metaphorically represent the emergence of breakthrough algorithms in the evolution of computational complexity theory?",hard-on-topic
computer_science_algorithms,hard-on-topic,How might one draw parallels between the iterative improvement process in designing a gingerbread house and the optimization techniques in genetic algorithms?,hard-on-topic
computer_science_algorithms,hard-on-topic,How might the concept of a 'Mountain' influence the creation of peak-finding algorithms in one-dimensional or multi-dimensional arrays?,hard-on-topic
computer_science_algorithms,hard-on-topic,How might one conceptually relate the open problem of NP-completeness to selecting an ideal umbrella from a set of seemingly identical umbrellas in a sudden rainstorm scenario?,hard-on-topic
computer_science_algorithms,hard-on-topic,How might the principles of escape from physical quicksand metaphorically apply to optimizing pathfinding algorithms when addressing complex node networks with varying resistance factors?,hard-on-topic
computer_science_algorithms,hard-on-topic,How might the concept of a 'Forest' in graph theory be metaphorically applied to optimize machine learning algorithm selection?,hard-on-topic
computer_science_algorithms,hard-on-topic,"How does the concept of a circular data structure relate to the functionality and design of a ""Carousel"" user interface in computer science algorithms?",hard-on-topic
computer_science_algorithms,hard-on-topic,How can the concept of building a sandcastle inform the design of algorithms for dynamic memory management in computer systems?,hard-on-topic
computer_science_algorithms,hard-on-topic,How can the concept of a 'Rainbow Connection Number' in graph theory be analogously applied to enhance the robustness of network communication protocols?,hard-on-topic
computer_science_algorithms,hard-on-topic,How might one draw parallels between the concept of a kaleidoscope in terms of recursive symmetry and fractal patterns within computational algorithms?,hard-on-topic
computer_science_algorithms,hard-on-topic,How does one's journey through the maze of computer science algorithms reveal the underlying patterns that streamline complex problem-solving processes?,hard-on-topic
computer_science_algorithms,hard-on-topic,"How might the concept of a ""Galaxy"" be used metaphorically to describe the scalability challenges in distributed algorithms?",hard-on-topic
computer_science_algorithms,hard-on-topic,In what ways can exploring the journey of an algorithm's development and optimization help in understanding the parallels between computational logic and human problem-solving strategies?,hard-on-topic
computer_science_algorithms,hard-on-topic,How does the Red-Black Tree algorithm compare to a physical sorting process like organizing a closet with a color-coded jacket system?,hard-on-topic
computer_science_algorithms,hard-on-topic,How does the concept of time horizon influence the performance of reinforcement learning algorithms in uncertain environments?,hard-on-topic
computer_science_algorithms,hard-on-topic,How does a neural network determine the most harmonious progression in a sequence of musical notes to generate a pleasing melody?,hard-on-topic
computer_science_algorithms,hard-on-topic,"How might one draw an analogy between the traversal of data structures in computer algorithms and wandering through a meadow, considering both efficiency and unpredictability?",hard-on-topic
computer_science_algorithms,hard-on-topic,"Can the conceptual layering of a neural network be metaphorically described using the process of putting on successive layers of a jacket, and how might this analogy break down when applied to optimizing runtime algorithms?",hard-on-topic
computer_science_algorithms,hard-on-topic,How might the concept of a sandcastle analogy help explain the transient nature of certain data structures in algorithm design?,hard-on-topic
computer_science_algorithms,hard-on-topic,How might the concept of a formal 'Garden of Paths' metaphorically illustrate the branching factor in search algorithms?,hard-on-topic
computer_science_algorithms,hard-on-topic,How might the Sandcastle algorithm metaphorically represent the process of building resilient and adaptive data structures in unpredictable computational environments?,hard-on-topic
computer_science_algorithms,hard-on-topic,How can the concept of data streams in computer algorithms be metaphorically compared to the flow of a river in terms of processing continuous input?,hard-on-topic
computer_science_algorithms,hard-on-topic,How does the concept of a 'River' in stream processing relate to the flow of data in distributed algorithms?,hard-on-topic
computer_science_algorithms,hard-on-topic,"How does the algorithm behind Microsoft's Paintbrush software handle image processing, and can this be connected in any way to the study of data compression in computer science?",hard-on-topic
computer_science_algorithms,hard-on-topic,How might the security measures in a medieval castle inspire the design of an algorithm for data encryption?,hard-on-topic
computer_science_algorithms,hard-on-topic,How might ocean currents inspire the development of algorithms in distributed computing systems for dynamic resource allocation?,hard-on-topic
computer_science_algorithms,hard-on-topic,How can the growth pattern of a dandelion be used as an analogy to explain the self-similarity observed in recursive algorithms within computer science?,hard-on-topic
computer_science_algorithms,hard-on-topic,How might an adaptive algorithm designed for processing dynamic systems handle unexpected data patterns similar to a sudden volcanic eruption in terms of information flow and resource allocation?,hard-on-topic
computer_science_algorithms,hard-on-topic,How might building a sandcastle metaphorically relate to the concept of recursive algorithms in computational problem-solving?,hard-on-topic
computer_science_algorithms,hard-on-topic,How can the concept of an intrusion detection system be metaphorically related to defending a castle against intruders in terms of algorithm design and complexity?,hard-on-topic
computer_science_algorithms,hard-on-topic,How might the concept of a decision forest metaphorically represent the branching of different algorithm paths in complex computational problems?,hard-on-topic
computer_science_algorithms,hard-on-topic,How might the concept of a lighthouse be metaphorically used to explain the guiding principles of certain search algorithms in computer science?,hard-on-topic
computer_science_algorithms,hard-on-topic,How might the concept of 'Sunrise' metaphorically illustrate the evolution of algorithm efficiency in data processing?,hard-on-topic
computer_science_algorithms,hard-on-topic,How might the concept of 'Quicksand' be metaphorically applied to describe potential pitfalls in optimization algorithms within computer science?,hard-on-topic
computer_science_algorithms,hard-on-topic,How does the concept of tapestry relate to the complexity and interwoven nature of algorithms in computer science when visualizing data structures?,hard-on-topic
computer_science_algorithms,hard-on-topic,"How can the concept of a ""Meadow"" be metaphorically applied to describe the behavior of certain algorithms in a multi-agent system?",hard-on-topic
computer_science_algorithms,hard-on-topic,How can the concept of 'Sunrise' be metaphorically applied to the design of algorithms that deal with distributed systems?,hard-on-topic
computer_science_algorithms,hard-on-topic,How can the concept of harmony in musical chord progressions inspire novel approaches to designing algorithms that optimize data flow in complex distributed systems?,hard-on-topic
computer_science_algorithms,hard-on-topic,How does the behavior of a pelican when catching fish serve as an analogy for data compression algorithms in terms of space and efficiency?,hard-on-topic
computer_science_algorithms,hard-off-topic,How can heuristics be effectively applied to improve decision-making processes in risk assessment and management within the insurance industry?,hard-off-topic
computer_science_algorithms,hard-off-topic,How might the concept of the Longest Common Subsequence be applied in analyzing the thematic evolution of literary works across different historical periods?,hard-off-topic
computer_science_algorithms,hard-off-topic,What insights can be drawn from Kruskal's work on social choice theory regarding the aggregation of individual preferences into a collective decision-making process?,hard-off-topic
computer_science_algorithms,hard-off-topic,How can the concept of backtracking be applied to historical research when piecing together incomplete historical narratives?,hard-off-topic
computer_science_algorithms,hard-off-topic,How might the principles of balance and rotation found in an AVL tree be applied to optimize strategies in urban planning or architecture?,hard-off-topic
computer_science_algorithms,hard-off-topic,How do heuristics influence decision-making processes in fields such as medicine or public policy?,hard-off-topic
computer_science_algorithms,hard-off-topic,"In the context of literary editing, how might the metaphor of 'InsertionSort' be used to describe the process of organizing a narrative with multiple interwoven storylines?",hard-off-topic
computer_science_algorithms,hard-off-topic,How does the postorder arrangement of artworks in an exhibition influence the narrative experience of the visitors?,hard-off-topic
computer_science_algorithms,hard-off-topic,How might the principles of QuickSort be metaphorically applied to optimizing the organization of a large library collection?,hard-off-topic
computer_science_algorithms,hard-off-topic,"How might the cultural impact of a popular book series influence the naming of a new dish in a restaurant, much like the name 'MergeSort' could inspire an unexpected culinary fusion?",hard-off-topic
computer_science_algorithms,hard-off-topic,"How does the structure and growth pattern of a B-Tree compare to natural systems, such as branching patterns in plants or river networks, in influencing ecological stability and resource distribution?",hard-off-topic
computer_science_algorithms,hard-off-topic,What factors should be considered when planning the preorder of specialized equipment for a new manufacturing facility to ensure timely delivery and cost efficiency?,hard-off-topic
computer_science_algorithms,hard-off-topic,How do heuristics play a role in human decision-making when choosing between ethical dilemmas in real-world scenarios?,hard-off-topic
computer_science_algorithms,hard-off-topic,How does sorting play a role in the organization and prioritization of items in a museum's collection for an exhibition display?,hard-off-topic
computer_science_algorithms,hard-off-topic,"What does the term 'Inorder' signify in botanical taxonomy, and how does it relate to the classification hierarchy of plant species?",hard-off-topic
computer_science_algorithms,hard-off-topic,How can the concept of a Red-Black Tree be metaphorically applied to balancing contrasting elements in a work of art?,hard-off-topic
computer_science_algorithms,hard-off-topic,How would the principles of HeapSort apply metaphorically to organizing a large and dynamic community event efficiently?,hard-off-topic
computer_science_algorithms,hard-off-topic,How can tree traversal techniques be applied to efficiently identify and classify different species in a dense forest ecosystem during a comprehensive botanical survey?,hard-off-topic
computer_science_algorithms,hard-off-topic,How does the technique of backtracking aid in exploring alternative narrative paths in creative writing?,hard-off-topic
computer_science_algorithms,hard-off-topic,"How might the story of Rabin-Karp, if reimagined as a fictional narrative with themes of mystery and discovery, parallel elements of classical literary works?",hard-off-topic
computer_science_algorithms,hard-off-topic,"How do different cultures approach the sorting of societal roles and hierarchies, and what impact does this have on social dynamics?",hard-off-topic
computer_science_algorithms,hard-off-topic,How can the concept of Topological Sort be applied to optimize the scheduling of complex interdependent tasks in a manufacturing process?,hard-off-topic
computer_science_algorithms,hard-off-topic,How can the concept of Breadth-First Search be applied to systematically explore the relationships and communications in a complex organizational structure to improve cross-departmental collaboration?,hard-off-topic
computer_science_algorithms,hard-off-topic,How might the principles of QuickSort be creatively applied to optimize workflow efficiency in event management?,hard-off-topic
computer_science_algorithms,hard-off-topic,How can dynamic programming principles be applied to optimize decision-making processes in renewable energy grid management to efficiently balance supply and demand fluctuations?,hard-off-topic
computer_science_algorithms,hard-off-topic,How would you apply the concept of a Minimum Spanning Tree to create the most efficient network of hiking trails through a mountainous region while preserving the natural landscape?,hard-off-topic
computer_science_algorithms,hard-off-topic,How does the concept of backtracking play a role in solving complex ethical dilemmas faced by individuals in decision-making processes?,hard-off-topic
computer_science_algorithms,hard-off-topic,How can the concept of a binary tree be applied to model decision-making processes in psychological studies?,hard-off-topic
computer_science_algorithms,hard-off-topic,"What does the term 'Inorder' signify in botanical studies, particularly relating to the categorization of plant species?",hard-off-topic
computer_science_algorithms,hard-off-topic,What are the implications of the Floyd-Warshall theorem on the development of modern diplomatic strategies within international relations?,hard-off-topic
computer_science_algorithms,hard-off-topic,How does the sorting of archaeological artifacts help in understanding ancient societies and their cultural development?,hard-off-topic
computer_science_algorithms,hard-off-topic,"How might the principles of ""Branch and Bound"" be metaphorically applied to decision-making processes in strategic management within an organization?",hard-off-topic
computer_science_algorithms,hard-off-topic,What are the challenges and implications of searching for extraterrestrial life in the universe?,hard-off-topic
computer_science_algorithms,hard-off-topic,How does the concept of recursion manifest in the structure of certain languages and impact their grammar or syntax rules?,hard-off-topic
computer_science_algorithms,hard-off-topic,How might concepts from topological sort be applied to organize and understand complex relationships and dependencies in historical events or literature?,hard-off-topic
computer_science_algorithms,hard-off-topic,How can backtracking be effectively utilized in archaeological exploration to ensure a thorough examination of excavation sites?,hard-off-topic
computer_science_algorithms,hard-off-topic,What influence did Dijkstra have on the development of modern urban planning and transportation solutions?,hard-off-topic
computer_science_algorithms,hard-off-topic,"In the context of decision-making in everyday life, how can backtracking be applied to reassess choices and outcomes when faced with an unexpected situation that requires altering one's course of action?",hard-off-topic
computer_science_algorithms,hard-off-topic,How can understanding the concept of maximum flow in river systems contribute to the development of sustainable water management practices?,hard-off-topic
computer_science_algorithms,hard-off-topic,How can understanding bit manipulation techniques enhance one's ability to perform efficient data compression in multimedia file formats?,hard-off-topic
computer_science_algorithms,hard-off-topic,"What contributions did Dr. Kruskal make to the field of linguistics, particularly in the development of statistical methods for analyzing language patterns?",hard-off-topic
computer_science_algorithms,hard-off-topic,How might the growth patterns of a B-Tree species influence its ecological niche in temperate forests?,hard-off-topic
computer_science_algorithms,hard-off-topic,How can the concept of Tree Traversal be applied to organizing and exploring genealogical records in a family history project?,hard-off-topic
computer_science_algorithms,hard-off-topic,"How does recursion influence the patterns of storytelling in various cultures, and what might this suggest about the human cognitive process?",hard-off-topic
computer_science_algorithms,hard-off-topic,How can backtracking be applied in resolving complex decision-making scenarios in psychological therapy where clients need to explore and reassess their past choices and behaviors?,hard-off-topic
computer_science_algorithms,hard-off-topic,How can Big O Notation be used to explain and predict the growth rate of urban traffic congestion over time?,hard-off-topic
computer_science_algorithms,hard-off-topic,How can the concept of a 'Knapsack' be utilized in innovative sustainable fashion design to reduce textile waste?,hard-off-topic
computer_science_algorithms,hard-off-topic,How does searching for meaning in life influence human behavior and decision-making across different cultures?,hard-off-topic
computer_science_algorithms,hard-off-topic,What alternative perspectives have historians proposed regarding Joseph Kruskal's contributions to anthropological linguistics?,hard-off-topic
computer_science_algorithms,hard-off-topic,"How might the concept of ""BubbleSort"" be metaphorically applied to the process of organizing a large family reunion?",hard-off-topic
computer_science_algorithms,hard-off-topic,How can the concept of BubbleSort be metaphorically applied to the process of organizing a chaotic collection of vintage vinyl records based on their release dates to improve accessibility?,hard-off-topic
computer_science_algorithms,hard-off-topic,What is the shortest path to cultural understanding between two historically conflicted nations?,hard-off-topic
computer_science_algorithms,hard-off-topic,How can dynamic programming be applied to optimize resource allocation in complex supply chain management systems?,hard-off-topic
computer_science_algorithms,hard-off-topic,How might the concept of a Red-Black Tree be metaphorically applied to understanding the balance of power and resource distribution within an ecological system?,hard-off-topic
computer_science_algorithms,hard-off-topic,"What historical significance does the name ""Floyd-Warshall"" hold beyond its association with computing, particularly in the context of its etymology or any notable figures that might share these names?",hard-off-topic
computer_science_algorithms,hard-off-topic,"In what ways can the concept of ""Inorder"" be used to understand the sequence of events in historical narratives?",hard-off-topic
computer_science_algorithms,hard-off-topic,What is the significance of the shortest path taken during the Lewis and Clark Expedition in terms of natural resource discovery and mapping?,hard-off-topic
computer_science_algorithms,hard-off-topic,How can the structure of a B-Tree inspire new ways to systematically categorize and cross-reference historical documents in a vast library archive?,hard-off-topic
computer_science_algorithms,hard-off-topic,"In the context of evaluating patterns within various data sets, how might the approach taken by the KMP Algorithm metaphorically apply to identifying historical trends in social movements?",hard-off-topic
computer_science_algorithms,hard-off-topic,How can cultural preferences influence the sorting and prioritization of objects in a museum exhibition?,hard-off-topic
computer_science_algorithms,hard-off-topic,What are the implications of A* content ratings in film classifications across different countries?,hard-off-topic
computer_science_algorithms,hard-off-topic,How might the principles of the KMP Algorithm be metaphorically applied to streamline the process of detecting patterns in historical data analysis?,hard-off-topic
computer_science_algorithms,hard-off-topic,How can the concept of backtracking be applied to retracing an explorer's steps along a previously unknown path in a dense forest to ensure they reach their starting point safely?,hard-off-topic
computer_science_algorithms,hard-off-topic,What are some key differences between Bellman-Ford's approach to problem-solving and traditional methods used in conflict resolution or negotiation scenarios?,hard-off-topic
computer_science_algorithms,hard-off-topic,What influence did Edsger Dijkstra's unconventional approaches to scientific writing have on the field of academic literature?,hard-off-topic
computer_science_algorithms,hard-off-topic,What are the potential ecological impacts on riverine biodiversity if the maximum flow rate of a dammed river is significantly increased or decreased?,hard-off-topic
computer_science_algorithms,hard-off-topic,How might the concept of InsertionSort be metaphorically applied to the process of curating an art exhibit to ensure a cohesive and aesthetically pleasing flow of artworks?,hard-off-topic
computer_science_algorithms,hard-off-topic,How does the concept of 'A*' journey relate to the transformative experiences often found in autobiographical narratives?,hard-off-topic
computer_science_algorithms,hard-off-topic,How might the concept of balance in an AVL Tree metaphorically relate to maintaining equilibrium in ecological systems?,hard-off-topic
computer_science_algorithms,hard-off-topic,"What significant contributions did Joseph Kruskal make to the field of linguistics, and how do they impact current research methodologies?",hard-off-topic
computer_science_algorithms,hard-off-topic,What role does the concept of 'Greedy' play in the ethical considerations surrounding resource allocation and environmental conservation?,hard-off-topic
computer_science_algorithms,hard-off-topic,How can dynamic programming be applied to optimize decision-making processes in supply chain management to minimize costs and maximize efficiency?,hard-off-topic
computer_science_algorithms,hard-off-topic,How can the concept of a Binary Tree be applied to organize decision-making processes in a corporate environment?,hard-off-topic
computer_science_algorithms,hard-off-topic,How might the branching structure of a B-Tree be metaphorically applied to a decision-making process in organizational management?,hard-off-topic
computer_science_algorithms,hard-off-topic,How does the concept of 'InsertionSort' metaphorically apply to organizing a busy weekly schedule to improve efficiency and productivity?,hard-off-topic
computer_science_algorithms,hard-off-topic,How can the principles of the Floyd-Warshall algorithm be metaphorically applied to understanding complex social networks and interpersonal relationships in a large community?,hard-off-topic
computer_science_algorithms,hard-off-topic,How might one illustrate the concept of RadixSort using a real-world analogy that aligns with natural sorting processes found in nature or society?,hard-off-topic
computer_science_algorithms,hard-off-topic,How can the concept of a Binary Tree be applied to model and analyze decision-making processes in behavioral psychology?,hard-off-topic
computer_science_algorithms,hard-off-topic,How does the concept of Longest Common Subsequence manifest in the evolution of languages when comparing historical texts?,hard-off-topic
computer_science_algorithms,hard-off-topic,"How can the concept of a knapsack be applied in environmental science to optimize the selection of plant species for a reforestation project while considering biodiversity, space, and climate adaptability constraints?",hard-off-topic
computer_science_algorithms,hard-off-topic,What are some real-life scenarios outside of computer science where finding the shortest path is crucial for decision-making or problem-solving?,hard-off-topic
computer_science_algorithms,hard-off-topic,"How does the concept of a B-Tree relate to the structuring of hierarchical or branching organizations outside of computing, such as corporate structures or genealogical charts?",hard-off-topic
computer_science_algorithms,hard-off-topic,How might the concept of an LRU Cache apply metaphorically to human memory retention and forgetting processes over time?,hard-off-topic
computer_science_algorithms,hard-off-topic,What is the significance of the Longest Common Subsequence concept in understanding evolutionary relationships among different species in the field of bioinformatics?,hard-off-topic
computer_science_algorithms,hard-off-topic,How might the principles of topological sort be applied to optimize the sequence of historical events in a documentary to enhance narrative coherence?,hard-off-topic
computer_science_algorithms,hard-off-topic,How might the concept of Depth-First Search be metaphorically applied to the process of exploring historical archives to uncover deeply hidden connections between long-forgotten historical figures?,hard-off-topic
computer_science_algorithms,hard-off-topic,"In what creative contexts might the term ""QuickSort"" be metaphorically applied beyond its use in computer science, perhaps as a method for organizing thoughts or activities efficiently?",hard-off-topic
computer_science_algorithms,hard-off-topic,How do the properties of A* stars compare to other types of stars in terms of temperature and luminosity?,hard-off-topic
computer_science_algorithms,hard-off-topic,How does the concept of the shortest path apply in the analysis of migratory patterns of certain bird species across continents?,hard-off-topic
computer_science_algorithms,hard-off-topic,How can the concept of Breadth-First Search be applied metaphorically to a strategy for exploring new career opportunities?,hard-off-topic
computer_science_algorithms,hard-off-topic,"What influences might the concept of ""bubblesort"" have on the organization of heirloom seeds in urban community gardens?",hard-off-topic
computer_science_algorithms,hard-off-topic,How might ancient myths use the concept of a binary tree to symbolize duality and branching paths in human choices?,hard-off-topic
computer_science_algorithms,hard-off-topic,How might the principles of BucketSort be applied to optimize the organization of a large-scale community art project where diverse media need to be categorically displayed?,hard-off-topic
computer_science_algorithms,hard-off-topic,What unique challenges do bookstores face in managing their inventory during high-demand preorder periods for best-selling authors' upcoming releases?,hard-off-topic
computer_science_algorithms,hard-off-topic,What are the distinct characteristics of Prim's rose that set it apart from other hybrid varieties in terms of color and bloom?,hard-off-topic
computer_science_algorithms,hard-off-topic,How might dynamic programming principles be applied to optimize decision-making processes in personalized healthcare treatment plans?,hard-off-topic
computer_science_algorithms,hard-off-topic,How can Big O Notation be applied in analyzing the scalability and efficiency of a manufacturing process with respect to varying input sizes?,hard-off-topic
computer_science_algorithms,hard-off-topic,How does the concept of 'Postorder' apply in the context of historical events and their analysis in chronological studies?,hard-off-topic
computer_science_algorithms,hard-off-topic,"How might the concept of Branch and Bound apply to decision-making strategies in chess, specifically in positioning pieces for optimal control of the board?",hard-off-topic
computer_science_algorithms,hard-off-topic,What are some potential challenges faced by a logistics company when managing a postorder fulfilment system during peak holiday seasons?,hard-off-topic
computer_science_algorithms,hard-off-topic,How can Big O Notation be applied to express the scalability of human cognitive processes in tasks requiring multitasking under time constraints?,hard-off-topic
computer_science_algorithms,hard-off-topic,How might the principles of bit manipulation apply to optimizing data storage techniques in digital music files?,hard-off-topic
computer_science_algorithms,hard-off-topic,How might the concept of SelectionSort be metaphorically applied to the decision-making process when organizing a large-scale community event?,hard-off-topic
computer_science_algorithms,hard-off-topic,How might tree traversal be significant in the context of understanding the migratory patterns of avian species navigating forest ecosystems?,hard-off-topic
computer_science_algorithms,hard-off-topic,How can topological sort be applied in organizing the prerequisite structure for a set of interdisciplinary university courses to ensure a coherent and cohesive educational pathway?,hard-off-topic
computer_science_algorithms,hard-off-topic,How can bit manipulation techniques be utilized to efficiently model and analyze quantum states in the context of quantum physics research?,hard-off-topic
computer_science_algorithms,hard-off-topic,What are the key considerations one should keep in order while planning an international expedition?,hard-off-topic
computer_science_algorithms,hard-off-topic,How can the concept of Topological Sort be applied to organize tasks in a project management scenario where tasks have specific prerequisites and dependencies?,hard-off-topic
computer_science_algorithms,hard-off-topic,"In the study of literary analysis, how can the concept of the Longest Common Subsequence be metaphorically applied to compare themes present across different works of a particular author?",hard-off-topic
computer_science_algorithms,hard-off-topic,How can the principles and structure of a Red-Black Tree be metaphorically applied to ensure balance and harmony in complex organizational hierarchies?,hard-off-topic
computer_science_algorithms,hard-off-topic,How can the concept of organization in MergeSort be applied to efficiently plan a large-scale music festival with multiple stages and diverse musical acts?,hard-off-topic
computer_science_algorithms,hard-off-topic,How can the concept of Depth-First Search be applied to explore and understand the sequence of historical events in less-documented eras of ancient civilizations?,hard-off-topic
computer_science_algorithms,hard-off-topic,How might the concept of HeapSort be metaphorically applied to describe the process of decluttering a messy room?,hard-off-topic
computer_science_algorithms,hard-off-topic,"How can the concept of recursion be applied to understand the iterative patterns found in natural phenomena, such as the structure of certain types of plants or the formation of geological features?",hard-off-topic
computer_science_algorithms,hard-off-topic,How does the process of hashing contribute to the texture and flavor development in certain types of cheese?,hard-off-topic
computer_science_algorithms,hard-off-topic,What are the psychological effects on an individual who is perpetually searching for meaning in life?,hard-off-topic
computer_science_algorithms,hard-off-topic,What are the philosophical implications of the Travelling Salesman constantly searching for the most meaningful path without ever finding one definitive route?,hard-off-topic
computer_science_algorithms,hard-off-topic,How can bit manipulation techniques be creatively applied in conducting cryptographic puzzles during a team-building exercise?,hard-off-topic
computer_science_algorithms,hard-off-topic,How can bit manipulation techniques be applied to data compression in the field of digital signal processing?,hard-off-topic
computer_science_algorithms,hard-off-topic,How can dynamic programming concepts be applied to optimize decision-making processes in supply chain management to enhance efficiency and reduce costs?,hard-off-topic
computer_science_algorithms,hard-off-topic,How might one organize a literal Breadth-First Search when foraging for edible plants in a dense forest to ensure the most comprehensive coverage and minimal revisits?,hard-off-topic
computer_science_algorithms,hard-off-topic,How does Big O Notation apply to the scalability of legal processes in corporate mergers?,hard-off-topic
computer_science_algorithms,hard-off-topic,"How would you interpret ""Bellman-Ford"" if it were the name of a historical expedition or exploration mission?",hard-off-topic
computer_science_algorithms,hard-off-topic,How has the depiction of the knapsack in various cultural narratives influenced its symbolism in adventure and journey tales throughout history?,hard-off-topic
computer_science_algorithms,hard-off-topic,"How might one use the concept of Topological Sort to organize a complex project with multiple interdependent tasks in a non-linear fashion, ensuring that each task is completed in the correct sequence without being restricted to the traditional project management methodologies?",hard-off-topic
computer_science_algorithms,hard-off-topic,"How might the term ""BubbleSort"" be metaphorically applied to describe the process of organizing a chaotic workshop into a more efficient space?",hard-off-topic
computer_science_algorithms,hard-off-topic,How do greedy behaviors influence social dynamics in cooperative communities?,hard-off-topic
computer_science_algorithms,hard-off-topic,What is the historical significance of the knapsack in military campaigns and how has its design evolved over time to meet the changing needs of soldiers?,hard-off-topic
computer_science_algorithms,hard-off-topic,What role does Vitamin A* play in maintaining healthy vision and immune function?,hard-off-topic
computer_science_algorithms,hard-off-topic,"How do the themes of recursion and self-reference manifest in the structure of certain literary works, and what effect do they have on the reader's experience?",hard-off-topic
computer_science_algorithms,hard-off-topic,How does the 'Branch and Bound' approach apply to decision-making processes in complex organizational structures?,hard-off-topic
computer_science_algorithms,hard-off-topic,How do heuristics influence decision-making processes in everyday consumer behavior?,hard-off-topic
computer_science_algorithms,hard-off-topic,"How can the concept of ""BubbleSort"" be metaphorically applied to the process of organizing thoughts or emotions?",hard-off-topic
computer_science_algorithms,hard-off-topic,"What unique characteristics could the term 'SelectionSort' have if it were used to describe a method in artistic expression, such as categorizing colors in a painting?",hard-off-topic
computer_science_algorithms,hard-off-topic,How can the concept of backtracking be applied to unravel complex historical events when piecing together a timeline with limited information?,hard-off-topic
computer_science_algorithms,hard-off-topic,"In the context of culinary arts, how does the technique of hashing impact the texture and flavor profile of root vegetables, and what are its implications for nutrient retention during cooking?",hard-off-topic
computer_science_algorithms,hard-off-topic,How might a historian employ a metaphorical depth-first search approach when investigating the origins of a particular cultural tradition or artifact?,hard-off-topic
computer_science_algorithms,hard-off-topic,How does tree traversal play a role in understanding the natural patterns and growth cycles in forest ecosystems?,hard-off-topic
computer_science_algorithms,hard-off-topic,How can the concept of a Minimum Spanning Tree be applied to optimize the layout and cost of an urban utility network?,hard-off-topic
computer_science_algorithms,hard-off-topic,How might the concept of a B-Tree be metaphorically applied to describe the structure of a large organization's hierarchy and decision-making process?,hard-off-topic
computer_science_algorithms,hard-off-topic,What historical trade routes or journeys in ancient or medieval times can be compared to the narrative of a 'Travelling Salesman' seeking the most efficient path to connect multiple cities?,hard-off-topic
computer_science_algorithms,hard-off-topic,How can Big O Notation be applied to describe the efficiency of supply chain logistics in a global distribution network?,hard-off-topic
computer_science_algorithms,hard-off-topic,How can the concept of Topological Sort be applied to optimize the sequence of tasks in a complex project management scenario involving interdependent activities?,hard-off-topic
computer_science_algorithms,hard-off-topic,"How might one apply the principles of a binary search to efficiently locate a specific exhibit in a vast, mathematically organized art gallery?",hard-off-topic
computer_science_algorithms,hard-off-topic,What role did Prim's oil paintings play in the evolution of 19th-century European art styles?,hard-off-topic
computer_science_algorithms,hard-off-topic,How can bit manipulation techniques be utilized in optimizing the storage and retrieval of cellular automata state configurations in scientific research?,hard-off-topic
computer_science_algorithms,hard-off-topic,What historical factors contributed to the cultural perception of the travelling salesman in literature and film?,hard-off-topic
computer_science_algorithms,hard-off-topic,How might the concept of SelectionSort metaphorically apply to the process of curating a museum exhibition from a vast collection of artworks?,hard-off-topic
computer_science_algorithms,hard-off-topic,How does the concept of 'preorder' in a retail setting impact inventory management and customer satisfaction?,hard-off-topic
computer_science_algorithms,hard-off-topic,How might the concept of backtracking be applied in the context of psychological therapy to help individuals reassess and modify their decision-making processes?,hard-off-topic
computer_science_algorithms,hard-off-topic,How might the KMP Algorithm metaphorically illustrate the process of finding repeated patterns within historical narratives or cultural traditions?,hard-off-topic
computer_science_algorithms,hard-off-topic,How can one apply bit manipulation techniques to optimize data storage efficiency in experimental physics research?,hard-off-topic
computer_science_algorithms,hard-off-topic,"In the context of urban hydrology, how can the maximum flow rate of stormwater through a city's drainage system impact flood risk management strategies?",hard-off-topic
computer_science_algorithms,hard-off-topic,How might the Floyd-Warshall approach be metaphorically applied to resolve complex diplomatic relationships in international politics?,hard-off-topic
computer_science_algorithms,hard-off-topic,How do heuristics influence decision-making processes in leadership and organizational behavior?,hard-off-topic
computer_science_algorithms,hard-off-topic,"How would you describe the dynamics and potential strategies a city might employ for traffic pattern optimization and congestion management if it were to metaphorically utilize a mechanism similar to the KMP Algorithm, focusing on efficient pattern recognition rather than computational procedures?",hard-off-topic
computer_science_algorithms,hard-off-topic,Why is the term 'RadixSort' considered an appropriate metaphor for the organizational structure found within certain biological taxonomies?,hard-off-topic
computer_science_algorithms,hard-off-topic,"How might one apply the principles of Depth-First Search to explore the intricacies of a dense, ancient forest landscape when aiming to uncover hidden historical artifacts?",hard-off-topic
computer_science_algorithms,hard-off-topic,How might the concept of InsertionSort metaphorically apply to organizing events in a bustling social calendar?,hard-off-topic
computer_science_algorithms,hard-off-topic,How can the concept of Breadth-First Search be utilized in exploring the connections and influences within a complex social network or community group?,hard-off-topic
computer_science_algorithms,hard-off-topic,How can the preorder of books in a bookstore influence customer purchasing behavior and inventory management?,hard-off-topic
computer_science_algorithms,hard-off-topic,"In the context of abstract mathematical structures, how might the properties of a Red-Black Tree be metaphorically applied to balance decision-making processes in a complex hierarchical organization?",hard-off-topic
computer_science_algorithms,hard-off-topic,How might the concept of InsertionSort be metaphorically applied to organizing a creative writing workshop?,hard-off-topic
computer_science_algorithms,hard-off-topic,How might the concept of a Topological Sort apply to organizing and prioritizing tasks in complex project management where certain tasks are dependent on the completion of others?,hard-off-topic
computer_science_algorithms,hard-off-topic,In what historical context does the phrase 'In order' play a significant role in dictating societal norms and governance structures?,hard-off-topic
computer_science_algorithms,hard-off-topic,What are the symbolic meanings associated with the practice of walking an Inorder spiral around a sacred site in various cultural traditions?,hard-off-topic
computer_science_algorithms,hard-off-topic,How might the principles of the QuickSort method be metaphorically applied to organizing a cluttered creative workspace to enhance productivity?,hard-off-topic
computer_science_algorithms,hard-off-topic,"How might the term ""BubbleSort"" be creatively used as a theme or metaphor in an artistic exhibition exploring the sorting and organization of sensory experiences?",hard-off-topic
computer_science_algorithms,hard-off-topic,How might the term 'BubbleSort' metaphorically describe the process of organizing chaotic thoughts or ideas in a brainstorming session?,hard-off-topic
computer_science_algorithms,hard-off-topic,How might the art of arranging elements in a painting be compared to the process of MergeSort in terms of achieving overall harmony and balance?,hard-off-topic
computer_science_algorithms,hard-off-topic,How does searching for identity influence an individual's personal and professional life?,hard-off-topic
computer_science_algorithms,hard-off-topic,What role did Martin David Kruskal play in the development of soliton solutions and their impact on nonlinear science and mathematics?,hard-off-topic
computer_science_algorithms,hard-off-topic,How has the application of the Floyd-Warshall concept influenced modern logistics planning and optimization strategies in large-scale urban environments?,hard-off-topic
computer_science_algorithms,hard-off-topic,What unexpected parallels can be drawn between the concept of an LRU Cache in managing system resources and the way urban planners prioritize certain areas for redevelopment based on usage patterns?,hard-off-topic
computer_science_algorithms,hard-off-topic,What unique characteristics might an AVL Tree exhibit if it were metaphorically applied to understanding the evolution of complex branching structures in arboreal ecosystems?,hard-off-topic
computer_science_algorithms,hard-off-topic,"How might the principles or lessons learned from the Bellman-Ford algorithm be applied to optimizing routes in transportation networks, taking into account dynamic changes such as traffic conditions and road closures?",hard-off-topic
computer_science_algorithms,hard-off-topic,What are the key differences between Prim's vision of post-war architecture and the modernist movement's approach to urban design?,hard-off-topic
computer_science_algorithms,hard-off-topic,How has the use of 'BubbleSort' in popular culture influenced modern storytelling techniques?,hard-off-topic
computer_science_algorithms,hard-off-topic,How does the concept of BucketSort apply to the organization of thoughts and ideas in cognitive psychology?,hard-off-topic
computer_science_algorithms,hard-off-topic,How can the concept of 'postorder' be applied metaphorically to describe the sequence of events in a historical timeline?,hard-off-topic
computer_science_algorithms,hard-off-topic,How can principles of bit manipulation be creatively applied in optimizing data storage techniques in genomic sequencing?,hard-off-topic
computer_science_algorithms,hard-off-topic,"In what ways has searching for personal meaning and purpose evolved throughout different historical eras, and how has this quest been influenced by sociocultural changes?",hard-off-topic
computer_science_algorithms,hard-off-topic,In what ways might the concept of Binary Search be metaphorically applied to decision-making strategies in psychological research?,hard-off-topic
computer_science_algorithms,hard-off-topic,How can dynamic programming principles be applied to optimize resource allocation in agricultural management to enhance crop yield while minimizing costs?,hard-off-topic
computer_science_algorithms,hard-off-topic,"In literary studies, how might one analyze the thematic development of a series of novels by identifying the longest common subsequence of motifs or themes shared across the books?",hard-off-topic
computer_science_algorithms,hard-off-topic,How might the concept of the Longest Common Subsequence be applied to analyze the evolution and divergence of language patterns among different dialects over time?,hard-off-topic
computer_science_algorithms,hard-off-topic,What are the typical advantages and challenges a bookstore faces in offering a preorder system for highly anticipated book releases?,hard-off-topic
computer_science_algorithms,hard-off-topic,How might the principles of BubbleSort be creatively applied to the process of organizing a set of sequential art pieces for a gallery exhibit?,hard-off-topic
computer_science_algorithms,hard-off-topic,How might the concept of Binary Search be metaphorically applied to streamline decision-making processes in complex organizational structures?,hard-off-topic
computer_science_algorithms,hard-off-topic,"How does the term ""Postorder"" relate to the sequencing of historical events in a way that informs our understanding of cause and effect?",hard-off-topic
computer_science_algorithms,hard-off-topic,What are the differences in physiological processes that occur inorder to regulate homeostasis in mammals compared to reptiles?,hard-off-topic
computer_science_algorithms,hard-off-topic,How might the principles of the Bellman-Ford approach be metaphorically applied to decision-making processes in complex legal negotiations involving multiple stakeholders?,hard-off-topic
computer_science_algorithms,hard-off-topic,How might the principles of the Bellman-Ford algorithm metaphorically relate to navigating complex decision-making processes in business management where weighing multiple factors over time is crucial?,hard-off-topic
computer_science_algorithms,hard-off-topic,How could the principles of organization and prioritization in HeapSort be applied to optimize the workflow in a busy restaurant kitchen?,hard-off-topic
computer_science_algorithms,hard-off-topic,How might the growth patterns of a B-Tree offer insights into optimizing space usage in urban planning?,hard-off-topic
computer_science_algorithms,hard-off-topic,What are some potential applications of a B-Tree structure in organizing large-scale ecological data for forest management?,hard-off-topic
computer_science_algorithms,hard-off-topic,How does string matching play a role in literary analysis when comparing different translations of ancient texts?,hard-off-topic
computer_science_algorithms,hard-off-topic,How can the structural concept of a binary tree be metaphorically applied to describe decision-making processes in human psychology?,hard-off-topic
computer_science_algorithms,hard-off-topic,What role does the A* blood type play in informing medical treatment plans for individuals with rare genetic conditions?,hard-off-topic
computer_science_algorithms,hard-off-topic,How might the concept of BucketSort be metaphorically used to describe the process of categorizing items for optimal inventory management in a large warehouse?,hard-off-topic
computer_science_algorithms,hard-off-topic,How might the process of hashing influence the flavor profile and preservation of culinary spices in gourmet cooking?,hard-off-topic
computer_science_algorithms,hard-off-topic,"How does the concept of recursion manifest in the structure of natural language, particularly in the formation of nested clauses and phrases?",hard-off-topic
computer_science_algorithms,hard-off-topic,How can the principle of Divide and Conquer be effectively applied in conflict resolution to achieve sustainable peace?,hard-off-topic
computer_science_algorithms,hard-off-topic,How can the principles of HeapSort be metaphorically applied to prioritize tasks in a cluttered workspace?,hard-off-topic
computer_science_algorithms,hard-off-topic,"What are the historical or cultural significance and implications of the term ""BubbleSort"" becoming a metaphor in pop culture narratives?",hard-off-topic
computer_science_algorithms,hard-off-topic,How does the A* rating in wine competitions influence consumer perceptions and purchasing decisions?,hard-off-topic
computer_science_algorithms,hard-off-topic,How does the concept of being 'Greedy' manifest in various economic theories and what implications does it have for market behavior?,hard-off-topic
computer_science_algorithms,hard-off-topic,How can we effectively manage tasks in order to achieve optimal workflow in a high-pressure environment?,hard-off-topic
computer_science_algorithms,hard-off-topic,How does the concept of recursion manifest in various storytelling traditions and narrative structures across different cultures?,hard-off-topic
computer_science_algorithms,hard-off-topic,How does the concept of BubbleSort relate to the process of organizing a messy closet by sorting clothes based on their frequency of use?,hard-off-topic
computer_science_algorithms,hard-off-topic,How does the modern reinterpretation of the travelling salesman in literature reflect societal changes in perceptions of trade and commerce?,hard-off-topic
computer_science_algorithms,hard-off-topic,What strategies might one use to explain the principles of the Floyd-Warshall algorithm in a leadership training seminar focusing on conflict resolution and effective communication?,hard-off-topic
computer_science_algorithms,hard-off-topic,In what ways can the concept of the Longest Common Subsequence be applied to analyzing similarities in linguistic patterns across different historical texts?,hard-off-topic
computer_science_algorithms,hard-off-topic,How might the term 'BucketSort' metaphorically describe a unique approach to organizing large-scale art installations?,hard-off-topic
computer_science_algorithms,hard-off-topic,How might the concept of self-balancing in an AVL Tree inspire the design principles in architectural structures or urban planning to address equilibrium and stability?,hard-off-topic
computer_science_algorithms,hard-off-topic,How might the strategic exploration of cultural influences within a vast literary corpus resemble the principles of Breadth-First Search in unraveling thematic connections?,hard-off-topic
computer_science_algorithms,hard-off-topic,How does the concept of the A* designation in international wine competitions impact the perception of wine quality among sommeliers?,hard-off-topic
computer_science_algorithms,hard-off-topic,What are some historical routes or strategies used by travelling salesmen to effectively cover large regions while minimizing travel time?,hard-off-topic
computer_science_algorithms,hard-off-topic,How might the principles of the KMP Algorithm be applied to optimize search patterns in biological DNA sequencing without explicitly involving computational techniques?,hard-off-topic
computer_science_algorithms,hard-off-topic,"What ethical considerations arise when labeling individuals or corporations as 'greedy,' and how does this impact societal views on wealth and success?",hard-off-topic
computer_science_algorithms,hard-off-topic,What factors influence the maximum flow of a river ecosystem and how do these factors impact the surrounding biodiversity?,hard-off-topic
computer_science_algorithms,hard-off-topic,How can the concept of 'Divide and Conquer' be applied in conflict resolution strategies to manage and resolve large-scale disputes effectively?,hard-off-topic
computer_science_algorithms,hard-off-topic,What strategies can be employed to efficiently organize a vintage collection in a limited-space knapsack while preserving the collection's integrity and accessibility for display?,hard-off-topic
computer_science_algorithms,hard-off-topic,How does the concept of 'greedy' behavior manifest in various economic theories regarding market dynamics and consumer choice?,hard-off-topic
computer_science_algorithms,hard-off-topic,What are the benefits of buying furniture on preorder from a sustainable brand?,hard-off-topic
computer_science_algorithms,hard-off-topic,How can Big O Notation be applied to model the complexity of tasks in industrial engineering systems?,hard-off-topic
computer_science_algorithms,hard-off-topic,How might the Depth-First Search strategy be applied metaphorically to explore the depths of human consciousness or personal introspection?,hard-off-topic
computer_science_algorithms,hard-off-topic,How does the concept of recursion relate to linguistic structures and the formation of nested grammatical phrases in natural languages?,hard-off-topic
computer_science_algorithms,hard-off-topic,How does the strategic approach of Branch and Bound play a crucial role in decision-making processes within business management to optimize resource allocation and minimize costs?,hard-off-topic
computer_science_algorithms,hard-off-topic,"How does the process of hashing contribute to flavor development in culinary techniques, particularly in spice blends and seasonings?",hard-off-topic
computer_science_algorithms,hard-off-topic,How might the concept of QuickSort be metaphorically applied to the process of organizing a large event with multiple activities and participants?,hard-off-topic
computer_science_algorithms,hard-off-topic,How might the principles of pattern recognition in the KMP Algorithm offer insights into the detection of recurring themes in classical literature?,hard-off-topic
computer_science_algorithms,hard-off-topic,How might the principles of bit manipulation be employed to optimize data storage strategies in wireless communication technologies?,hard-off-topic
computer_science_algorithms,hard-off-topic,How might the exploration of Bellman-Ford pathways contribute to advancements in optimizing urban transit networks for sustainable city planning?,hard-off-topic
computer_science_algorithms,hard-off-topic,How might the principles of InsertionSort be metaphorically applied to the process of organizing a disordered collection of historical documents in a library?,hard-off-topic
computer_science_algorithms,hard-off-topic,How is the concept of Binary Search applied in optimizing decision-making processes in competitive sports strategy formulation?,hard-off-topic
computer_science_algorithms,hard-off-topic,"How does the concept of Rabin-Karp, originally used in algorithm design, metaphorically relate to searching for patterns in historical art analysis?",hard-off-topic
computer_science_algorithms,hard-off-topic,"In the context of designing a board game, how might the concept of a Red-Black Tree be creatively integrated to enhance gameplay mechanics or visual aesthetics?",hard-off-topic
computer_science_algorithms,hard-off-topic,What is the relevance of topological sort in organizing courses for a semester in an academic curriculum to ensure all prerequisites are met without scheduling conflicts?,hard-off-topic
computer_science_algorithms,hard-off-topic,How does the process of hashing enhance the flavors of culinary dishes during cooking?,hard-off-topic
computer_science_algorithms,hard-off-topic,How might the principles of the Floyd-Warshall algorithm be metaphorically applied to optimize decision-making processes in complex organizational structures?,hard-off-topic
computer_science_algorithms,hard-off-topic,What strategic considerations might a military commander need to evaluate when deciding how to load a knapsack with essential supplies for a long march in varying terrains and climates?,hard-off-topic
computer_science_algorithms,hard-off-topic,How would the concept of MergeSort apply to organizing a large philanthropic event where tasks need to be efficiently distributed among various volunteer groups?,hard-off-topic
computer_science_algorithms,hard-off-topic,How might the concept of Breadth-First Search be metaphorically applied to exploring the cultural influences across a diverse urban landscape like New York City?,hard-off-topic
computer_science_algorithms,hard-off-topic,How might the concept of an LRU Cache metaphorically apply to the way humans prioritize memories or experiences in their daily lives?,hard-off-topic
computer_science_algorithms,hard-off-topic,How can topological sort be metaphorically applied to sequence steps in a complex cooking recipe where certain ingredients must be prepared before others?,hard-off-topic
computer_science_algorithms,hard-off-topic,"How does the concept of recursion manifest in linguistic structures when languages employ self-referential rules to create complex, nested sentences?",hard-off-topic
computer_science_algorithms,hard-off-topic,What are the key characteristics and significance of A* figures in Egyptian hieroglyphs?,hard-off-topic
computer_science_algorithms,hard-off-topic,How can Big O Notation be applied to assess the scalability and performance of complex supply chain operations as they adapt to fluctuating market demands?,hard-off-topic
computer_science_algorithms,hard-off-topic,"What strategies could be employed in a competitive cooking show to quickly sort a variety of ingredients in a manner akin to the logical precision of QuickSort, ensuring efficiency and creativity in the preparation process?",hard-off-topic
computer_science_algorithms,hard-off-topic,What is the best way to teach children the concept of BubbleSort using hands-on activities or real-life analogies?,hard-off-topic
computer_science_algorithms,hard-off-topic,What are the potential implications of changes in maximum flow rates of major rivers on surrounding ecosystems and human settlements?,hard-off-topic
computer_science_algorithms,hard-off-topic,How does the concept of BucketSort relate to organizing seasonal clothing for optimal accessibility and space efficiency in a limited storage area?,hard-off-topic
computer_science_algorithms,hard-off-topic,"How does the concept of Binary Search aid in optimizing strategies for quickly locating a misplaced page in a large, unindexed manuscript?",hard-off-topic
computer_science_algorithms,hard-off-topic,How does the concept of recursion manifest in the nesting habits and colony structures of certain avian species?,hard-off-topic
computer_science_algorithms,hard-off-topic,"In the context of organizing a collection of historical events based on their causal relationships, how can topological sort be metaphorically used to explain the sequencing of events leading up to the Renaissance?",hard-off-topic
computer_science_algorithms,hard-off-topic,How does the Rabin-Karp algorithm relate metaphorically to finding patterns in music compositions or literary texts across different cultures?,hard-off-topic
computer_science_algorithms,hard-off-topic,What advantages does placing a preorder for a limited edition book offer when compared to purchasing it after its official release date?,hard-off-topic
computer_science_algorithms,hard-off-topic,How can greediness in corporate leadership impact long-term business sustainability?,hard-off-topic
computer_science_algorithms,hard-off-topic,"Inorder to improve the growth of a flowering plant, what specific nutrients should be prioritized in its soil composition?",hard-off-topic
computer_science_algorithms,hard-off-topic,What unique challenges does Prim's research on ecological interactions highlight in the context of climate change adaptation strategies?,hard-off-topic
computer_science_algorithms,hard-off-topic,How can topological sort be applied to optimize the workflow in complex manufacturing systems with numerous interdependent tasks?,hard-off-topic
computer_science_algorithms,hard-off-topic,How can dynamic programming principles be applied to optimize financial investment strategies in uncertain market conditions?,hard-off-topic
computer_science_algorithms,hard-off-topic,"How do heuristics influence decision-making processes in everyday life, particularly in economic or behavioral psychology contexts?",hard-off-topic
computer_science_algorithms,hard-off-topic,How might the concept of BubbleSort be used metaphorically to describe the process of prioritizing tasks in daily life?,hard-off-topic
computer_science_algorithms,hard-off-topic,"How might researchers studying ancient forests use tree traversal methods to catalog and analyze the biodiversity present within a dense, untouched forest ecosystem?",hard-off-topic
computer_science_algorithms,hard-off-topic,How does the concept of 'postorder' manifest in the rituals and sequences of traditional architectural practices from a cultural anthropology perspective?,hard-off-topic
computer_science_algorithms,hard-off-topic,How does searching for meaning in life influence personal well-being and mental health?,hard-off-topic
computer_science_algorithms,hard-off-topic,"What are some notable contributions of Edsger Dijkstra to disciplines outside of computer science, such as philosophy or education?",hard-off-topic
computer_science_algorithms,hard-off-topic,What are the key elements and themes in Maris Kargins' biography of Dutch graphic artist M.C. Escher that involve his correspondence with the mathematician Edsger Dijkstra?,hard-off-topic
computer_science_algorithms,hard-off-topic,How can the concept of Longest Common Subsequence be applied to analyze and compare recurring themes in classical literature texts?,hard-off-topic
computer_science_algorithms,hard-off-topic,"What are the potential applications of the Rabin-Karp method in fields such as literary analysis or cryptography, where pattern detection plays a significant role?",hard-off-topic
computer_science_algorithms,hard-off-topic,How could the principles of the KMP Algorithm inspire new approaches to optimizing supply chain logistics in the fashion industry?,hard-off-topic
computer_science_algorithms,hard-off-topic,Could you explain how wineries determine the optimal pricing strategy for offering bottles in their wine club preorder programs?,hard-off-topic
computer_science_algorithms,hard-off-topic,How might the concept of an LRU Cache inform the way we prioritize tasks and manage time in daily life to ensure efficiency and effectiveness?,hard-off-topic
computer_science_algorithms,hard-off-topic,How can Big O Notation be applied to evaluate the scalability of processes in a large-scale urban transportation network?,hard-off-topic
computer_science_algorithms,hard-off-topic,"What cultural or historical significance does the term 'Red-Black Tree' hold in literature or folklore, and how has it been represented symbolically in these narratives?",hard-off-topic
computer_science_algorithms,hard-off-topic,How might the principles of the Floyd-Warshall algorithm inspire strategies for optimizing organizational workflow in a large corporation?,hard-off-topic
computer_science_algorithms,hard-off-topic,What historical uses of a knapsack can be identified in early military expeditions and how did they influence the design of modern military backpacks?,hard-off-topic
computer_science_algorithms,hard-off-topic,How might the principles underlying the KMP Algorithm be metaphorically applied to improve pattern recognition in the field of archaeology?,hard-off-topic
computer_science_algorithms,hard-off-topic,How might one apply the concept of Topological Sort to prioritize steps in a complex recipe that includes multiple dependent cooking techniques and ingredient preparations?,hard-off-topic
computer_science_algorithms,hard-off-topic,"How does recursion manifest in natural systems and processes, such as the patterns observed in certain plant growth or animal behavior?",hard-off-topic
computer_science_algorithms,hard-off-topic,What are some notable accolades or controversies associated with the A* grade system in educational institutions?,hard-off-topic
computer_science_algorithms,hard-off-topic,How does the philosophical concept of 'Branch and Bound' apply to decision-making processes in ethical dilemmas?,hard-off-topic
computer_science_algorithms,hard-off-topic,In what way might the principles of tree traversal be applied metaphorically to exploring the branching paths of decision-making in human psychology?,hard-off-topic
computer_science_algorithms,hard-off-topic,Can you describe a hypothetical scenario in which the concept of a Red-Black Tree might be used as a metaphor for balancing contrasting elements in a story or narrative?,hard-off-topic
computer_science_algorithms,hard-off-topic,How might the concept of the Floyd-Warshall algorithm metaphorically apply to optimizing diplomatic relations among multiple countries?,hard-off-topic
computer_science_algorithms,hard-off-topic,How might the concept of MergeSort be metaphorically applied to effectively organizing a large and diverse library collection to improve accessibility and coherence for patrons?,hard-off-topic
computer_science_algorithms,hard-off-topic,How does the sorting of sediments in a flowing river affect the formation of different geological features over time?,hard-off-topic
computer_science_algorithms,hard-off-topic,How can the concept of bit manipulation be applied to optimize the process of genetic sequence analysis in bioinformatics?,hard-off-topic
computer_science_algorithms,hard-off-topic,How do different cultures throughout history conceptualize the journey and experiences of a traveling salesman in their folklore and literature?,hard-off-topic
computer_science_algorithms,hard-off-topic,How do the concepts of patience and perseverance manifest in one's journey inorder to achieve personal growth?,hard-off-topic
computer_science_algorithms,hard-off-topic,How can the concept of Topological Sort be applied to optimize the scheduling of courses in a university curriculum where certain courses have prerequisites?,hard-off-topic
computer_science_algorithms,hard-off-topic,"How can the concept of recursion be applied to explain the self-similar patterns observed in certain natural phenomena, such as coastlines or snowflakes?",hard-off-topic
computer_science_algorithms,hard-off-topic,"What cultural, social, and geographical factors historically influenced the development of trade routes considered the shortest path between early civilizations?",hard-off-topic
computer_science_algorithms,hard-off-topic,How might the principles underlying the Bellman-Ford algorithm influence strategic decision-making in complex network negotiations?,hard-off-topic
computer_science_algorithms,hard-off-topic,How can the concept of Depth-First Search be applied to explore the intricate textual layers and narrative paths in complex literary works?,hard-off-topic
computer_science_algorithms,hard-off-topic,How does the concept of Postorder manifest in the organizational structure and operations of ancient postal systems?,hard-off-topic
computer_science_algorithms,hard-off-topic,How might the symbolic interpretation of tree traversal influence the narrative structure in folklore and mythological storytelling?,hard-off-topic
computer_science_algorithms,hard-off-topic,"How can the strategy of ""Divide and Conquer"" be applied to effectively manage and resolve conflicts in a complex organizational setting?",hard-off-topic
computer_science_algorithms,hard-off-topic,"What is the shortest path for a migratory bird traveling from its breeding grounds in the northern hemisphere to its wintering habitat in the southern hemisphere, considering geographical barriers and weather conditions?",hard-off-topic
computer_science_algorithms,hard-off-topic,How can the Branch and Bound method be applied in the context of solving complex decision-making problems within financial portfolio management?,hard-off-topic
computer_science_algorithms,hard-off-topic,How does the architectural design of ancient temples reflect a structure similar to a B-Tree in terms of stability and accessibility?,hard-off-topic
computer_science_algorithms,hard-off-topic,How might the concept of topological sort be applied to the organization of historical events in a chronological narrative to ensure that causes precede their subsequent effects?,hard-off-topic
computer_science_algorithms,hard-off-topic,How does the concept of tree traversal relate to the understanding and exploration of family genealogies across multiple generations?,hard-off-topic
computer_science_algorithms,hard-off-topic,How does searching for identity within multicultural societies impact individual self-awareness and cultural assimilation?,hard-off-topic
computer_science_algorithms,hard-off-topic,How might the process of hashing be metaphorically applied to the way in which collective memories are formed and recalled in cultural anthropology?,hard-off-topic
computer_science_algorithms,hard-off-topic,How does the technique of backtracking apply to the process of tracing the origins of a historical artifact to determine its authenticity and provenance?,hard-off-topic
computer_science_algorithms,hard-off-topic,How might one apply the principles of SelectionSort to organizing a diverse range of wines in a vineyard to optimize tasting tours?,hard-off-topic
computer_science_algorithms,hard-off-topic,What historical significance does the knapsack hold in the context of military campaigns throughout history?,hard-off-topic
computer_science_algorithms,hard-off-topic,How can one appropriately arrange historical events in chronological order to ensure an accurate Inorder representation?,hard-off-topic
computer_science_algorithms,hard-off-topic,How is the hierarchical structure of a B-Tree similar to the organizational structure of a large corporation?,hard-off-topic
computer_science_algorithms,hard-off-topic,How has Kurt Kruskal's work influenced the theoretical understanding of black holes in the field of general relativity?,hard-off-topic
computer_science_algorithms,hard-off-topic,"In the context of art galleries, how does a curator determine the postorder for displaying artworks in a new exhibition to ensure an optimal flow for visitors?",hard-off-topic
computer_science_algorithms,hard-off-topic,"How might an ""LRU Cache"" metaphor be applied to prioritize cognitive processes or decisions in high-stress environments?",hard-off-topic
computer_science_algorithms,hard-off-topic,"What historical factors have led to the specific ordering of events in religious or cultural rituals, considering how inorder progression impacts their significance?",hard-off-topic
computer_science_algorithms,hard-off-topic,How might the concept of an LRU Cache be metaphorically applied to explain the dynamics of social memory in close-knit communities?,hard-off-topic
computer_science_algorithms,hard-off-topic,How can the concept of Breadth-First Search be applied metaphorically to optimize the process of networking at a large professional conference?,hard-off-topic
computer_science_algorithms,hard-off-topic,What factors influence migratory birds when determining the shortest path across continents during seasonal migrations?,hard-off-topic
computer_science_algorithms,hard-off-topic,"In the context of analyzing historical texts for thematic consistencies, how can the concept of the Longest Common Subsequence be applied to identify prevailing narratives between different time periods?",hard-off-topic
computer_science_algorithms,hard-off-topic,How might the principles of QuickSort be metaphorically applied to organizing a cluttered art workshop?,hard-off-topic
computer_science_algorithms,hard-off-topic,What are the stellar classification characteristics of an A-type main-sequence star?,hard-off-topic
computer_science_algorithms,hard-off-topic,How can backtracking be used effectively in tracing the historical origins of dialectical variations in language studies?,hard-off-topic
computer_science_algorithms,hard-off-topic,What role did Prim's lens play in shaping early 20th-century psychological theories?,hard-off-topic
computer_science_algorithms,hard-off-topic,"How can the concept of ""SelectionSort"" be metaphorically applied to the process of curating a personal art collection?",hard-off-topic
computer_science_algorithms,hard-off-topic,"What are the historical origins and cultural significance of the term ""BucketSort"" in the context of ancient communal water distribution methods?",hard-off-topic
computer_science_algorithms,hard-off-topic,How might the term InsertionSort be metaphorically applied to the gradual process of integrating new cultural practices into an established community?,hard-off-topic
computer_science_algorithms,hard-off-topic,How might the principles of QuickSort be metaphorically applied to organizing a large social event?,hard-off-topic
computer_science_algorithms,hard-off-topic,"What are the potential real-world applications and surprising connections of the KMP Algorithm beyond its typical use in pattern searching, and how might these applications influence interdisciplinary research?",hard-off-topic
computer_science_algorithms,hard-off-topic,"What ecological role do AVL Trees play in a hypothetical environment where they exist as self-balancing flora, influencing biodiversity and resource distribution?",hard-off-topic
computer_science_algorithms,hard-off-topic,How does the sorting of societal values influence cultural evolution and adaptation in response to rapid technological advancements?,hard-off-topic
computer_science_algorithms,hard-off-topic,"How can the concept of hashing be metaphorically applied to the process of cooking, specifically in terms of breaking down ingredients and flavors to create a final dish?",hard-off-topic
computer_science_algorithms,hard-off-topic,What are the potential challenges and benefits of implementing a performance-based pay system in higher education institutions like A* universities?,hard-off-topic
computer_science_algorithms,hard-off-topic,How does the concept of tree traversal apply to understanding the pathways and impact of ancient trade routes that were once deeply intertwined with the natural forest landscapes they crossed?,hard-off-topic
computer_science_algorithms,hard-off-topic,How could the concept of MergeSort inspire organizational strategies in arranging collaborative projects to optimize team efficiency and resource allocation?,hard-off-topic
computer_science_algorithms,hard-off-topic,How does Big O Notation apply in analyzing the complexity of ecological food chains in terms of energy transfer between trophic levels?,hard-off-topic
computer_science_algorithms,hard-off-topic,How can the concept of maintaining balance in an AVL Tree be metaphorically applied to sustainable forest management practices?,hard-off-topic
computer_science_algorithms,hard-off-topic,How might the principles of BubbleSort be metaphorically applied to the process of decluttering and organizing a personal library?,hard-off-topic
computer_science_algorithms,hard-off-topic,How might the principles of SelectionSort apply to optimizing the selection of the best quality ingredients in culinary arts?,hard-off-topic
computer_science_algorithms,hard-off-topic,How can the principles of division and recombination in MergeSort be applied to optimize teamwork and collaborative efficiency in large-scale project management?,hard-off-topic
computer_science_algorithms,hard-off-topic,How does the theme of recursion manifest in literary narratives and influence the structure of storytelling?,hard-off-topic
computer_science_algorithms,hard-off-topic,How can the structure of a binary tree be utilized in the design of a multi-branch family genealogy chart to efficiently depict ancestral relationships?,hard-off-topic
computer_science_algorithms,hard-off-topic,How can the principles of Dynamic Programming be applied to efficiently manage inventory levels in real-time for a retail business facing fluctuating demand and supply chain disruptions?,hard-off-topic
computer_science_algorithms,hard-off-topic,How might the structure and principles of a B-Tree be applied metaphorically in organizing and managing a botanical garden's diverse plant collection?,hard-off-topic
computer_science_algorithms,hard-off-topic,How does the concept of 'Branch and Bound' influence decision-making strategies in strategic business management?,hard-off-topic
computer_science_algorithms,hard-off-topic,What factors influence the maximum flow of water in a natural river system during periods of heavy rainfall?,hard-off-topic
computer_science_algorithms,hard-off-topic,What are the potential effects of Prim's rose cultivation techniques on local biodiversity?,hard-off-topic
computer_science_algorithms,hard-off-topic,How can the conceptual framework of binary search be metaphorically applied to the process of decision-making in strategic business scenarios?,hard-off-topic
computer_science_algorithms,hard-off-topic,"In what context might the term ""Floyd-Warshall"" be associated with the evolution of strategies in complex adaptive systems beyond its known application in computer science?",hard-off-topic
computer_science_algorithms,hard-off-topic,How might the concept of a Red-Black Tree be metaphorically applied to balance issues in ecological systems or societal structures?,hard-off-topic
computer_science_algorithms,hard-off-topic,How can the concept of an LRU Cache be creatively applied to manage limited space for storing artwork in a small gallery?,hard-off-topic
computer_science_algorithms,hard-off-topic,How does the concept of a binary tree relate to decision-making processes in cognitive psychology?,hard-off-topic
computer_science_algorithms,hard-off-topic,"How might the process of hashing be significant in the culinary world, particularly in the context of traditional recipes?",hard-off-topic
computer_science_algorithms,hard-off-topic,How would a novel based on the Floyd-Warshall approach to negotiation strategies potentially reshape the narrative dynamics in diplomatic fiction?,hard-off-topic
computer_science_algorithms,hard-off-topic,How can the concept of Divide and Conquer be applied to effectively manage a large team working on a complex project in a corporate setting?,hard-off-topic
computer_science_algorithms,hard-off-topic,How might the concept of 'BubbleSort' be metaphorically applied to the process of organizing a chaotic schedule?,hard-off-topic
computer_science_algorithms,hard-off-topic,How can the concept of a knapsack be used to explore themes of resourcefulness and survival in classic literature?,hard-off-topic
computer_science_algorithms,hard-off-topic,How does the concept of maximum flow apply to optimizing water distribution in complex irrigation systems to ensure equitable water access across varying terrain?,hard-off-topic
computer_science_algorithms,hard-off-topic,How might the concept of 'BucketSort' be metaphorically applied to organizing an extensive collection of antique coins based on their historical era and geographic origin?,hard-off-topic
computer_science_algorithms,hard-off-topic,"What are the key logistical challenges faced by a travelling salesman in the 19th century, and how did they overcome them?",hard-off-topic
computer_science_algorithms,hard-off-topic,How does the process of string matching help in identifying and analyzing literary devices within classical poetry?,hard-off-topic
computer_science_algorithms,hard-off-topic,How can bit manipulation techniques be utilized in optimizing financial data encryption for secure transactions?,hard-off-topic
computer_science_algorithms,hard-off-topic,"How would one explain the core principles of the KMP Algorithm using an analogy from everyday life, particularly focusing on pattern recognition in non-digital contexts?",hard-off-topic
computer_science_algorithms,hard-off-topic,How might the principles of Depth-First Search be applied to map the complex lineage and historical relationships within royal families?,hard-off-topic
computer_science_algorithms,hard-off-topic,Can preordering limited edition merchandise contribute to a more sustainable fashion industry by reducing waste?,hard-off-topic
computer_science_algorithms,hard-off-topic,How might the principles of BucketSort be metaphorically applied to optimize the organization of a diverse art collection in a gallery setting?,hard-off-topic
computer_science_algorithms,hard-off-topic,How might the concept of a red-black tree be metaphorically applied to describe the balance of power or social structures in historical societies?,hard-off-topic
computer_science_algorithms,hard-off-topic,How do heuristics influence decision-making processes in moral and ethical dilemmas?,hard-off-topic
computer_science_algorithms,hard-off-topic,How can the concept of 'InsertionSort' be metaphorically applied to the process of editing and organizing a chaotic script into a coherent narrative flow?,hard-off-topic
computer_science_algorithms,hard-off-topic,How has the concept of searching for meaning evolved in philosophical thought throughout history?,hard-off-topic
computer_science_algorithms,hard-off-topic,How might the strategic decision-making framework of Branch and Bound be applied in assessing investment opportunities in diverse economic sectors?,hard-off-topic
computer_science_algorithms,hard-off-topic,How can the principles of sorting be applied to organize a diverse collection of historical artifacts in a museum exhibition while preserving the narrative context and cultural significance of each item?,hard-off-topic
computer_science_algorithms,hard-off-topic,What is the significance of the 'A*' grade in the context of international baccalaureate exams?,hard-off-topic
computer_science_algorithms,hard-off-topic,How does sorting through various historical accounts and records influence our understanding of past events and societal development?,hard-off-topic
computer_science_algorithms,hard-off-topic,How might the concept of graph traversal be used to analyze historical trade routes and their evolution across different regions?,hard-off-topic
computer_science_algorithms,hard-off-topic,How can the principles of MergeSort be metaphorically applied to organizing a large-scale community event that involves diverse groups and multiple stages of activity?,hard-off-topic
computer_science_algorithms,hard-off-topic,"In the context of human cognitive processes, how might the concept of a Binary Tree be used metaphorically to describe decision-making pathways and the branching of thought patterns?",hard-off-topic
computer_science_algorithms,hard-off-topic,How might the principles of the Floyd-Warshall approach be metaphorically applied to optimize the flow of information in a large organization?,hard-off-topic
computer_science_algorithms,hard-off-topic,How could the principles of MergeSort be metaphorically applied to organizing a large-scale community project to ensure efficiency and smooth collaboration?,hard-off-topic
computer_science_algorithms,hard-off-topic,"How might traditional food preservation techniques, such as hashing, be adapted to innovate gastronomy without compromising food safety?",hard-off-topic
computer_science_algorithms,hard-off-topic,"In the study of ancient civilizations, how do postorder arrangements of unearthed artifacts aid archaeologists in understanding the sequence of historical events and cultural changes within a particular archaeological site?",hard-off-topic
computer_science_algorithms,hard-off-topic,How does the consideration of fictional places such as Floyd-Warshall influence the evolution of modern cartography and geographical lore?,hard-off-topic
computer_science_algorithms,hard-off-topic,"How does backtracking play a role in solving complex issues within project management, especially when initial strategies fail?",hard-off-topic
computer_science_algorithms,hard-off-topic,How could the concept of graph traversal be used to analyze patterns of communication within a social network to understand the dynamics of group interactions?,hard-off-topic
computer_science_algorithms,hard-off-topic,How would you describe the emotional journey of a character who perceives their life as a perpetual BubbleSort of relationships and experiences?,hard-off-topic
computer_science_algorithms,hard-off-topic,How might the concept of a Minimum Spanning Tree apply to optimizing the layout and design of an urban public transportation network?,hard-off-topic
computer_science_algorithms,hard-off-topic,How does the sorting of seeds after harvesting impact the quality and yield of crops in agriculture?,hard-off-topic
computer_science_algorithms,hard-off-topic,How does the growth habit of a B-Tree compare to other ornamental trees in landscape architecture?,hard-off-topic
computer_science_algorithms,hard-off-topic,How might the principles of MergeSort be metaphorically applied to reorganizing a collection of art pieces in a museum exhibit to enhance viewer experience?,hard-off-topic
computer_science_algorithms,hard-off-topic,How can dynamic programming principles be applied to optimize the scheduling and resource allocation in a sports training regimen to enhance athlete performance and recovery?,hard-off-topic
computer_science_algorithms,hard-off-topic,How do museums typically manage the preorder process for limited edition exhibition merchandise?,hard-off-topic
computer_science_algorithms,hard-off-topic,How might the principles underlying the Bellman-Ford approach offer insights into understanding the propagation of signals in neural networks within cognitive science?,hard-off-topic
computer_science_algorithms,hard-off-topic,What strategies do migratory birds employ to determine the shortest path during their seasonal journeys between breeding and wintering grounds?,hard-off-topic
computer_science_algorithms,hard-off-topic,"How does the culinary technique of hashing, often used in transforming leftovers into new meals, compare across different cultures in terms of preparation and ingredients?",hard-off-topic
computer_science_algorithms,hard-off-topic,How can Big O Notation be used to evaluate the growth rate of biological populations in different environmental conditions?,hard-off-topic
computer_science_algorithms,hard-off-topic,"How might the concept of SelectionSort metaphorically apply to the process of curating an art exhibition, where each piece is deliberately chosen and sequenced?",hard-off-topic
computer_science_algorithms,hard-off-topic,"How does the concept of 'postorder' apply to the sequence in which tasks should be performed in a complex workflow, such as a theatrical production process?",hard-off-topic
computer_science_algorithms,hard-off-topic,How do the sales strategies differ between preorder and traditional retail models in the publishing industry?,hard-off-topic
computer_science_algorithms,hard-off-topic,How might the principles of the KMP algorithm be metaphorically applied to enhance efficiency in solving real-world pattern recognition challenges outside of computing?,hard-off-topic
computer_science_algorithms,hard-off-topic,How might you metaphorically explain the process of organizing a chaotic group of tasks in daily life through the concept of HeapSort?,hard-off-topic
computer_science_algorithms,hard-off-topic,What are the implications of Kruskal's theory for understanding the dimensional structure of human perception in psychometrics?,hard-off-topic
computer_science_algorithms,hard-off-topic,How can the concept of graph traversal be applied to optimize the mapping of ancient trade routes for historians studying the exchange of goods and cultural influences?,hard-off-topic
computer_science_algorithms,hard-off-topic,"What are the potential cultural influences on a community when an ancient manuscript, believed to be decoded using the Rabin-Karp technique, reveals previously unknown historical events?",hard-off-topic
computer_science_algorithms,hard-off-topic,How can bit manipulation techniques be utilized in the design and optimization of digital signal processing circuits in modern telecommunications equipment?,hard-off-topic
computer_science_algorithms,hard-off-topic,What historical accounts exist of an actual travelling salesman who significantly impacted trade routes or local economies?,hard-off-topic
computer_science_algorithms,hard-off-topic,How might the principles of Depth-First Search be applied to exploring uncharted underwater cave systems in terms of navigation and mapping?,hard-off-topic
computer_science_algorithms,hard-off-topic,How might the concept of an LRU Cache be applied metaphorically to improve efficiency in daily personal routines or habits?,hard-off-topic
computer_science_algorithms,hard-off-topic,How can the concept of backtracking be applied to the process of uncovering historical events through archaeological reconstruction?,hard-off-topic
computer_science_algorithms,hard-off-topic,How can the concept of QuickSort be metaphorically applied to organizing a chaotic schedule efficiently?,hard-off-topic
computer_science_algorithms,hard-off-topic,What are the legal implications of maintaining documentation in order to comply with regulatory standards?,hard-off-topic
computer_science_algorithms,hard-off-topic,How can the principles of Breadth-First Search be applied to systematically explore and document the cultural artifacts in a large museum?,hard-off-topic
computer_science_algorithms,hard-off-topic,How might the concept of a knapsack be symbolically interpreted in literature as a representation of personal burdens or collected experiences that individuals carry through their lives?,hard-off-topic
computer_science_algorithms,hard-off-topic,How can bit manipulation techniques be applied in the optimization of electrical circuit design to improve performance and efficiency?,hard-off-topic
computer_science_algorithms,hard-off-topic,How do culinary techniques in traditional cuisines utilize the concept of hashing to enhance flavor and texture in their dishes?,hard-off-topic
computer_science_algorithms,hard-off-topic,How does the philosophy of Branch and Bound apply to strategic decision-making in complex negotiations within international relations?,hard-off-topic
computer_science_algorithms,hard-off-topic,How does the concept of 'Inorder' apply to the traditional methods of preparing a multi-course meal in culinary arts?,hard-off-topic
computer_science_algorithms,hard-off-topic,What is the historical significance of the QuickSort dance and how did it influence cultural movements in the mid-20th century?,hard-off-topic
computer_science_algorithms,hard-off-topic,"When considering the exploration of ancient cave systems, how might the concept of Depth-First Search be metaphorically applied to the strategy of archaeologists in uncovering undiscovered chambers and passages?",hard-off-topic
computer_science_algorithms,hard-off-topic,How can string matching techniques be applied to analyze and compare literary themes across different works of Shakespeare?,hard-off-topic
computer_science_algorithms,hard-off-topic,"How does the concept of recursion manifest in natural ecosystems, particularly in predator-prey relationships and their influence on biodiversity?",hard-off-topic
computer_science_algorithms,hard-off-topic,What are the ecological implications of greedy consumption patterns on biodiversity in tropical rainforests?,hard-off-topic
computer_science_algorithms,hard-off-topic,How can you apply the Divide and Conquer strategy in conflict resolution to effectively address underlying issues within a team?,hard-off-topic
computer_science_algorithms,hard-off-topic,How can bit manipulation techniques be used to design more efficient electronic circuits in hardware engineering for minimizing power consumption?,hard-off-topic
computer_science_algorithms,hard-off-topic,How does the process of hashing spices enhance their flavor profile in culinary practices?,hard-off-topic
computer_science_algorithms,hard-off-topic,"How does recursion function as a recurring motif in classical literature, revealing deeper meanings through the repetition of themes or events?",hard-off-topic
computer_science_algorithms,hard-off-topic,How might the structure and branching factor of a B-Tree be metaphorically applied to understanding complex family genealogies in anthropology?,hard-off-topic
computer_science_algorithms,hard-off-topic,"In which contexts is the term 'Inorder' used beyond its typical association with computer science, and how does its meaning adapt in those scenarios?",hard-off-topic
computer_science_algorithms,hard-off-topic,How might the concept of an LRU Cache be creatively applied in designing a library system to manage frequently accessed rare books within limited shelf space?,hard-off-topic
computer_science_algorithms,hard-off-topic,How can the historical evolution of the knapsack influence modern sustainable travel practices?,hard-off-topic
computer_science_algorithms,hard-off-topic,How can Big O Notation be applied to analyze the efficiency of operations in a complex cooking recipe or procedure?,hard-off-topic
computer_science_algorithms,hard-off-topic,How might the principles of MergeSort be applied to the process of sorting and organizing historical events in a way that optimizes clarity and understanding for educational purposes?,hard-off-topic
computer_science_algorithms,hard-off-topic,How can the concept of the shortest path be applied to efficiently plan a route for a pilgrimage visiting multiple sacred sites along a historic trail?,hard-off-topic
computer_science_algorithms,hard-off-topic,"In the context of exploring genealogical records to construct a comprehensive family tree, how can a Breadth-First Search approach address the challenges of uncovering distant relatives whose connections are not immediately apparent?",hard-off-topic
computer_science_algorithms,hard-off-topic,How can principles of Breadth-First Search be applied to exploring complex social networks to identify influential communities?,hard-off-topic
computer_science_algorithms,hard-off-topic,How might the societal impact of teaching the KMP Algorithm in primary education influence the way students approach pattern recognition in fields outside of technology and computer science?,hard-off-topic
computer_science_algorithms,hard-off-topic,How does the culinary technique of hashing influence the texture and flavor profile of roasted vegetables?,hard-off-topic
computer_science_algorithms,hard-off-topic,How does the sorting of archaeological artifacts by region and period contribute to our understanding of ancient trade routes and cultural exchange?,hard-off-topic
computer_science_algorithms,hard-off-topic,How might one creatively incorporate the concept of 'RadixSort' into an art installation that explores the themes of order and chaos?,hard-off-topic
computer_science_algorithms,hard-off-topic,How would you apply the concepts of organization and efficiency from MergeSort to streamline a complex logistical operation in a large distribution center?,hard-off-topic
computer_science_algorithms,hard-off-topic,How could the concept of Tree Traversal be metaphorically applied to understanding the progression of historical events in a timeline?,hard-off-topic
computer_science_algorithms,hard-off-topic,What is the role of backtracking in archaeological excavations when identifying and interpreting ancient human activity?,hard-off-topic
computer_science_algorithms,hard-off-topic,"What is the significance of Joseph Kruskal's work in the field of linguistics, particularly in terms of its impact on computational models of language?",hard-off-topic
computer_science_algorithms,hard-off-topic,How might quantum botanists utilize an abstract concept like RadixSort to influence the organizational patterns of root growth in genetically engineered plants?,hard-off-topic
computer_science_algorithms,hard-off-topic,How can the principles of BubbleSort inspire strategies for organizing a cluttered kitchen pantry in an efficient manner?,hard-off-topic
computer_science_algorithms,hard-off-topic,How might the concept of Depth-First Search be metaphorically applied to the exploration of themes in a complex literary work?,hard-off-topic
computer_science_algorithms,hard-off-topic,How can dynamic programming principles be applied to optimize the scheduling and routing of supply chain logistics to minimize costs and time?,hard-off-topic
computer_science_algorithms,hard-off-topic,How does searching for meaning in life influence one's mental health and decision-making processes?,hard-off-topic
computer_science_algorithms,hard-off-topic,"How might the use of ""HeapSort"" as a metaphor illustrate the complexities of organizing societal structures while maintaining equilibrium?",hard-off-topic
computer_science_algorithms,hard-off-topic,"How can the concept of ordering objects based on their attributes, similar to RadixSort’s sorting approach, be applied to optimize the organization of items in a large warehouse?",hard-off-topic
computer_science_algorithms,hard-off-topic,What is the significance of the star symbol in the grading system denoted as A* in the educational curriculum of the United Kingdom?,hard-off-topic
computer_science_algorithms,hard-off-topic,How does the concept of backtracking play a role in historical research when historians attempt to unravel the sequence of past events based on limited or conflicting sources?,hard-off-topic
computer_science_algorithms,hard-off-topic,"How might the concept of ""InsertionSort"" be metaphorically applied to organizing a community fundraising event?",hard-off-topic
computer_science_algorithms,hard-off-topic,What theoretical aspects of Bellman-Ford could be metaphorically applied to explore the dynamics of decision-making in complex economic systems?,hard-off-topic
computer_science_algorithms,hard-off-topic,How has the KMP Algorithm metaphorically influenced modern approaches to scientific problem-solving and methodology adaptations across various disciplines?,hard-off-topic
computer_science_algorithms,hard-off-topic,How has the concept of preorder in the context of educational book releases impacted the sales strategy for publishers?,hard-off-topic
computer_science_algorithms,hard-off-topic,How might the principles of MergeSort be metaphorically applied to organizing a complex event with multiple overlapping tasks to ensure efficiency and success?,hard-off-topic
computer_science_algorithms,hard-off-topic,How can the principles of binary search be applied in organizing and efficiently locating specific information within a large library's cataloging system?,hard-off-topic
computer_science_algorithms,hard-off-topic,How can the concept of the Longest Common Subsequence be applied to analyze similarities and differences in historical literature themes across different cultures?,hard-off-topic
computer_science_algorithms,hard-off-topic,How can the concept of Breadth-First Search be applied to efficiently navigate and prioritize research directions in an interdisciplinary academic project?,hard-off-topic
computer_science_algorithms,hard-off-topic,What are the ecological implications of classifying a forest as a 'Red-Black Tree' ecosystem in terms of biodiversity and habitat dynamics?,hard-off-topic
computer_science_algorithms,hard-off-topic,What significance does an A* rating hold in the wine industry when evaluating premium vintages?,hard-off-topic
computer_science_algorithms,hard-off-topic,Can you explain how the concept of 'Tree Traversal' might be metaphorically used to describe the process of decision-making in a hierarchical organization?,hard-off-topic
computer_science_algorithms,hard-off-topic,What are the historical and cultural significance of the knapsack in various military traditions around the world?,hard-off-topic
computer_science_algorithms,hard-off-topic,How does Big O Notation apply to the scalability of a multi-variable mathematical model?,hard-off-topic
computer_science_algorithms,hard-off-topic,How could the concept of RadixSort inspire innovative approaches in organizing large art collections based on visual elements like color or form?,hard-off-topic
computer_science_algorithms,hard-off-topic,How can the concept of Binary Search be creatively applied to efficiently find a specific literary theme within a vast collection of classic novels?,hard-off-topic
computer_science_algorithms,hard-off-topic,How might the principles of SelectionSort be metaphorically applied to decision-making processes in daily life?,hard-off-topic
computer_science_algorithms,hard-off-topic,How does Big O Notation help in analyzing the scalability of mathematical models in population dynamics?,hard-off-topic
computer_science_algorithms,hard-off-topic,"What philosophical implications arise when examining the behavior of a ""greedy"" individual in classic literature, and how might these implications reflect on societal values?",hard-off-topic
computer_science_algorithms,hard-off-topic,Could you explain the significance of preorder specifications in determining the availability and distribution timeline of limited-edition products in the retail industry?,hard-off-topic
computer_science_algorithms,hard-off-topic,How might one employ the concept of Binary Search in organizing a vast collection of historical documents to optimize retrieval efficiency based on chronological order?,hard-off-topic
computer_science_algorithms,hard-off-topic,How might the concept of an AVL Tree be metaphorically applied to creating and maintaining balance in ecosystems?,hard-off-topic
computer_science_algorithms,hard-off-topic,How might the principles of BucketSort be metaphorically applied to organizing a complex social event with multiple guest preferences and interests?,hard-off-topic
computer_science_algorithms,hard-off-topic,How does the concept of tree traversal relate to understanding the hierarchical structures in organizational behavior?,hard-off-topic
computer_science_algorithms,hard-off-topic,How has hashing in culinary techniques influenced the texture and flavor profiles of traditional dishes across different cultures?,hard-off-topic
computer_science_algorithms,hard-off-topic,How can the principles of Branch and Bound be applied to optimize decision-making processes in complex supply chain management?,hard-off-topic
computer_science_algorithms,hard-off-topic,How does backtracking in a maze exploration experiment help in understanding psychological decision-making processes under stress?,hard-off-topic
computer_science_algorithms,hard-off-topic,What strategies could one employ to effectively organize a diverse collection of antique artifacts in a manner analogous to HeapSort?,hard-off-topic
computer_science_algorithms,hard-off-topic,How does the concept of QuickSort mirror decision-making processes in competitive sports or strategic games?,hard-off-topic
computer_science_algorithms,hard-off-topic,What historical trade routes or cultural practices might have influenced the tales and folklore surrounding a character similar to a travelling salesman in medieval times?,hard-off-topic
computer_science_algorithms,hard-off-topic,"How might one creatively use the concept of ""BubbleSort"" to organize a chaotic pantry space while ensuring accessibility and efficiency in everyday cooking tasks?",hard-off-topic
computer_science_algorithms,hard-off-topic,How might the concept of InsertionSort be creatively applied to organizing a diverse collection of historical narratives for a compelling museum exhibition?,hard-off-topic
computer_science_algorithms,hard-off-topic,How does the concept of searching for identity manifest in various cultural narratives and personal journeys?,hard-off-topic
computer_science_algorithms,hard-off-topic,How can the concept of Breadth-First Search be applied to organizing and prioritizing tasks in a project management scenario?,hard-off-topic
computer_science_algorithms,hard-off-topic,How might the observed pattern of Rabin-Karp interactions influence interdisciplinary research methodologies that seek to bridge computational linguistics and cognitive psychology?,hard-off-topic
computer_science_algorithms,hard-off-topic,How can heuristics influence clinical decision-making processes in medical diagnostics?,hard-off-topic
computer_science_algorithms,hard-off-topic,How does the concept of BucketSort metaphorically apply to organizing a diverse array of cultural artifacts in a museum exhibit?,hard-off-topic
computer_science_algorithms,hard-off-topic,How can the principles of Depth-First Search be metaphorically applied to exploring layers of meaning in literary analysis?,hard-off-topic
computer_science_algorithms,hard-off-topic,How might the structure of a binary tree be used metaphorically to describe hierarchical social relationships in a community?,hard-off-topic
computer_science_algorithms,hard-off-topic,How might the principles of the Floyd-Warshall algorithm be metaphorically applied to optimize decision-making processes in a complex organizational network?,hard-off-topic
computer_science_algorithms,hard-off-topic,How can the divide and conquer strategy be applied to efficiently organize a community event with diverse activities?,hard-off-topic
computer_science_algorithms,hard-off-topic,What are the historical origins and cultural significance of Prim's art collections in the context of European museum curation?,hard-off-topic
computer_science_algorithms,hard-off-topic,How do botanists determine the optimal preorder arrangement of plant species in a botanical garden to ensure both aesthetic appeal and ecological compatibility?,hard-off-topic
computer_science_algorithms,hard-off-topic,How might the principles of InsertionSort be metaphorically applied to organizing a complex social gathering?,hard-off-topic
computer_science_algorithms,hard-off-topic,How does the concept of recursion manifest in natural processes such as ecosystem dynamics or geological formations over time?,hard-off-topic
computer_science_algorithms,hard-off-topic,How does the term 'RadixSort' contribute to the metaphorical understanding of organizational restructuring within corporate environments?,hard-off-topic
computer_science_algorithms,hard-off-topic,How can the concept of Breadth-First Search be applied to explore the relationships and connections in an extensive historical network of influential philosophers?,hard-off-topic
computer_science_algorithms,hard-off-topic,How can the concept of topological sort be applied to optimize the sequence of tasks in a project management scenario where certain tasks depend on the completion of others?,hard-off-topic
computer_science_algorithms,hard-off-topic,How can the concept of a Minimum Spanning Tree be applied to efficiently design a river network for optimal water distribution in an agricultural region?,hard-off-topic
computer_science_algorithms,hard-off-topic,"How can the concept of a Minimum Spanning Tree be applied to optimize the layout of utility infrastructure in a city, such as water or electricity distribution networks, to minimize cost while ensuring connectivity?",hard-off-topic
sociology,on-topic,How do peer groups influence adolescent development?,on-topic
sociology,on-topic,How do social norms influence dietary habits and health?,on-topic
sociology,on-topic,How does consumer culture affect individual well-being?,on-topic
sociology,on-topic,What is the impact of aging populations on social services and intergenerational relationships?,on-topic
sociology,on-topic,What is the role of education in promoting social mobility?,on-topic
sociology,on-topic,What is the significance of social capital in community development?,on-topic
sociology,on-topic,What impact does social media have on identity formation among adolescents?,on-topic
sociology,on-topic,What is the sociological perspective on marriage and partnership diversity?,on-topic
sociology,on-topic,What is the role of social capital in community development?,on-topic
sociology,on-topic,What are the social consequences of climate change on vulnerable populations?,on-topic
sociology,on-topic,What are the effects of climate change on social equality and justice?,on-topic
sociology,on-topic,In what ways do socialization processes differ across cultures?,on-topic
sociology,on-topic,What role does language play in maintaining social hierarchies?,on-topic
sociology,on-topic,What is the significance of empathy in intergroup relations?,on-topic
sociology,on-topic,What is the relationship between mental health stigma and social support systems?,on-topic
sociology,on-topic,How do social movements lead to societal change?,on-topic
sociology,on-topic,How does the concept of race change over time and place?,on-topic
sociology,on-topic,How do languages influence cultural perceptions?,on-topic
sociology,on-topic,How does sports culture impact national identity and societal trends?,on-topic
sociology,on-topic,What is the impact of immigration on host country labor markets?,on-topic
sociology,on-topic,How does workplace diversity affect organizational performance?,on-topic
sociology,on-topic,How do gender roles vary across different societies and historical periods?,on-topic
sociology,on-topic,How does the criminal justice system reflect societal values?,on-topic
sociology,on-topic,What are the sociological consequences of inter-generational poverty?,on-topic
sociology,on-topic,In what ways does globalization impact cultural identity?,on-topic
sociology,on-topic,What are the social determinants of health disparities?,on-topic
sociology,on-topic,What factors contribute to the formation of deviant behavior in societies?,on-topic
sociology,on-topic,In what ways do race and ethnicity impact educational outcomes?,on-topic
sociology,on-topic,How does social class affect health outcomes?,on-topic
sociology,on-topic,What impact does social media have on modern social interactions?,on-topic
sociology,on-topic,What impact has feminism had on contemporary family structures?,on-topic
sociology,on-topic,What are the implications of privatization of social services on inequality?,on-topic
sociology,on-topic,What is the significance of social networks in the spread of cultural trends?,on-topic
sociology,on-topic,How do economic systems affect social stratification?,on-topic
sociology,on-topic,What are the sociological implications of digital communication in contemporary society?,on-topic
sociology,on-topic,How do social institutions adapt to changing demographic trends?,on-topic
sociology,on-topic,What are the sociological causes and consequences of poverty?,on-topic
sociology,on-topic,How does socioeconomic status influence educational attainment?,on-topic
sociology,on-topic,What are the sociological perspectives on youth subcultures and countercultures?,on-topic
sociology,on-topic,What factors drive socioeconomic mobility within modern societies?,on-topic
sociology,on-topic,What is the influence of ethical consumption on social change?,on-topic
sociology,on-topic,What are the sociological theories explaining the distribution of wealth and power?,on-topic
sociology,on-topic,What is the impact of aging on intergenerational relationships?,on-topic
sociology,on-topic,What is the role of language in cultural identity?,on-topic
sociology,on-topic,What role does religion play in shaping cultural norms?,on-topic
sociology,on-topic,In what ways does the media shape societal perceptions of reality?,on-topic
sociology,on-topic,How do family structures vary among different cultures?,on-topic
sociology,on-topic,In what ways does technology contribute to social divides?,on-topic
sociology,on-topic,How do educational institutions perpetuate social inequalities?,on-topic
sociology,on-topic,What is the effect of migration on social cohesion within host countries?,on-topic
sociology,on-topic,What are the causes and consequences of social movements throughout history?,on-topic
sociology,on-topic,How do social norms evolve in response to technological changes?,on-topic
sociology,on-topic,How do informal networks influence career advancement opportunities?,on-topic
sociology,on-topic,What role does language play in constructing social reality and identity?,on-topic
sociology,on-topic,How do societal expectations shape our understanding of childhood and adolescence?,on-topic
sociology,on-topic,How does the phenomenon of gentrification affect urban neighborhoods and their residents?,on-topic
sociology,on-topic,What sociological theories best explain the phenomena of racial and ethnic identity?,on-topic
sociology,on-topic,How do social movements bring about social change?,on-topic
sociology,on-topic,What is the significance of roles and statuses in social interaction?,on-topic
sociology,on-topic,How do ideologies perpetuate or challenge existing social orders?,on-topic
sociology,on-topic,How does globalization affect local cultures?,on-topic
sociology,on-topic,In what ways do social policies address or exacerbate poverty?,on-topic
sociology,on-topic,What is the impact of consumer culture on personal identity?,on-topic
sociology,on-topic,What role does education play in promoting social cohesion?,on-topic
sociology,on-topic,How do historical narratives shape national identity and collective memory?,on-topic
sociology,on-topic,What are the effects of political ideologies on social policies and welfare systems?,on-topic
sociology,on-topic,What role does social policy play in reducing poverty?,on-topic
sociology,on-topic,How does the sociological imagination help us understand personal experiences in a social context?,on-topic
sociology,on-topic,What impact does mass media have on public perception of crime?,on-topic
sociology,on-topic,How do fashion trends serve as a means of social expression and identity?,on-topic
sociology,on-topic,What are the impacts of neoliberal policies on social welfare?,on-topic
sociology,on-topic,What is the impact of urbanization on community structures?,on-topic
sociology,on-topic,What are the sociological perspectives on environmental sustainability and development?,on-topic
sociology,on-topic,How does technology influence the development of social networks?,on-topic
sociology,on-topic,How do social changes affect intergenerational relationships?,on-topic
sociology,on-topic,How do political ideologies shape social policy?,on-topic
sociology,on-topic,How do societal narratives about crime shape public policy and law enforcement?,on-topic
sociology,on-topic,How does war and conflict impact social structures and community resilience?,on-topic
sociology,on-topic,What are the effects of digital surveillance on privacy and freedom?,on-topic
sociology,on-topic,What is the role of education in societal integration and cohesion?,on-topic
sociology,on-topic,How is deviance constructed and perceived in society?,on-topic
sociology,on-topic,What are the sociological factors contributing to crime rates?,on-topic
sociology,on-topic,What is the relationship between media and body image?,on-topic
sociology,on-topic,What is the sociology behind conspiracy theories and their followers?,on-topic
sociology,on-topic,How does globalization influence cultural identity and social change?,on-topic
sociology,on-topic,How do religious beliefs shape family dynamics?,on-topic
sociology,on-topic,How do social policies address or exacerbate issues of poverty and welfare?,on-topic
sociology,on-topic,How is collective memory constructed and maintained in societies?,on-topic
sociology,on-topic,How do media representations shape societal norms?,on-topic
sociology,on-topic,How does technology influence the concept of community?,on-topic
sociology,on-topic,What is the impact of mass media on shaping public opinion and social norms?,on-topic
sociology,on-topic,In what ways do social movements bring about change?,on-topic
sociology,on-topic,What is the impact of social media on self-perception?,on-topic
sociology,on-topic,What are the sociocultural implications of climate change?,on-topic
sociology,on-topic,How do societal attitudes toward disability influence inclusion?,on-topic
sociology,on-topic,How does patriarchy influence societal structures and institutions?,on-topic
sociology,on-topic,What role do peer groups play in adolescent development?,on-topic
sociology,on-topic,What are the sociological effects of economic inequality?,on-topic
sociology,on-topic,What impact does globalization have on local cultures and communities?,on-topic
sociology,on-topic,In what ways are urban policies influenced by social justice concerns?,on-topic
sociology,on-topic,How do historical events shape current social and cultural institutions?,on-topic
sociology,on-topic,What are the social determinants of health?,on-topic
sociology,on-topic,What are the effects of mass media on public opinion?,on-topic
sociology,on-topic,How do cultural stereotypes perpetuate social inequalities?,on-topic
sociology,on-topic,What role does language play in constructing social hierarchies?,on-topic
sociology,on-topic,What are the impacts of digital technology on social relationships and communication?,on-topic
sociology,on-topic,How do social norms influence individual behavior in different cultures?,on-topic
sociology,on-topic,How does ageism manifest in modern societies?,on-topic
sociology,on-topic,How do social networks influence political participation and activism?,on-topic
sociology,on-topic,What role does technology play in facilitating or hindering social connectivity?,on-topic
sociology,on-topic,What is the significance of rituals and traditions in maintaining social order?,on-topic
sociology,on-topic,How does surveillance impact individual privacy and freedom?,on-topic
sociology,on-topic,How do gender expectations vary across cultures?,on-topic
sociology,on-topic,What is the relationship between media representation and self-esteem?,on-topic
sociology,on-topic,What is the role of social movements in shaping policy and public opinion?,on-topic
sociology,on-topic,How does technology influence patterns of socialization among youth?,on-topic
sociology,on-topic,How does social class affect access to educational opportunities?,on-topic
sociology,on-topic,What is the significance of intersectionality in understanding social inequality?,on-topic
sociology,on-topic,What impact does globalization have on cultural homogenization?,on-topic
sociology,on-topic,What is the role of sports in fostering community identity?,on-topic
sociology,on-topic,What are the main factors that contribute to social inequality in urban areas?,on-topic
sociology,on-topic,How do sociologists define and measure social capital?,on-topic
sociology,on-topic,What are the effects of immigration on native social structures?,on-topic
sociology,on-topic,What are the effects of financial inequality on political participation?,on-topic
sociology,on-topic,How does social capital affect community development initiatives?,on-topic
sociology,on-topic,What are the sociological challenges faced by indigenous communities?,on-topic
sociology,on-topic,What are the effects of globalization on national identities?,on-topic
sociology,on-topic,Why do some social groups experience more discrimination than others?,on-topic
sociology,on-topic,How does cultural capital influence social mobility and success?,on-topic
sociology,on-topic,How does social justice theory apply to education reform?,on-topic
sociology,on-topic,How does family structure impact child development?,on-topic
sociology,on-topic,How do cultural norms impact gender roles and expectations in different societies?,on-topic
sociology,on-topic,How do subcultures challenge mainstream society norms?,on-topic
sociology,on-topic,What are the sociological implications of aging populations?,on-topic
sociology,on-topic,How do work environments influence social interactions among employees?,on-topic
sociology,on-topic,What is the role of deviance in defining cultural boundaries and norms?,on-topic
sociology,on-topic,What are the sociological impacts of technological advancements on workforce dynamics?,on-topic
sociology,on-topic,What are the effects of technology on interpersonal communication?,on-topic
sociology,on-topic,What role do social norms play in perpetuating environmental sustainability practices?,on-topic
sociology,on-topic,What are the sociological perspectives on family dynamics?,on-topic
sociology,on-topic,How does aging affect social participation and inclusion?,on-topic
sociology,on-topic,What are the social dynamics behind volunteerism and philanthropy?,on-topic
sociology,on-topic,How do environmental issues intersect with social justice concerns?,on-topic
sociology,on-topic,How do educational systems reinforce or challenge social inequalities?,on-topic
sociology,on-topic,How do different societies construct and understand disability?,on-topic
sociology,on-topic,In what ways do policies on immigration shape national identity?,on-topic
sociology,on-topic,In what ways does urbanization affect community life and social behavior?,on-topic
sociology,on-topic,How do social networks contribute to the spread of cultural trends?,on-topic
sociology,on-topic,What are the effects of globalization on local cultural identities?,on-topic
sociology,on-topic,How does mass media contribute to the construction of social reality?,on-topic
sociology,on-topic,How is social mobility influenced by educational policies in various countries?,on-topic
sociology,on-topic,What are the sociological perspectives on health and illness?,on-topic
sociology,on-topic,How does the concept of the nation-state influence identity and belonging in a globalized world?,on-topic
sociology,on-topic,How does social policy address issues of poverty and inequality?,on-topic
sociology,on-topic,In what ways do cultural norms influence gender roles across different societies?,on-topic
sociology,on-topic,How does religion influence moral and ethical values?,on-topic
sociology,on-topic,What is the impact of migration on both sending and receiving societies?,on-topic
sociology,on-topic,How can structural functionalism be applied to understand social institutions?,on-topic
sociology,on-topic,How does social stratification impact access to education?,on-topic
sociology,on-topic,How does race impact access to healthcare?,on-topic
sociology,on-topic,How do life experiences shape social and political attitudes?,on-topic
sociology,on-topic,How do migration patterns influence cultural dynamics in society?,on-topic
sociology,on-topic,What are the effects of globalization on cultural homogenization?,on-topic
sociology,on-topic,How does transnational migration affect family dynamics and relationships?,on-topic
sociology,on-topic,How is health inequality perpetuated through social and economic systems?,on-topic
sociology,on-topic,How does socialization influence gender identity development?,on-topic
sociology,on-topic,In what ways do intersectionality and identity politics converge in contemporary society?,on-topic
sociology,on-topic,How does consumer culture impact personal identity and social relationships?,on-topic
sociology,on-topic,What role does language play in social identity?,on-topic
sociology,on-topic,How does globalization affect cultural diversity?,on-topic
sociology,on-topic,What are the effects of consumer culture on social identity?,on-topic
sociology,on-topic,How does migration affect cultural diversity in countries?,on-topic
sociology,on-topic,"How does ageism manifest in the workplace, and what are its consequences?",on-topic
sociology,on-topic,What role does the education system play in perpetuating social inequality?,on-topic
sociology,on-topic,How do class distinctions influence lifestyle choices and consumer behavior?,on-topic
sociology,on-topic,What role does language play in the perpetuation of power dynamics?,on-topic
sociology,on-topic,How do immigration patterns influence cultural diversity in a society?,on-topic
sociology,on-topic,How do social networks influence career opportunities?,on-topic
sociology,on-topic,How have family structures evolved over the past century?,on-topic
sociology,on-topic,How do sociologists study social change?,on-topic
sociology,on-topic,What is the sociological significance of fashion trends?,on-topic
sociology,on-topic,How do power relations shape institutional structures?,on-topic
sociology,on-topic,What is the significance of rituals in maintaining social order?,on-topic
sociology,on-topic,What are the dynamics of power and authority within different societal structures?,on-topic
sociology,on-topic,What factors contribute to the persistence of gender inequality?,on-topic
sociology,on-topic,How does occupational segregation contribute to socioeconomic disparities?,on-topic
sociology,on-topic,How do social policies influence family planning choices?,on-topic
sociology,on-topic,What is the importance of rituals and symbols in cultural practices?,on-topic
sociology,on-topic,How do power dynamics in relationships affect communication?,on-topic
sociology,on-topic,What is the impact of political ideologies on societal norms?,on-topic
sociology,on-topic,What roles do social institutions play in the transmission of culture?,on-topic
sociology,on-topic,What role does religion play in shaping societal values?,on-topic
sociology,on-topic,In what ways does the education system reinforce or challenge existing social structures?,on-topic
sociology,on-topic,What are the consequences of rapid urban expansion on rural communities?,on-topic
sociology,on-topic,What role does socioeconomic status play in educational attainment?,on-topic
sociology,on-topic,How do different societies perceive and handle mental illness?,on-topic
sociology,on-topic,What impact do social media platforms have on public discourse and activism?,on-topic
sociology,on-topic,How do rites of passage differ across societies?,on-topic
sociology,on-topic,How do cultural stereotypes influence the workplace environment?,on-topic
sociology,on-topic,What are the sociological perspectives on crime and punishment?,on-topic
sociology,on-topic,What impact does environmental change have on global societies?,on-topic
sociology,on-topic,What are the barriers to social mobility in developing countries?,on-topic
sociology,on-topic,How do social movements create change in society?,on-topic
sociology,on-topic,How do sociological theories explain the formation and maintenance of social norms?,on-topic
sociology,on-topic,How do family dynamics change across different cultures?,on-topic
sociology,on-topic,How do social factors influence people's health outcomes and access to healthcare?,on-topic
sociology,on-topic,What are the effects of consumerism on society?,on-topic
sociology,on-topic,What are the implications of political polarization on social cohesion?,on-topic
sociology,on-topic,How do educational interventions address racial disparities?,on-topic
sociology,on-topic,How does language shape social interactions?,on-topic
sociology,on-topic,How do educational practices reflect and reinforce social inequality?,on-topic
sociology,on-topic,How do cultural perceptions of beauty evolve over time and across societies?,on-topic
sociology,on-topic,What influence do peer groups have on adolescent development?,on-topic
sociology,on-topic,In what ways can sociological research contribute to public policy development?,on-topic
sociology,on-topic,What is the impact of technology on family dynamics?,on-topic
sociology,on-topic,How does peer pressure affect adolescent decision-making?,on-topic
sociology,on-topic,How do sociologists measure and analyze social change over time?,on-topic
sociology,on-topic,How do societal attitudes towards addiction vary in different cultures?,on-topic
sociology,on-topic,How does public policy address homelessness?,on-topic
sociology,on-topic,What role does family structure play in child development?,on-topic
sociology,on-topic,How does tourism impact local cultures and economies?,on-topic
sociology,on-topic,How do social movements influence public policy and legislative change?,on-topic
sociology,on-topic,In what ways do power and authority manifest in organizational structures?,on-topic
sociology,on-topic,What role does intersectionality play in understanding complex social identities?,on-topic
sociology,on-topic,What are the sociological implications of urbanization on community life?,on-topic
sociology,on-topic,How do family structures vary across different societies?,on-topic
sociology,on-topic,How does public policy shape family structures and dynamics?,on-topic
sociology,on-topic,What are the sociological implications of remote work becoming more prevalent in society?,on-topic
sociology,on-topic,What are the sociological implications of climate change?,on-topic
sociology,on-topic,How do peer groups influence individual behavior?,on-topic
sociology,on-topic,What are the sociological perspectives on addiction and its treatment?,on-topic
sociology,on-topic,What are the effects of consumer culture on individual and collective identity?,on-topic
sociology,on-topic,What are the implications of surveillance on privacy and freedom?,on-topic
sociology,on-topic,What is the influence of historical colonization on current social and economic disparities?,on-topic
sociology,on-topic,How does the concept of intersectionality inform our understanding of identity?,on-topic
sociology,on-topic,How do virtual communities compare to traditional forms of community building?,on-topic
sociology,on-topic,In what ways do social policies address or exacerbate inequality?,on-topic
sociology,on-topic,What is the relationship between race and criminal justice outcomes?,on-topic
sociology,on-topic,How do different societies approach and manage issues related to mental health stigma?,on-topic
sociology,on-topic,How do environmental issues intersect with socioeconomic disparities?,on-topic
sociology,on-topic,How do urban environments affect community cohesion and social capital?,on-topic
sociology,on-topic,What role does technology play in reshaping social interactions?,on-topic
sociology,on-topic,What are the consequences of digital surveillance on privacy?,on-topic
sociology,on-topic,What is the relationship between poverty and crime?,on-topic
sociology,on-topic,How do subcultures develop and sustain identity?,on-topic
sociology,on-topic,How do leisure activities reflect social class differences?,on-topic
sociology,on-topic,How do stereotypes impact individual life chances?,on-topic
sociology,on-topic,What is the impact of educational inequality on future generations?,on-topic
sociology,on-topic,What role do peer groups play in adolescence social development?,on-topic
sociology,on-topic,How is poverty defined and measured across different societies?,on-topic
sociology,on-topic,How do stereotypes perpetuate social inequality?,on-topic
sociology,on-topic,How does the concept of deviance differ across cultures?,on-topic
sociology,on-topic,What is the impact of colonialism on contemporary social systems?,on-topic
sociology,on-topic,What is the role of social policy in addressing poverty?,on-topic
sociology,on-topic,How do power dynamics manifest in different social institutions?,on-topic
sociology,on-topic,What are the effects of socioeconomic class on educational opportunities?,on-topic
sociology,on-topic,What is the significance of intersectionality in sociology?,on-topic
sociology,on-topic,How has online dating transformed romantic relationships?,on-topic
sociology,on-topic,How does social stratification impact access to education and healthcare?,on-topic
sociology,on-topic,How do cultural norms influence individual behaviors and choices?,on-topic
sociology,on-topic,What impact does tourism have on the cultural identity of local communities?,on-topic
sociology,on-topic,How do social networks influence political opinions?,on-topic
sociology,on-topic,What is the sociological significance of body image in contemporary culture?,on-topic
sociology,on-topic,What role does religion play in forming social norms and community bonds?,on-topic
sociology,on-topic,How do power dynamics within a society affect opportunities for minority groups?,on-topic
sociology,on-topic,How does socialization occur in digital spaces?,on-topic
sociology,on-topic,What factors contribute to racial and ethnic inequality?,on-topic
sociology,on-topic,What is the impact of educational policies on racial inequality?,on-topic
sociology,on-topic,How do race and ethnicity influence socioeconomic outcomes?,on-topic
sociology,on-topic,What are the social implications of adopting a universal basic income policy?,on-topic
sociology,on-topic,How does consumer culture shape individual identities?,on-topic
sociology,on-topic,How do societal attitudes towards disability impact policy and inclusion?,on-topic
sociology,on-topic,How does globalization affect cultural identity among different societies?,on-topic
sociology,on-topic,How does social anxiety affect interpersonal relationships?,on-topic
sociology,on-topic,How do migration patterns influence cultural exchange and social cohesion?,on-topic
sociology,on-topic,How do public policies address issues of homelessness and housing insecurity?,on-topic
sociology,on-topic,How does public policy address issues of racial and ethnic inequality?,on-topic
sociology,on-topic,What is the impact of climate change on social interactions?,on-topic
sociology,on-topic,How does social stratification influence access to resources and opportunities?,on-topic
sociology,on-topic,How do cultural festivals and rituals reinforce social solidarity and identity?,on-topic
sociology,on-topic,What role does social class play in shaping an individual's life experiences?,on-topic
sociology,on-topic,What are the effects of multicultural policies on social integration?,on-topic
sociology,on-topic,How do stereotypes affect academic performance?,on-topic
sociology,on-topic,How do social networks influence career success?,on-topic
sociology,on-topic,What is the role of culture in shaping social identity?,on-topic
sociology,on-topic,How do peer groups influence adolescent behavior and identity formation?,on-topic
sociology,on-topic,What are the sociological theories behind deviant behavior?,on-topic
sociology,on-topic,In what ways does technology mediate interpersonal relationships?,on-topic
sociology,on-topic,In what ways does gender inequality manifest in the workplace?,on-topic
sociology,on-topic,How do societies construct and treat age and the elderly?,on-topic
sociology,on-topic,How does public policy affect social welfare?,on-topic
sociology,on-topic,What is the role of mass media in shaping public opinion?,on-topic
sociology,on-topic,What are the sociological perspectives on marriage and partnership forms?,on-topic
sociology,on-topic,How does secularism influence contemporary social values?,on-topic
sociology,on-topic,In what ways can art and culture act as forms of social expression and change?,on-topic
sociology,on-topic,"How is poverty socially constructed, and what are its implications for policy?",on-topic
sociology,on-topic,What are the causes and consequences of social stratification?,on-topic
sociology,on-topic,How do sociologists study the impact of media on public opinion and behavior?,on-topic
sociology,on-topic,How do cultural norms shape individual behavior in society?,on-topic
sociology,on-topic,What are the effects of globalization on cultural identity?,on-topic
sociology,on-topic,How do art and music reflect social change?,on-topic
sociology,on-topic,What is the role of sociology in understanding human behavior and social processes?,on-topic
sociology,on-topic,How does social class impact educational opportunities and outcomes?,on-topic
sociology,on-topic,What is the relationship between culture and identity formation?,on-topic
sociology,on-topic,What is the relationship between social networks and social support?,on-topic
sociology,on-topic,What is the role of social capital in economic development and innovation?,on-topic
sociology,on-topic,How do public policies address or perpetuate social inequalities?,on-topic
sociology,on-topic,What role does art play in reflecting and challenging social issues?,on-topic
sociology,on-topic,How do race and ethnicity shape social interactions and structures?,on-topic
sociology,on-topic,In what ways does workplace diversity influence organizational culture?,on-topic
sociology,on-topic,How does rural depopulation affect community life?,on-topic
sociology,on-topic,How does race intersect with other axes of identity to influence societal experience?,on-topic
sociology,on-topic,What are the effects of social isolation on mental and physical health?,on-topic
sociology,on-topic,How does ethnicity impact social dynamics in multicultural societies?,on-topic
sociology,on-topic,How does race intersect with class in contemporary society?,on-topic
sociology,on-topic,How do stereotypes perpetuate social inequalities?,on-topic
sociology,on-topic,"What is the sociology of health, and how does social inequality affect health outcomes?",on-topic
sociology,on-topic,What are the challenges of integrating refugees into host societies?,on-topic
sociology,on-topic,How is mental health perceived and treated across different cultures?,on-topic
sociology,on-topic,What are the sociological theories behind crowd behavior?,on-topic
sociology,on-topic,What are the key differences between microsociology and macrosociology?,on-topic
sociology,on-topic,In what ways can social media perpetuate social inequality?,on-topic
sociology,on-topic,How do legal systems reflect and reinforce social norms and values?,on-topic
sociology,on-topic,How do perceptions of freedom and agency differ across cultural contexts?,on-topic
sociology,on-topic,In what ways does globalization influence cultural norms and values?,on-topic
sociology,on-topic,What are the effects of multiculturalism on national identity?,on-topic
sociology,on-topic,How do educational curricula reflect societal values?,on-topic
sociology,on-topic,What are the challenges and opportunities associated with multicultural societies?,on-topic
sociology,on-topic,What role does social capital play in community development?,on-topic
sociology,on-topic,What are the causes and consequences of poverty in urban areas?,on-topic
sociology,on-topic,What are the sociological impacts of mass migration on host countries?,on-topic
sociology,on-topic,In what ways has the COVID-19 pandemic transformed social interactions?,on-topic
sociology,on-topic,How is identity constructed through social interactions?,on-topic
sociology,on-topic,How do social structures influence individual behavior within society?,on-topic
sociology,on-topic,What are the sociological consequences of climate change on global communities?,on-topic
sociology,on-topic,How does surveillance impact individual privacy and social behavior?,on-topic
sociology,on-topic,What are the impacts of immigration on host societies?,on-topic
sociology,on-topic,How do historical events shape contemporary racial and ethnic relations in societies?,on-topic
sociology,on-topic,What role does socialization play in shaping individual identity?,on-topic
sociology,on-topic,How does workplace diversity influence organizational culture?,on-topic
sociology,on-topic,How do different societies deal with mental health issues and stigma?,on-topic
sociology,on-topic,How does tradition impact modern social practices?,on-topic
sociology,on-topic,What are the social consequences of climate change?,on-topic
sociology,on-topic,What impact does consumer culture have on self-identity?,on-topic
sociology,on-topic,How do urbanization and population density affect social interactions and community bonds?,on-topic
sociology,on-topic,How do social movements create change within societies?,on-topic
sociology,on-topic,How do cultural festivals contribute to community cohesion?,on-topic
sociology,on-topic,How have gender identities and expressions evolved in modern society?,on-topic
sociology,on-topic,In what ways do power dynamics manifest in professional settings?,on-topic
sociology,on-topic,How do laws and regulations contribute to racial segregation?,on-topic
sociology,on-topic,How does volunteerism contribute to social capital in communities?,on-topic
sociology,on-topic,What impact does gentrification have on urban neighborhoods?,on-topic
sociology,on-topic,How do social norms evolve over time?,on-topic
sociology,on-topic,What is the sociological perspective on mental illness?,on-topic
sociology,on-topic,What role does religion play in contemporary social change?,on-topic
sociology,on-topic,How does work-life balance affect family dynamics?,on-topic
sociology,on-topic,What is the impact of political polarization on social cohesion and dialogue?,on-topic
sociology,on-topic,How do laws and regulations affect social justice?,on-topic
sociology,on-topic,What role does family structure play in shaping the educational outcomes of children?,on-topic
sociology,on-topic,How do language and communication shape social reality and perception?,on-topic
sociology,on-topic,How does race intersect with social class in shaping life outcomes?,on-topic
sociology,on-topic,How do subcultures challenge the dominant culture?,on-topic
sociology,on-topic,What are the sociological implications of aging populations in developed countries?,on-topic
sociology,on-topic,How do different societies define and respond to deviant behavior?,on-topic
sociology,on-topic,How do rural and urban lifestyles differ sociologically?,on-topic
sociology,on-topic,"What are the social determinants of health, and how do they vary across populations?",on-topic
sociology,on-topic,What are the challenges faced by marginalized communities in urban settings?,on-topic
sociology,on-topic,How does intersectionality help us understand complex social identities?,on-topic
sociology,on-topic,How do media representations shape societal views on gender and sexuality?,on-topic
sociology,on-topic,What are the sociological theories of aging?,on-topic
sociology,on-topic,How do traditions evolve within rapidly changing cultures?,on-topic
sociology,on-topic,What are the different sociological theories explaining crime and deviance?,on-topic
sociology,on-topic,What factors contribute to the persistence of gender roles across societies?,on-topic
sociology,on-topic,In what ways do educational systems reinforce or challenge social inequalities?,on-topic
sociology,on-topic,"How can socialization agents, such as schools, influence youth behavior?",on-topic
sociology,on-topic,How do belief systems shape societal laws and policies?,on-topic
sociology,on-topic,What influence does political ideology have on social policy?,on-topic
sociology,on-topic,What is the impact of political systems on social welfare?,on-topic
sociology,on-topic,How do digital platforms affect political activism?,on-topic
sociology,on-topic,What is the social impact of emerging technologies on employment?,on-topic
sociology,on-topic,How do different societies define and treat mental illness?,on-topic
sociology,on-topic,How do societal attitudes toward LGBTQ+ communities evolve over time?,on-topic
sociology,on-topic,How does neoliberalism affect social welfare systems?,on-topic
sociology,on-topic,What is the influence of religion on social cohesion?,on-topic
sociology,on-topic,How does cultural capital influence access to elite social circles?,on-topic
sociology,on-topic,How do gender stereotypes affect career choices?,on-topic
sociology,on-topic,How do public policies reflect and shape societal values and norms?,on-topic
sociology,on-topic,What is the connection between social movements and political change?,on-topic
sociology,on-topic,What are the global implications of population growth and demographic changes?,on-topic
sociology,on-topic,What is the significance of social class in everyday interactions and perceptions?,on-topic
sociology,on-topic,In what ways does gender inequality manifest in modern workplaces?,on-topic
sociology,on-topic,How do social movements lead to political and social change?,on-topic
sociology,on-topic,What factors contribute to the formation of social groups and identities?,on-topic
sociology,on-topic,How do race and ethnicity impact social mobility?,on-topic
sociology,on-topic,What are the effects of urbanization on community relations in modern cities?,on-topic
sociology,on-topic,What are the social effects of living in a surveillance society?,on-topic
sociology,on-topic,What are the main sociological theories that explain deviance and conformity?,on-topic
sociology,on-topic,How do social movements change societies and affect policy change?,on-topic
sociology,on-topic,How do legal systems reflect and reinforce societal values?,on-topic
sociology,on-topic,How do societal norms regarding marriage and family differ globally?,on-topic
sociology,on-topic,What are the sociological implications of aging populations in modern societies?,on-topic
sociology,on-topic,What are the social implications of the gig economy?,on-topic
sociology,on-topic,"How does the concept of ""social construction"" apply to understanding race?",on-topic
sociology,on-topic,What are the implications of privatizing public services on social equality?,on-topic
sociology,on-topic,What are the implications of surveillance in contemporary society?,on-topic
sociology,on-topic,How do changes in family dynamics reflect broader social transformations?,on-topic
sociology,on-topic,What are the effects of urbanization on community relationships?,on-topic
sociology,on-topic,How do power dynamics manifest in professional settings?,on-topic
sociology,on-topic,What are the key characteristics of a post-industrial society?,on-topic
sociology,on-topic,How does social media shape public opinion and activism?,on-topic
sociology,on-topic,How do religious beliefs influence social practices and community structures?,on-topic
sociology,on-topic,How has the institution of marriage changed over the past century?,on-topic
sociology,on-topic,In what ways does religion shape social behavior and values?,on-topic
sociology,on-topic,How do housing policies affect patterns of segregation and integration?,on-topic
sociology,on-topic,What impact does mass media have on social perceptions of crime and justice?,on-topic
sociology,on-topic,How do immigration patterns influence societal change?,on-topic
sociology,on-topic,What is the relationship between social identity and conflict?,on-topic
sociology,on-topic,What is the effect of urbanization on social relationships?,on-topic
sociology,on-topic,How do sociologists measure the effects of socialization across different life stages?,on-topic
sociology,on-topic,What is the role of humor in challenging or reinforcing societal norms?,on-topic
sociology,on-topic,What role does humor play in social interaction?,on-topic
sociology,on-topic,What challenges arise from integrating multicultural education in schools?,on-topic
sociology,on-topic,How does neoliberalism influence social welfare policies?,on-topic
sociology,on-topic,What are the social implications of climate change and environmental degradation?,on-topic
sociology,on-topic,What is the relationship between celebrity culture and social values?,on-topic
sociology,on-topic,What are the consequences of social stratification?,on-topic
sociology,on-topic,What are the social consequences of aging populations in developed countries?,on-topic
sociology,on-topic,"What are the dimensions of social exclusion, and who is most affected?",on-topic
sociology,on-topic,How do age norms impact life transitions?,on-topic
sociology,on-topic,What are the effects of immigration on host societies and on the immigrants themselves?,on-topic
sociology,on-topic,"How do social movements contribute to social change, and what factors determine their success?",on-topic
sociology,on-topic,How do sociologists study the impact of global pandemics on societies?,on-topic
sociology,on-topic,In what ways do disability and society interact?,on-topic
sociology,on-topic,What is the impact of urbanization on social interaction and community life?,on-topic
sociology,on-topic,How does social stratification affect access to technology?,on-topic
sociology,on-topic,How do stereotypes and discrimination manifest in workplace environments?,on-topic
sociology,on-topic,In what ways do social institutions reinforce power structures?,on-topic
sociology,on-topic,How are power dynamics negotiated and contested in everyday interactions?,on-topic
sociology,on-topic,What is the role of ritual in maintaining social cohesion?,on-topic
sociology,on-topic,How do stereotypes and prejudice develop and perpetuate in societies?,on-topic
sociology,on-topic,What are the sociological effects of educational tracking and streaming?,on-topic
sociology,on-topic,What social factors contribute to the rise of mental health issues?,on-topic
sociology,on-topic,How does immigration influence national identity?,on-topic
sociology,on-topic,What are the implications of digital technology on social interactions?,on-topic
sociology,on-topic,What are the impacts of urbanization on community cohesion?,on-topic
sociology,on-topic,What is the role of the state in regulating family life?,on-topic
sociology,on-topic,What are the social implications of workplace diversity and inclusion initiatives?,on-topic
sociology,on-topic,How do societal values and norms shape economic systems and policies?,on-topic
sociology,on-topic,How do sociological theories explain deviant behavior?,on-topic
sociology,on-topic,How does body image perception differ across cultures?,on-topic
sociology,on-topic,What is the role of culture in shaping individual identity?,on-topic
sociology,on-topic,How does language influence social hierarchy and power dynamics?,on-topic
sociology,on-topic,How does social media influence the socialization of teenagers today?,on-topic
sociology,on-topic,How do power dynamics manifest in organizational and institutional settings?,on-topic
sociology,on-topic,What is the impact of artificial intelligence on job markets and social structures?,on-topic
sociology,on-topic,How does socioeconomic status impact access to healthcare?,on-topic
sociology,on-topic,How do digital technologies impact the formation of social networks?,on-topic
sociology,on-topic,What is the impact of population growth on social institutions?,on-topic
sociology,on-topic,What roles do rituals and symbols play in different cultures?,on-topic
sociology,on-topic,How do migration patterns influence cultural assimilation and integration?,on-topic
sociology,on-topic,How do historical events shape contemporary social structures?,on-topic
sociology,on-topic,How does technology impact work-life balance?,on-topic
sociology,on-topic,What is the impact of cultural heritage and preservation on tourism and local communities?,on-topic
sociology,on-topic,How does media representation affect public perception of minority groups?,on-topic
sociology,on-topic,What are the effects of discrimination on marginalized communities?,on-topic
sociology,on-topic,What are the effects of income inequality on social cohesion?,on-topic
sociology,on-topic,How do gender roles vary across different cultures and societies?,on-topic
sociology,on-topic,What is the relationship between power and inequality?,on-topic
sociology,on-topic,How do economic systems influence social inequality?,on-topic
sociology,on-topic,How does homelessness affect social cohesion?,on-topic
sociology,on-topic,How do educational curricula impact cultural and national identity?,on-topic
sociology,on-topic,What is the impact of digital technology on privacy and surveillance?,on-topic
sociology,on-topic,How does the commodification of culture affect indigenous communities?,on-topic
sociology,on-topic,How do sociologists understand and analyze global inequality?,on-topic
sociology,on-topic,In what ways do rituals and traditions contribute to group cohesion?,on-topic
sociology,on-topic,How do social networks influence career advancement opportunities?,on-topic
sociology,on-topic,How do sociologists measure and analyze social cohesion?,on-topic
sociology,on-topic,What are the consequences of gentrification for existing communities?,on-topic
sociology,on-topic,What role do rituals and traditions play in maintaining cultural continuity?,on-topic
sociology,on-topic,What is the role of civic engagement in democracy?,on-topic
sociology,on-topic,How do rituals serve to reinforce social cohesion within communities?,on-topic
sociology,on-topic,How do roles and norms influence behavior in group settings?,on-topic
sociology,on-topic,What impact does social media have on interpersonal communication?,on-topic
sociology,on-topic,How do cultural narratives about health affect healthcare access and treatment?,on-topic
sociology,on-topic,How do international organizations influence national social policies?,on-topic
sociology,on-topic,How do societal attitudes towards aging influence policies for the elderly?,on-topic
sociology,on-topic,"How does the concept of the ""American Dream"" manifest in today's society?",on-topic
sociology,on-topic,How does education serve as a means of social mobility?,on-topic
sociology,on-topic,How does the concept of “othering” manifest in social interactions?,on-topic
sociology,on-topic,How does social stigma affect mental health and treatment access?,on-topic
sociology,on-topic,How does crime perpetuate social inequalities?,on-topic
sociology,on-topic,How do cultural norms influence gender roles in society?,on-topic
sociology,on-topic,How do aging populations affect social policies?,on-topic
sociology,on-topic,What are the impacts of neoliberal policies on social welfare systems?,on-topic
sociology,on-topic,How do social networks influence individual behaviors?,on-topic
sociology,on-topic,What are the social implications of climate change?,on-topic
sociology,on-topic,How does political polarization affect social cohesion?,on-topic
sociology,on-topic,How does climate change awareness affect social behavior and public policy?,on-topic
sociology,on-topic,How has the concept of the nuclear family evolved over the decades?,on-topic
sociology,on-topic,How do cross-cultural interactions reshape societal values and beliefs?,on-topic
sociology,off-topic,How does a kangaroo carry its young while hopping across the Australian outback?,off-topic
sociology,off-topic,How does a telescope magnify distant stars and planets?,off-topic
sociology,off-topic,How long does it take for spaghetti to cook until it's perfectly al dente?,off-topic
sociology,off-topic,How many layers of wool are typically used to knit a winter scarf?,off-topic
sociology,off-topic,How many kernels of popcorn are typically found in a standard microwave popcorn bag?,off-topic
sociology,off-topic,What is the primary ingredient used to make a hotdog?,off-topic
sociology,off-topic,How do you safely clean a diamond ring?,off-topic
sociology,off-topic,How does a turbine generate electricity from wind?,off-topic
sociology,off-topic,What is the main ingredient in the formation of a comet's tail?,off-topic
sociology,off-topic,What is the main purpose of a telescope?,off-topic
sociology,off-topic,How long does it typically take for an avocado to ripen?,off-topic
sociology,off-topic,How does a sunflower track the movement of the sun across the sky?,off-topic
sociology,off-topic,What is the process for harvesting sunflower seeds?,off-topic
sociology,off-topic,What is the average height of a fully grown sunflower?,off-topic
sociology,off-topic,How do you properly inflate a hotdog-shaped balloon?,off-topic
sociology,off-topic,What is the best way to bake a chocolate cupcake with sprinkles on top?,off-topic
sociology,off-topic,What is the process for cutting and polishing a sapphire?,off-topic
sociology,off-topic,What is the average height of a sunflower plant in full bloom?,off-topic
sociology,off-topic,What is the primary function of a turbine in generating electricity?,off-topic
sociology,off-topic,How many seeds does a typical cactus fruit contain?,off-topic
sociology,off-topic,What is the average lifespan of a dragonfly in the wild?,off-topic
sociology,off-topic,What is the primary purpose of the turbine in a windmill?,off-topic
sociology,off-topic,How long can a kangaroo jump in one leap?,off-topic
sociology,off-topic,How long does it typically take for a helicopter to refuel?,off-topic
sociology,off-topic,How does a submarine maintain its buoyancy underwater?,off-topic
sociology,off-topic,What is the process for harvesting sunflowers?,off-topic
sociology,off-topic,What is the primary diet of a kangaroo in the wild?,off-topic
sociology,off-topic,How does a microscope help in identifying the structure of a snowflake?,off-topic
sociology,off-topic,How does a helicopter maintain its balance while hovering in the air?,off-topic
sociology,off-topic,What is the largest known galaxy in the universe?,off-topic
sociology,off-topic,How long does it take to bake a cupcake at 350 degrees Fahrenheit?,off-topic
sociology,off-topic,How do you clean a blender after making a smoothie?,off-topic
sociology,off-topic,How does a helicopter's rotor system generate lift?,off-topic
sociology,off-topic,How many types of penguins are there in Antarctica?,off-topic
sociology,off-topic,How does a helicopter maintain balance while hovering in the air?,off-topic
sociology,off-topic,What is the average size of a comet in our solar system?,off-topic
sociology,off-topic,What colors are typically found in a nebula?,off-topic
sociology,off-topic,How does a cactus survive in the desert without much water?,off-topic
sociology,off-topic,How long does it take for a penguin to waddle a mile?,off-topic
sociology,off-topic,How do you properly slice an avocado for a salad?,off-topic
sociology,off-topic,What is the process by which a caterpillar transforms into a butterfly inside a cocoon?,off-topic
sociology,off-topic,How do you replace the blades in a blender?,off-topic
sociology,off-topic,How many miles long is a standard marathon race?,off-topic
sociology,off-topic,How is a glacier formed in a mountainous region?,off-topic
sociology,off-topic,How many miles is a full marathon?,off-topic
sociology,off-topic,How do you safely blend a smoothie using a blender?,off-topic
sociology,off-topic,How do you make a lantern out of paper?,off-topic
sociology,off-topic,What is the maximum weight a helicopter can safely lift?,off-topic
sociology,off-topic,How many strings does a standard guitar typically have?,off-topic
sociology,off-topic,What is the best way to water a cactus?,off-topic
sociology,off-topic,How do you determine the best settings to blend a smoothie in a blender?,off-topic
sociology,off-topic,What is the primary material used to construct an igloo?,off-topic
sociology,off-topic,How do you make a woolen scarf?,off-topic
sociology,off-topic,How do dragonflies use their wings to hover in place?,off-topic
sociology,off-topic,How long does it take for a submarine to dive to 500 meters?,off-topic
sociology,off-topic,What is the melting point of chocolate?,off-topic
sociology,off-topic,What is the main ingredient in guacamole?,off-topic
sociology,off-topic,What is the best way to cook spaghetti to prevent it from sticking together?,off-topic
sociology,off-topic,How long does it take for an avocado to ripen?,off-topic
sociology,off-topic,What is the main ingredient used to make a classic vanilla cupcake?,off-topic
sociology,off-topic,How do you make popcorn using a stovetop?,off-topic
sociology,off-topic,What is the main ingredient used to make a traditional hotdog?,off-topic
sociology,off-topic,What is the average depth at which a submarine operates underwater?,off-topic
sociology,off-topic,How does a helicopter stay in the air without wings?,off-topic
sociology,off-topic,What is the primary mineral composition of quartz?,off-topic
sociology,off-topic,How long does it take for a submarine to dive to a depth of 500 meters?,off-topic
sociology,off-topic,What is the primary function of the rotor blades on a helicopter?,off-topic
sociology,off-topic,How do helicopters manage to hover in one place without moving?,off-topic
sociology,off-topic,How many types of popcorn flavors are typically available at a movie theater?,off-topic
sociology,off-topic,How do you make a chocolate cupcake from scratch?,off-topic
sociology,off-topic,How many strings does a standard acoustic guitar have?,off-topic
sociology,off-topic,How often should you water a bamboo plant?,off-topic
sociology,off-topic,How many types of mustard are typically used as condiments for hotdogs?,off-topic
sociology,off-topic,What is the primary ingredient in making a hotdog?,off-topic
sociology,off-topic,How does an octopus change its color to blend in with its surroundings?,off-topic
sociology,off-topic,How do penguins keep warm in freezing temperatures?,off-topic
sociology,off-topic,What is the main ingredient used to make popcorn?,off-topic
sociology,off-topic,How long does it take for a sunflower to fully bloom?,off-topic
sociology,off-topic,What is the average lifespan of a galaxy?,off-topic
sociology,off-topic,What is the best material to use for building a durable igloo?,off-topic
sociology,off-topic,How do you assemble a hammock to ensure it is secure and comfortable?,off-topic
sociology,off-topic,How do you make spaghetti from scratch?,off-topic
sociology,off-topic,How does a helicopter generate lift?,off-topic
sociology,off-topic,What is the primary purpose of an astrolabe?,off-topic
sociology,off-topic,What is the main difference between a grand piano and an upright piano?,off-topic
sociology,off-topic,What is the average lifespan of an octopus?,off-topic
sociology,off-topic,How does a quartz crystal form in nature?,off-topic
sociology,off-topic,What is the main purpose of an astrolabe in ancient navigation?,off-topic
sociology,off-topic,How long does it take for a blender to make a smoothie?,off-topic
sociology,off-topic,How many strings does a standard piano have?,off-topic
sociology,off-topic,How many types of avocados are commonly found in grocery stores?,off-topic
sociology,off-topic,What is the main component used to generate electricity in a wind turbine?,off-topic
sociology,off-topic,What is the main difference between a sapphire and a diamond?,off-topic
sociology,off-topic,How many different toppings can you put on a hotdog?,off-topic
sociology,off-topic,What is the primary ingredient in making a chocolate bar?,off-topic
sociology,off-topic,How long does it take for a cactus to grow from a seed?,off-topic
sociology,off-topic,How many seeds does a typical sunflower have?,off-topic
sociology,off-topic,How does a blender work to make smoothies?,off-topic
sociology,off-topic,How does a caterpillar spin its cocoon?,off-topic
sociology,off-topic,What is the average time it takes for popcorn to fully pop in a microwave?,off-topic
sociology,off-topic,How do you safely navigate a helicopter through a maze?,off-topic
sociology,off-topic,How long does it usually take to run a full marathon?,off-topic
sociology,off-topic,What is the best way to prevent popcorn from burning in the microwave?,off-topic
sociology,off-topic,How does a blender turn solid fruits into a smoothie?,off-topic
sociology,off-topic,How does a penguin keep warm in icy waters?,off-topic
sociology,off-topic,How many different types of apples are typically found in a grocery store?,off-topic
sociology,off-topic,What color is a typical eucalyptus leaf?,off-topic
sociology,off-topic,How does a dragonfly's wing structure affect its ability to hover?,off-topic
sociology,off-topic,What is the primary ingredient in chocolate?,off-topic
sociology,off-topic,How do you properly clean a telescope lens to ensure clear observations of celestial objects?,off-topic
sociology,off-topic,What is the best way to clean a blender after making a smoothie?,off-topic
sociology,off-topic,How many watts does a typical kitchen blender use?,off-topic
sociology,off-topic,What is the melting rate of a typical glacier each year?,off-topic
sociology,off-topic,How does a helicopter maintain stability during flight?,off-topic
sociology,off-topic,What is the average lifespan of a bamboo plant in a typical forest environment?,off-topic
sociology,off-topic,How long does it take for a eucalyptus tree to grow to full height?,off-topic
sociology,off-topic,How do you properly maintain a lantern to ensure it provides consistent light?,off-topic
sociology,off-topic,How many wings does a dragonfly have?,off-topic
sociology,off-topic,What is the average wingspan of an emperor penguin?,off-topic
sociology,off-topic,What is the primary ingredient in a hotdog?,off-topic
sociology,off-topic,How many calories are in a ripe avocado?,off-topic
sociology,off-topic,How is a sapphire formed in the Earth's crust?,off-topic
sociology,off-topic,How do you assemble a blender to make a smoothie?,off-topic
sociology,off-topic,How do you properly tune a guitar?,off-topic
sociology,off-topic,What color is a typical dragonfly?,off-topic
sociology,off-topic,How does a cactus survive in the desert without frequent watering?,off-topic
sociology,off-topic,What is the main ingredient in making a vanilla cupcake?,off-topic
sociology,off-topic,How do kangaroos carry their young in their pouches?,off-topic
sociology,off-topic,How many jumps can a kangaroo make in a minute?,off-topic
sociology,off-topic,What is the primary diet of a penguin in its natural habitat?,off-topic
sociology,off-topic,How does a submarine navigate underwater without being seen?,off-topic
sociology,off-topic,How many seeds are typically found in the center of a sunflower?,off-topic
sociology,off-topic,How do you operate a blender to make a smoothie?,off-topic
sociology,off-topic,What is the process for growing an avocado tree from a seed?,off-topic
sociology,off-topic,How long does it take a comet to orbit the sun?,off-topic
sociology,off-topic,How do you properly clean a woolen sweater?,off-topic
sociology,off-topic,What is the melting point of a sapphire gemstone?,off-topic
sociology,off-topic,How does a piano produce sound when its keys are pressed?,off-topic
sociology,off-topic,How does a turbine generate electricity?,off-topic
sociology,off-topic,How does a submarine manage to stay underwater for extended periods of time?,off-topic
sociology,off-topic,How do you properly tune a piano?,off-topic
sociology,off-topic,What is the primary habitat of a dragonfly?,off-topic
sociology,off-topic,How does a lantern produce light in the dark?,off-topic
sociology,off-topic,How many layers of icing are typically found on a standard cupcake?,off-topic
sociology,off-topic,What is the process for growing a sunflower from a seed?,off-topic
sociology,off-topic,What materials are commonly used to construct an igloo?,off-topic
sociology,off-topic,What color is a penguin's beak?,off-topic
sociology,off-topic,What color is the frosting on a typical vanilla cupcake?,off-topic
sociology,off-topic,What is the average depth at which submarines operate underwater?,off-topic
sociology,off-topic,How does an astrolabe help in determining the position of stars?,off-topic
sociology,off-topic,What is the best technique for tying a hammock between two trees?,off-topic
sociology,off-topic,What is the primary purpose of a volcano's eruption?,off-topic
sociology,off-topic,How many strings does a typical symphony orchestra violin have?,off-topic
sociology,off-topic,What is the primary ingredient used in making spaghetti?,off-topic
sociology,off-topic,How do dragonflies capture their prey while flying?,off-topic
sociology,off-topic,How do you make popcorn in a blender?,off-topic
sociology,off-topic,What is the primary material used to make a woolen sweater?,off-topic
sociology,off-topic,What is the best way to peel an avocado?,off-topic
sociology,off-topic,What is the primary mineral component of quartz?,off-topic
sociology,off-topic,How do you assemble a hammock for backyard relaxation?,off-topic
sociology,off-topic,What is the average distance a dragonfly can fly in a single day?,off-topic
sociology,off-topic,How do you take care of a cactus in a dry climate?,off-topic
sociology,off-topic,How does a microscope help scientists observe tiny organisms?,off-topic
sociology,off-topic,What is the primary function of an astrolabe in celestial navigation?,off-topic
sociology,off-topic,How does an avocado change color as it ripens?,off-topic
sociology,off-topic,How deep can a submarine dive beneath the ocean's surface?,off-topic
sociology,off-topic,What is the main ingredient in a traditional spaghetti carbonara recipe?,off-topic
sociology,off-topic,What are the main parts of a dragonfly's wing?,off-topic
sociology,off-topic,How do penguins keep warm in extremely cold temperatures?,off-topic
sociology,off-topic,What causes the formation of a nebula in space?,off-topic
sociology,off-topic,What is the process by which caterpillars transform into butterflies inside a cocoon?,off-topic
sociology,off-topic,What is the primary function of a telescope in observing distant galaxies?,off-topic
sociology,off-topic,How long does it take to cook spaghetti to al dente?,off-topic
sociology,off-topic,What is the process by which a glacier forms and moves over time?,off-topic
sociology,off-topic,How do you determine when an avocado is ripe for eating?,off-topic
sociology,off-topic,How does a snorkel help you breathe underwater?,off-topic
sociology,off-topic,How does a cactus adapt to its environment in the desert?,off-topic
sociology,off-topic,How do you tune a guitar?,off-topic
sociology,off-topic,What is the primary ingredient in making chocolate?,off-topic
sociology,off-topic,How long does it take for a submarine to dive to its maximum depth?,off-topic
sociology,off-topic,How does a telescope help in observing distant galaxies?,off-topic
sociology,off-topic,What is the main purpose of a helicopter's rotor blades?,off-topic
sociology,off-topic,What is the best method for making popcorn in a microwave?,off-topic
sociology,off-topic,How does a dragonfly catch its prey in mid-air?,off-topic
sociology,off-topic,What is the process by which a caterpillar transforms inside a cocoon?,off-topic
sociology,off-topic,What is the average number of tentacles on an octopus?,off-topic
sociology,off-topic,How long does it take to cook spaghetti to be perfectly al dente?,off-topic
sociology,off-topic,What is the primary function of a submarine's periscope?,off-topic
sociology,off-topic,How do submarines navigate underwater without hitting obstacles?,off-topic
sociology,off-topic,How is a hotdog typically prepared at a summer barbecue?,off-topic
sociology,off-topic,How many gallons of water does the average fountain hold?,off-topic
sociology,off-topic,What is the process of turning a caterpillar into a cocoon called?,off-topic
sociology,off-topic,How do you properly care for a cactus to ensure it grows healthy and strong?,off-topic
sociology,off-topic,What is the average height of a bamboo plant?,off-topic
sociology,off-topic,What is the distance between the Milky Way galaxy and the Andromeda galaxy?,off-topic
sociology,off-topic,What is the primary ingredient used to make a cupcake?,off-topic
sociology,off-topic,How long does it typically take for a comet to orbit the sun?,off-topic
sociology,off-topic,How do you bake the perfect chocolate cupcake?,off-topic
sociology,off-topic,What color is a typical octopus?,off-topic
sociology,off-topic,How long does it take for spaghetti to cook until it's al dente?,off-topic
sociology,off-topic,How long does it take for a caterpillar to transform inside a cocoon?,off-topic
sociology,off-topic,How does a helicopter maintain its stability in strong winds?,off-topic
sociology,off-topic,How do you bake a cupcake with a surprise filling?,off-topic
sociology,off-topic,How does a helicopter maintain lift in the air?,off-topic
sociology,off-topic,How does a volcano form and erupt?,off-topic
sociology,off-topic,What is the main purpose of an astrolabe in navigation?,off-topic
sociology,off-topic,How long does it take for a penguin to waddle across a sheet of ice?,off-topic
sociology,off-topic,What is the primary function of the tail rotor on a helicopter?,off-topic
sociology,off-topic,What is the primary purpose of an igloo in traditional Arctic cultures?,off-topic
sociology,off-topic,What is the main ingredient used to make a chocolate cupcake?,off-topic
sociology,off-topic,How many types of popcorn kernels are typically used for making movie theater popcorn?,off-topic
sociology,off-topic,How long does it take to bake a batch of chocolate cupcakes?,off-topic
sociology,off-topic,What is the main ingredient used to bake a chocolate cupcake?,off-topic
sociology,off-topic,What is the process of making chocolate truffles?,off-topic
sociology,off-topic,What is the primary composition of a sapphire?,off-topic
sociology,off-topic,How does a helicopter maintain stability while hovering in the air?,off-topic
sociology,off-topic,What is the main ingredient used to bake a vanilla cupcake?,off-topic
sociology,off-topic,What is the primary function of an astrolabe in maritime navigation?,off-topic
sociology,off-topic,What is the chemical composition of a sapphire?,off-topic
sociology,off-topic,What is the typical wingspan of a dragonfly?,off-topic
sociology,off-topic,How many stars are in the Andromeda galaxy?,off-topic
sociology,off-topic,How long does it take for an avocado to ripen once it is picked from the tree?,off-topic
sociology,off-topic,How long does it take to cook a hotdog to perfection?,off-topic
sociology,off-topic,What is the average wingspan of a helicopter?,off-topic
sociology,off-topic,How do you assemble a smoothie in a blender?,off-topic
sociology,off-topic,What is the average height of a sunflower plant?,off-topic
sociology,off-topic,How fast can a dragonfly fly?,off-topic
sociology,off-topic,What color are the petals of a sunflower?,off-topic
sociology,off-topic,How does a telescope help us observe distant galaxies and nebulae?,off-topic
sociology,off-topic,What is the main purpose of a snorkel when swimming underwater?,off-topic
sociology,off-topic,How long does it take to cook a hotdog in a microwave?,off-topic
sociology,off-topic,How many kernels of popcorn are typically in a large movie theater bucket?,off-topic
sociology,off-topic,How does a tornado form in the atmosphere?,off-topic
sociology,off-topic,How does a microscope help in observing tiny organisms?,off-topic
sociology,off-topic,How does a penguin keep warm in icy environments?,off-topic
sociology,off-topic,How long does it take for a submarine to fully submerge underwater?,off-topic
sociology,off-topic,How many carats is the largest diamond ever discovered?,off-topic
sociology,off-topic,How many types of cacti exist in the Sonoran Desert?,off-topic
sociology,off-topic,How do helicopters stay airborne during flight?,off-topic
sociology,off-topic,What is the average height of a sunflower when it is fully grown?,off-topic
sociology,off-topic,How do you bake a chocolate cupcake with vanilla frosting?,off-topic
sociology,off-topic,How long does it take for an avocado to ripen after being picked?,off-topic
sociology,off-topic,How long does it take for a dragonfly to develop from an egg to an adult?,off-topic
sociology,off-topic,What is the primary function of a blender in a kitchen?,off-topic
sociology,off-topic,How long does it take to blend a smoothie in a typical kitchen blender?,off-topic
sociology,off-topic,How does a microscope magnify tiny objects?,off-topic
sociology,off-topic,How do you tune a six-string guitar?,off-topic
sociology,off-topic,What is the main material used to create a sapphire gemstone?,off-topic
sociology,off-topic,What type of frosting is typically used on a classic vanilla cupcake?,off-topic
sociology,off-topic,How do you properly tie a hammock to a tree?,off-topic
sociology,off-topic,How do you properly hang a hammock between two trees?,off-topic
sociology,off-topic,How do penguins keep warm in icy environments?,off-topic
sociology,off-topic,What is the process for an avocado to ripen naturally?,off-topic
sociology,off-topic,What are the primary factors that influence the formation of a glacier?,off-topic
sociology,off-topic,How does an astrolabe help in navigating by the stars?,off-topic
sociology,off-topic,What is the main component of a turbine used in wind energy generation?,off-topic
sociology,off-topic,How do you melt chocolate to make a fondue?,off-topic
sociology,off-topic,What is the average height of a sunflower in full bloom?,off-topic
sociology,off-topic,What is the primary flavor ingredient in milk chocolate?,off-topic
sociology,off-topic,What is the average lifespan of a penguin in the wild?,off-topic
sociology,off-topic,What is the average time it takes to complete a marathon?,off-topic
sociology,off-topic,What is the main ingredient in a cupcake?,off-topic
sociology,off-topic,How do you bake a perfect vanilla cupcake?,off-topic
sociology,off-topic,What is the primary purpose of a snorkel when swimming underwater?,off-topic
sociology,off-topic,What color is the tail of a typical comet?,off-topic
sociology,off-topic,What is the process for forming a sapphire crystal?,off-topic
sociology,off-topic,How long does it take to run a marathon?,off-topic
sociology,off-topic,What is the main function of the periscope on a submarine?,off-topic
sociology,off-topic,How do you measure time with an astrolabe?,off-topic
sociology,off-topic,How do you tune a piano to achieve perfect pitch?,off-topic
sociology,off-topic,How long does it typically take to cook spaghetti until it's al dente?,off-topic
sociology,off-topic,How do you properly clean a piano keyboard without damaging the keys?,off-topic
sociology,off-topic,How do you care for a eucalyptus plant indoors?,off-topic
sociology,off-topic,How long does it take to cook spaghetti until it is al dente?,off-topic
sociology,off-topic,What is the average number of strings on a standard guitar?,off-topic
sociology,off-topic,How many tentacles does an octopus have?,off-topic
sociology,off-topic,What is the main ingredient in spaghetti?,off-topic
sociology,off-topic,What is the process for making chocolate truffles?,off-topic
sociology,off-topic,How long does it take for a caterpillar to transform into a butterfly inside a cocoon?,off-topic
sociology,off-topic,How does a submarine navigate underwater without using lanterns?,off-topic
sociology,off-topic,What is the primary purpose of an astrolabe in ancient navigation?,off-topic
sociology,off-topic,How does a blender work when making a smoothie?,off-topic
sociology,off-topic,What color is a sapphire typically known for?,off-topic
sociology,off-topic,How does an astrolabe help sailors navigate at sea?,off-topic
sociology,off-topic,What is the main ingredient in making spaghetti sauce?,off-topic
sociology,off-topic,How is popcorn made to pop in a microwave?,off-topic
sociology,off-topic,How long does it typically take for a cocoon to transform into a butterfly?,off-topic
sociology,off-topic,How many types of hotdogs are typically found at a baseball game concession stand?,off-topic
sociology,off-topic,How many varieties of apples are typically used in making apple pie?,off-topic
sociology,off-topic,What is the process of forming a sapphire crystal?,off-topic
sociology,off-topic,How do you properly peel an avocado without damaging the flesh inside?,off-topic
sociology,off-topic,How long does it take to bake a batch of cupcakes?,off-topic
sociology,off-topic,What is the primary purpose of using an astrolabe in navigation?,off-topic
sociology,off-topic,How does the mechanism of an astrolabe help in celestial navigation?,off-topic
sociology,off-topic,What is the main ingredient in a vanilla cupcake?,off-topic
sociology,off-topic,What is the primary use of a microscope in examining cell structures?,off-topic
sociology,off-topic,What is the average weight of a diamond used in an engagement ring?,off-topic
sociology,off-topic,How long does it typically take to build an igloo?,off-topic
sociology,off-topic,How many kernels of popcorn fit in a standard movie theater bucket?,off-topic
sociology,off-topic,How do sunflowers track the movement of the sun throughout the day?,off-topic
sociology,off-topic,How does a fountain pump water to create different patterns?,off-topic
sociology,off-topic,How do you make a paper lantern from scratch?,off-topic
sociology,off-topic,How do you properly inflate a snorkel for a diving trip?,off-topic
sociology,off-topic,What is the primary ingredient in a traditional avocado smoothie?,off-topic
sociology,off-topic,What is the average depth of a snorkel underwater?,off-topic
sociology,off-topic,What is the primary habitat of eucalyptus trees?,off-topic
sociology,off-topic,What is the primary material used to create a sapphire gemstone?,off-topic
sociology,off-topic,How does a telescope help astronomers observe distant stars?,off-topic
sociology,off-topic,How do you properly maintain a garden lantern to ensure it stays rust-free outdoors?,off-topic
sociology,off-topic,What is the primary material used to construct a hammock?,off-topic
sociology,off-topic,What is the main purpose of a submarine's periscope?,off-topic
sociology,off-topic,What is the main function of chlorophyll in a cactus plant?,off-topic
sociology,off-topic,What are the primary materials used in the construction of a submarine?,off-topic
sociology,off-topic,How do you tune a guitar to achieve a perfect D major chord?,off-topic
sociology,off-topic,What is the main ingredient in dark chocolate?,off-topic
sociology,off-topic,How do you set up a telescope to observe distant galaxies?,off-topic
sociology,off-topic,What is the primary mineral composition of a sapphire?,off-topic
sociology,off-topic,What color is the lava when a volcano erupts?,off-topic
sociology,off-topic,What is the primary function of a microscope in a biology lab?,off-topic
sociology,off-topic,How does a lantern work to provide light in the dark?,off-topic
sociology,off-topic,How do you bake a perfect chocolate cupcake?,off-topic
sociology,off-topic,How does a telescope work to magnify distant stars and planets?,off-topic
sociology,off-topic,How long does it take for a helicopter to fly from New York to Boston?,off-topic
sociology,off-topic,How does a submarine maintain buoyancy while submerged underwater?,off-topic
sociology,off-topic,What is the main function of a turbine in generating electricity?,off-topic
sociology,off-topic,How many miles is a typical marathon?,off-topic
sociology,off-topic,How does a dragonfly manage to hover in one place without moving?,off-topic
sociology,off-topic,What is the primary use of a bamboo stalk in traditional construction?,off-topic
sociology,off-topic,What is the process by which a eucalyptus tree produces its distinctive aromatic oils?,off-topic
sociology,off-topic,How do you make popcorn in a microwave?,off-topic
sociology,off-topic,How do you change the strings on an acoustic guitar?,off-topic
sociology,off-topic,How many layers of chocolate are typically found in a double chocolate cake?,off-topic
sociology,off-topic,What is the average time it takes for a glacier to form?,off-topic
sociology,off-topic,How long does it take to cook spaghetti until it's perfectly al dente?,off-topic
sociology,off-topic,How many legs does an octopus have?,off-topic
sociology,off-topic,How is a hammock typically hung between two trees?,off-topic
sociology,off-topic,What is the primary function of the pedals on a piano?,off-topic
sociology,off-topic,How does a microscope help in examining tiny organisms?,off-topic
sociology,off-topic,What is the main ingredient in making popcorn?,off-topic
sociology,off-topic,What is the average jumping distance of a kangaroo?,off-topic
sociology,off-topic,What is the main ingredient in making dark chocolate?,off-topic
sociology,off-topic,How does a submarine navigate underwater without hitting icebergs?,off-topic
sociology,off-topic,How many keys are there on a standard piano?,off-topic
sociology,off-topic,What is the average lifespan of a comet as it travels through space?,off-topic
sociology,off-topic,How does a sunflower follow the sun throughout the day?,off-topic
sociology,off-topic,What is the primary food source for a dragonfly?,off-topic
sociology,off-topic,How many calories are in a standard hotdog?,off-topic
sociology,off-topic,How long does it take for an igloo to melt in the summer sun?,off-topic
sociology,off-topic,What color is a sapphire?,off-topic
sociology,off-topic,How does the flavor of an avocado change as it ripens?,off-topic
sociology,off-topic,How many legs does a dragonfly have?,off-topic
sociology,off-topic,How many types of frosting can be used to decorate a cupcake?,off-topic
sociology,off-topic,How does a whirlpool form in a bathtub?,off-topic
sociology,off-topic,What is the process by which a caterpillar spins a cocoon?,off-topic
sociology,off-topic,What colors can you find in a sunflower?,off-topic
sociology,off-topic,How long does it typically take to complete a marathon?,off-topic
sociology,off-topic,What are the best conditions for growing bamboo plants?,off-topic
sociology,off-topic,How do you build an igloo using only snow blocks?,off-topic
sociology,off-topic,What is the main source of energy for a sunflower to grow?,off-topic
sociology,off-topic,How do you properly ripen an avocado at home?,off-topic
sociology,off-topic,What is the process for making popcorn in a microwave?,off-topic
sociology,off-topic,How far can a dragonfly fly in a single day?,off-topic
sociology,off-topic,How does a cactus store water in its stem?,off-topic
sociology,off-topic,How do you properly clean a chocolate fountain after use?,off-topic
sociology,off-topic,How does a cactus adapt to survive in a desert environment?,off-topic
sociology,off-topic,What is the average distance a comet travels in one orbit around the sun?,off-topic
sociology,off-topic,What is the best way to clean a sapphire gemstone?,off-topic
sociology,off-topic,What is the average weight of an avocado?,off-topic
sociology,off-topic,How do you properly clean a snorkel after a day at the beach?,off-topic
sociology,off-topic,How does a helicopter maintain stability in strong winds?,off-topic
sociology,off-topic,What is the ideal temperature for storing an avocado to keep it fresh?,off-topic
sociology,off-topic,How long does it take for an avocado to ripen on a kitchen counter?,off-topic
sociology,off-topic,How long does it take to pop a batch of popcorn in a standard microwave?,off-topic
sociology,off-topic,What is the melting point of sapphire?,off-topic
sociology,off-topic,How many types of chocolate are typically used in a classic chocolate fondue?,off-topic
sociology,off-topic,How many strings are typically found on a standard guitar?,off-topic
sociology,off-topic,How long does it take for a cactus to bloom?,off-topic
sociology,off-topic,How far can a kangaroo jump in a single leap?,off-topic
sociology,off-topic,What is the process of making chocolate from cocoa beans?,off-topic
sociology,off-topic,How do you bake a chocolate cupcake?,off-topic
sociology,off-topic,What is the primary component of quartz?,off-topic
sociology,off-topic,What is the primary diet of a penguin in the wild?,off-topic
sociology,off-topic,What is the primary color of a sapphire gemstone?,off-topic
sociology,off-topic,How long does it take an octopus to change its color?,off-topic
sociology,off-topic,How many carats is the largest diamond ever found?,off-topic
sociology,off-topic,How long does it take for a volcano to erupt once it starts showing signs of activity?,off-topic
sociology,off-topic,How does a lantern produce light?,off-topic
sociology,off-topic,What is the average speed of a kangaroo when it is hopping?,off-topic
sociology,off-topic,What is the average wingspan of a helicopter rotor?,off-topic
sociology,off-topic,What is the process for a caterpillar to transform into a butterfly inside a cocoon?,off-topic
sociology,off-topic,How do you make a cupcake with a surprise filling?,off-topic
sociology,off-topic,What is the main function of an astrolabe in navigation?,off-topic
sociology,off-topic,How do penguins stay warm in icy environments?,off-topic
sociology,off-topic,What is the primary purpose of a telescope?,off-topic
sociology,off-topic,What is the primary ingredient used in the formation of a sapphire?,off-topic
sociology,off-topic,How many types of penguins can be found in Antarctica?,off-topic
sociology,off-topic,How do you properly slice an avocado without damaging the pit?,off-topic
sociology,off-topic,What is the primary purpose of a wind turbine?,off-topic
sociology,off-topic,What is the main diet of an octopus in the wild?,off-topic
sociology,off-topic,How do you properly peel and pit an avocado?,off-topic
sociology,off-topic,How many megapixels is the average telescope camera?,off-topic
sociology,off-topic,What is the average number of petals on a sunflower?,off-topic
sociology,off-topic,What is the largest galaxy in the universe?,off-topic
sociology,off-topic,What color is a sapphire typically associated with?,off-topic
sociology,off-topic,What is the process of forming a sapphire inside the Earth?,off-topic
sociology,off-topic,What is the best way to melt chocolate for a fondue?,off-topic
sociology,off-topic,How many layers of chocolate are typically found in a traditional chocolate croissant?,off-topic
sociology,off-topic,How do you properly assemble a hammock in your backyard?,off-topic
sociology,off-topic,What is the average lifespan of a sunflower in a typical garden?,off-topic
sociology,off-topic,How do you navigate through a complex maze without getting lost?,off-topic
sociology,off-topic,How does an astrolabe determine the position of stars?,off-topic
sociology,off-topic,How does a cocoon transform into a butterfly?,off-topic
sociology,off-topic,How does a helicopter maintain stable flight in windy conditions?,off-topic
sociology,off-topic,How do you properly use a snorkel when swimming?,off-topic
sociology,off-topic,How does an iceberg maintain its stability in the ocean?,off-topic
sociology,off-topic,How do you properly set up a hammock between two trees for maximum comfort?,off-topic
sociology,off-topic,How many strands of spaghetti are typically used in a single serving?,off-topic
sociology,off-topic,How many different types of spaghetti can you name?,off-topic
sociology,off-topic,What is the primary function of a hammock in a backyard setting?,off-topic
sociology,off-topic,How does a telescope help us observe distant galaxies?,off-topic
sociology,off-topic,What is the average lifespan of a sunflower?,off-topic
sociology,off-topic,How does a submarine navigate underwater using sonar technology?,off-topic
sociology,off-topic,What color is a dragonfly's wings?,off-topic
sociology,off-topic,How many strings does a typical acoustic guitar have?,off-topic
sociology,off-topic,What is the main ingredient in making guacamole?,off-topic
sociology,off-topic,How do pandas use bamboo for their diet?,off-topic
sociology,off-topic,How many blades does a typical helicopter rotor have?,off-topic
sociology,off-topic,What is the main function of an astrolabe?,off-topic
sociology,off-topic,What is the main ingredient in a traditional spaghetti sauce?,off-topic
sociology,off-topic,How many blades does a typical kitchen blender have?,off-topic
sociology,off-topic,What are the main differences between a grand piano and an upright piano?,off-topic
sociology,off-topic,What is the main ingredient in traditional spaghetti carbonara?,off-topic
sociology,off-topic,What is the best way to peel an avocado without damaging the fruit inside?,off-topic
sociology,off-topic,What is the primary function of an astrolabe in navigating by the stars?,off-topic
sociology,off-topic,What is the process of forming a sapphire gemstone?,off-topic
sociology,off-topic,What color are the petals of a typical sunflower?,off-topic
sociology,off-topic,What is the main function of the blades in a blender?,off-topic
sociology,off-topic,How do you tune a piano?,off-topic
sociology,off-topic,How often does a comet pass close to Earth?,off-topic
sociology,off-topic,How do you use an astrolabe to determine the position of a star?,off-topic
sociology,off-topic,What is the best way to tune a piano?,off-topic
sociology,off-topic,What is the main ingredient in a classic vanilla cupcake?,off-topic
sociology,off-topic,How long does it take to bake a perfect cupcake?,off-topic
sociology,off-topic,What is the main ingredient used to make apple pie?,off-topic
sociology,off-topic,What color is an octopus's ink?,off-topic
sociology,off-topic,How many calories are typically found in a standard chocolate bar?,off-topic
sociology,off-topic,What is the primary function of the ink sac in an octopus?,off-topic
sociology,off-topic,What is the melting point of an iceberg?,off-topic
sociology,off-topic,How many carats is a typical sapphire used in an engagement ring?,off-topic
sociology,off-topic,How do you properly install a telescope on a rooftop observatory?,off-topic
sociology,off-topic,How long does it take to cook a hotdog in a blender?,off-topic
sociology,off-topic,How many types of chocolate are typically used in making a traditional chocolate fondue?,off-topic
sociology,off-topic,What is the average lifespan of a dragonfly?,off-topic
sociology,off-topic,How does a telescope help astronomers observe distant stars and planets?,off-topic
sociology,off-topic,How long does it take for light to travel from one end of a galaxy to the other?,off-topic
sociology,off-topic,How many varieties of avocados are typically grown in California?,off-topic
sociology,off-topic,How long does it take for a comet to travel across the sky?,off-topic
sociology,off-topic,What is the process of making popcorn in a microwave?,off-topic
sociology,off-topic,What is the primary ingredient in milk chocolate?,off-topic
sociology,off-topic,What is the primary ingredient used in making a chocolate bar?,off-topic
sociology,off-topic,What is the primary purpose of a cocoon in the life cycle of a butterfly?,off-topic
sociology,off-topic,How does a kangaroo carry its young in its pouch?,off-topic
sociology,off-topic,How long does it take to cook a hotdog on a grill?,off-topic
sociology,off-topic,What is the average height of a fully grown bamboo plant?,off-topic
sociology,off-topic,What is the main ingredient used to make chocolate bars?,off-topic
sociology,off-topic,What is the best way to prevent an avocado from turning brown?,off-topic
sociology,off-topic,What is the average lifespan of an octopus in the wild?,off-topic
sociology,off-topic,What is the chemical composition of a diamond?,off-topic
sociology,off-topic,How long does it typically take light to travel from one end of the Milky Way galaxy to the other?,off-topic
sociology,off-topic,How does a submarine navigate underwater without bumping into sea creatures?,off-topic
sociology,off-topic,What is the best way to tune a guitar?,off-topic
sociology,off-topic,What is the average wingspan of a helicopter rotor blade?,off-topic
sociology,off-topic,What is the primary ingredient used in making sapphire jewelry?,off-topic
sociology,off-topic,How many layers of wool are used to make a standard woolen sweater?,off-topic
sociology,off-topic,What is the primary diet of a dragonfly?,off-topic
sociology,off-topic,What is the primary ingredient in making dark chocolate?,off-topic
sociology,off-topic,What is the primary mineral component of a sapphire?,off-topic
sociology,off-topic,What is the primary ingredient used to make chocolate bars?,off-topic
sociology,off-topic,What is the primary ingredient used in making dark chocolate?,off-topic
sociology,off-topic,What is the optimal way to bake a chocolate cupcake?,off-topic
sociology,off-topic,How does a kangaroo use its tail for balance while hopping?,off-topic
sociology,off-topic,How many blades does a typical blender have?,off-topic
sociology,off-topic,What is the primary function of a wind turbine?,off-topic
sociology,off-topic,What is the average temperature inside an igloo?,off-topic
sociology,off-topic,What is the typical distance covered in a marathon race?,off-topic
sociology,off-topic,How does an octopus change its color to blend into its surroundings?,off-topic
sociology,off-topic,What is the main ingredient in a traditional hotdog?,off-topic
sociology,off-topic,How long does it take for a glacier to form?,off-topic
sociology,off-topic,How long does it take for bamboo to reach its full height?,off-topic
sociology,off-topic,What is the primary function of a blender in a kitchen setting?,off-topic
sociology,off-topic,How long does it take for light to travel from the Andromeda Galaxy to Earth?,off-topic
sociology,off-topic,What is the process by which a volcano forms and erupts?,off-topic
sociology,off-topic,How long does it take for an iceberg to melt completely in warm water?,off-topic
sociology,off-topic,How do you use an astrolabe to measure the altitude of a star?,off-topic
sociology,off-topic,How does a microscope help in magnifying tiny objects?,off-topic
sociology,off-topic,What is the average melting rate of a glacier in Antarctica?,off-topic
sociology,off-topic,How many keys are there on a standard grand piano?,off-topic
sociology,off-topic,How long does it take for an avocado to ripen at room temperature?,off-topic
sociology,off-topic,What color is the wool typically used to knit winter scarves?,off-topic
sociology,off-topic,How do you properly fold a hammock for storage?,off-topic
sociology,hard-on-topic,How does the emergence of Pixel devices influence societal perceptions of privacy and surveillance within digital communication networks?,hard-on-topic
sociology,hard-on-topic,How does the use of the harmonica in various cultural rituals and ceremonies reflect broader societal attitudes towards music and community identity?,hard-on-topic
sociology,hard-on-topic,How do cultural narratives about the ocean influence social behaviors and community identity among coastal populations?,hard-on-topic
sociology,hard-on-topic,"How can the metaphor of a ""blueprint"" for a well-ordered society inadvertently perpetuate social inequalities by implying predetermined roles and limiting individual agency?",hard-on-topic
sociology,hard-on-topic,How does the metaphorical use of 'avalanche' in social discourse shape public perception of rapid changes in societal norms?,hard-on-topic
sociology,hard-on-topic,How do the aesthetic and cultural representations of quartz influence social hierarchies and perceptions of value in contemporary society?,hard-on-topic
sociology,hard-on-topic,How might the rise of harmonica playing in urban spaces influence social interactions and community identity formation within diverse populations?,hard-on-topic
sociology,hard-on-topic,How might cultural narratives around dinosaurs influence societal perceptions of extinction and climate change?,hard-on-topic
sociology,hard-on-topic,How do societal perceptions of meteors and their potential impact reflect broader cultural anxieties and collective beliefs about natural disasters and existential threats?,hard-on-topic
sociology,hard-on-topic,How might the metaphor of an avalanche be used to understand the rapid social changes and cascading effects within complex societies?,hard-on-topic
sociology,hard-on-topic,How does the strategic decision-making process in chess reflect broader patterns of social behavior and hierarchical structures in human societies?,hard-on-topic
sociology,hard-on-topic,How can the social circuit of cultural capital affect the mobility and interaction patterns within subcultures?,hard-on-topic
sociology,hard-on-topic,"How does the concept of a ""social whirlpool"" metaphorically illustrate the cyclical nature of societal trends and their impact on individual identity formation?",hard-on-topic
sociology,hard-on-topic,How do virtual communities within online Blizzard games impact social relationships and identity formation in contemporary society?,hard-on-topic
sociology,hard-on-topic,How does the cultural symbolism and consumer behavior surrounding Apple products reflect broader societal values and trends?,hard-on-topic
sociology,hard-on-topic,"In what ways can the cultural significance of marzipan, especially during festive seasons, reflect broader social dynamics and intergroup relations within diverse societies?",hard-on-topic
sociology,hard-on-topic,How does the development and widespread adoption of the zipper illustrate complex interactions between technological innovation and societal gender norms in the early 20th century?,hard-on-topic
sociology,hard-on-topic,How do communal perceptions and cultural narratives surrounding windmills influence the social fabric and identity of rural communities transitioning towards renewable energy sources?,hard-on-topic
sociology,hard-on-topic,"How does the phenomenon of the ""overview effect,"" often reported by astronauts, influence their perspectives on social structures and global inequality?",hard-on-topic
sociology,hard-on-topic,How does the symbolism of the ocean in various cultural narratives influence collective identities and social behaviors within coastal communities?,hard-on-topic
sociology,hard-on-topic,In what ways can the social and cultural narratives surrounding meteor showers influence collective human behavior and community rituals?,hard-on-topic
sociology,hard-on-topic,"How might the concept of an ""information avalanche"" influence the social dynamics and communication practices within a community?",hard-on-topic
sociology,hard-on-topic,How might the concept of harmonic resonance metaphorically relate to the dynamics of social cohesion within diverse communities?,hard-on-topic
sociology,hard-on-topic,How might the metaphorical use of 'photon' in describing the rapid dissemination of information in digital societies influence our understanding of social dynamics and communication patterns?,hard-on-topic
sociology,hard-on-topic,How do the social dynamics and community structures within vineyard regions influence cultural identity and perceptions of rural life?,hard-on-topic
sociology,hard-on-topic,How can the metaphor of a 'quasar' be used to describe the influence of dominant cultural forces on marginalized communities in sociological studies?,hard-on-topic
sociology,hard-on-topic,How do the societal myths and narratives surrounding volcanoes influence community resilience and collective memory in cultures living in volcanic regions?,hard-on-topic
sociology,hard-on-topic,How might the concept of a 'harmonic society' influence our understanding of social cohesion and conflict resolution within diverse communities?,hard-on-topic
sociology,hard-on-topic,How might the social constructs surrounding the symbolism of Saturn influence cultural rituals and societal norms in different communities?,hard-on-topic
sociology,hard-on-topic,"How do the historical roles and cultural representations of windmills in various societies reflect broader societal values and technological advancements, and what implications might this have for understanding the intersection of tradition and modernity?",hard-on-topic
sociology,hard-on-topic,"How does the metaphorical use of an ""Octopus"" to describe secretive and influential networks reflect societal perceptions of power and control?",hard-on-topic
sociology,hard-on-topic,How do cultural perceptions and mythologies surrounding volcanoes shape the social structures and resilience strategies of communities living in their proximity?,hard-on-topic
sociology,hard-on-topic,How does the concept of a harmonic social order influence the perception of collective identity in diverse societies?,hard-on-topic
sociology,hard-on-topic,How do symbolic interpretations of a volcano influence communal identity and social cohesion in regions prone to volcanic activity?,hard-on-topic
sociology,hard-on-topic,How might the symbolism of a cactus in arid regions inform sociological perspectives on resilience and adaptation within human communities?,hard-on-topic
sociology,hard-on-topic,How do the historical narratives of the samurai culture influence modern social structures and individual identity in Japan?,hard-on-topic
sociology,hard-on-topic,How does the cultural significance of the guitar in protest music influence social movements across different historical periods?,hard-on-topic
sociology,hard-on-topic,"How might the concept of 'Zephyr', as a gentle and unpredictable force, be metaphorically applied to understand the subtle and often overlooked influences in social mobility and class structures?",hard-on-topic
sociology,hard-on-topic,How does the design and functionality of a zipper influence social perceptions of fashion accessibility and convenience?,hard-on-topic
sociology,hard-on-topic,How does the prevalence of neon lighting in urban environments influence social interactions and perceptions of community identity?,hard-on-topic
sociology,hard-on-topic,"How can the metaphor of a tapestry be employed to describe the complexities and interwoven narratives within diverse social communities, and what implications does this visualization have for our understanding of social cohesion and identity?",hard-on-topic
sociology,hard-on-topic,How does the metaphor of a labyrinth reflect the complexities of social navigation and individual identity formation in modern urban societies?,hard-on-topic
sociology,hard-on-topic,How might the social dynamics and community interactions within a vineyard setting influence workers' identities and perceptions of social hierarchy?,hard-on-topic
sociology,hard-on-topic,In what ways can the concept of 'harmonic balance' be metaphorically applied to the complexities of social stratification and inequality in modern societies?,hard-on-topic
sociology,hard-on-topic,How can the concept of a 'Jungle' metaphorically illustrate the complexities and challenges of urban social structures and interactions?,hard-on-topic
sociology,hard-on-topic,"How might marzipan, as a culturally significant confectionery, influence social identity and community bonds within various ethnic groups during holiday celebrations?",hard-on-topic
sociology,hard-on-topic,How does the cultural symbolism of the guitar influence social identity and group dynamics within different music subcultures?,hard-on-topic
sociology,hard-on-topic,How might the practice of cultivating Bonsai influence social dynamics within a community by fostering a sense of patience and mindfulness?,hard-on-topic
sociology,hard-on-topic,How does the metaphorical use of a 'parachute' in career transitions reflect societal attitudes towards risk and security in professional life?,hard-on-topic
sociology,hard-on-topic,How might the metaphor of a 'whirlpool' be used to describe the complex dynamics of social change within communities experiencing rapid urbanization?,hard-on-topic
sociology,hard-on-topic,How can the historical role of Samurai warriors in Japan inform our understanding of modern issues of identity and social stratification?,hard-on-topic
sociology,hard-on-topic,How does the term 'Whirlpool' metaphorically represent the cyclical patterns of social mobility and economic disparities within a community?,hard-on-topic
sociology,hard-on-topic,"How do windmills, as a symbol of renewable energy, influence societal perceptions of technological progress and collective environmental responsibility?",hard-on-topic
sociology,hard-on-topic,How might the art and practice of cultivating Bonsai trees reflect broader societal attitudes towards nature and control in different cultural contexts?,hard-on-topic
sociology,hard-on-topic,How might the harmonica serve as a symbol of cultural identity and social cohesion in marginalized communities?,hard-on-topic
sociology,hard-on-topic,How can the concept of a 'blueprint' be metaphorically used to understand the systemic structures that perpetuate social inequalities without being constrained by traditional sociological paradigms?,hard-on-topic
sociology,hard-on-topic,How do perceptions of ocean conservation reflect larger societal values and priorities across different cultures?,hard-on-topic
sociology,hard-on-topic,How might algorithms inadvertently reinforce societal biases and inequalities in automated decision-making processes?,hard-on-topic
sociology,hard-on-topic,How does the metaphor of a labyrinth relate to an individual's navigation through the complex structures and expectations of modern society?,hard-on-topic
sociology,hard-on-topic,How do cultural perceptions of the guitar as an instrument influence social identity and group dynamics within a community?,hard-on-topic
sociology,hard-on-topic,How might the invention and widespread use of the zipper reflect broader societal changes in attitudes toward convenience and rapid consumption during industrial advancements?,hard-on-topic
sociology,hard-on-topic,How do societal perceptions during a solar eclipse influence communal behaviors and cultural myths in various societies?,hard-on-topic
sociology,hard-on-topic,"How might the name 'Zephyr,' often associated with gentle breezes, influence social perceptions of an individual's personality traits within different cultural contexts?",hard-on-topic
sociology,hard-on-topic,"How can the concept of a ""social chameleon"" be used to understand the fluidity of identity adaptation in multicultural societies?",hard-on-topic
sociology,hard-on-topic,How might the collective anticipation of a meteor shower event influence community behaviors and social interactions in a given region?,hard-on-topic
sociology,hard-on-topic,How might the social symbolism of a cactus influence community identity in desert regions?,hard-on-topic
sociology,hard-on-topic,"How can the metaphorical concept of a ""photon-like"" transfer of cultural ideas influence our understanding of social transmission dynamics?",hard-on-topic
sociology,hard-on-topic,How can the metaphor of an avalanche be used to describe the rapid and overwhelming impact of social media on cultural communication and identity formation?,hard-on-topic
sociology,hard-on-topic,"How might the metaphor of a ""Zipper"" be used to analyze the role of small-scale interactions in stitching together diverse cultural identities within a multicultural society?",hard-on-topic
sociology,hard-on-topic,How can conceptual blueprints shape collective societal behaviors and influence cultural norms?,hard-on-topic
sociology,hard-on-topic,How might the mythological interpretations of Saturn influence contemporary societal values and norms around authority and time?,hard-on-topic
sociology,hard-on-topic,"How do blizzards influence social behaviors and community dynamics in affected regions, and what can this tell us about the role of extreme weather events in shaping societal norms and interactions?",hard-on-topic
sociology,hard-on-topic,How might studying the collaborative methods employed by astronomers studying quasars inform our understanding of interdisciplinary team dynamics in sociological research settings?,hard-on-topic
sociology,hard-on-topic,"How might the concept of 'Zephyr' as a gentle, guiding force be used metaphorically to analyze the subtle influences of societal norms on individual behavior within a community?",hard-on-topic
sociology,hard-on-topic,How does the branding of technology companies like Apple influence cultural perceptions of social status and identity?,hard-on-topic
sociology,hard-on-topic,How do the cultural symbolism and socioeconomic factors surrounding peanut farming influence community identity in rural areas?,hard-on-topic
sociology,hard-on-topic,How do cultural perceptions of traditional confections like marzipan influence communal identity and social cohesion within diverse ethnic groups?,hard-on-topic
sociology,hard-on-topic,How does the strategic nature of chess mirror the power dynamics and social hierarchies present in human societies?,hard-on-topic
sociology,hard-on-topic,"How does the metaphor of a ""social volcano"" help in understanding the sudden eruptions of social unrest within seemingly stable communities?",hard-on-topic
sociology,hard-on-topic,How might the symbolic representation of Neon signs influence urban subcultures and contribute to their socio-economic dynamics?,hard-on-topic
sociology,hard-on-topic,How might the cultural significance of giraffes in various societies influence social attitudes towards wildlife conservation efforts?,hard-on-topic
sociology,hard-on-topic,How might the symbolic representation of 'Zephyr' in mythology impact cultural identity and social cohesion within diverse communities?,hard-on-topic
sociology,hard-on-topic,How does the spatial design of a bakery influence social interactions and community building among its patrons?,hard-on-topic
sociology,hard-on-topic,How can the metaphor of a 'pixel' in digital screens help us understand the complexities of individual identity formation within the broader societal structure?,hard-on-topic
sociology,hard-on-topic,How might the increasing prevalence of trampoline parks influence the social dynamics and interaction patterns among different age groups within suburban communities?,hard-on-topic
sociology,hard-on-topic,How do cultural interpretations of meteors influence social narratives and collective memory across different societies?,hard-on-topic
sociology,hard-on-topic,How does the development and proliferation of the zipper as a clothing fastener reflect broader societal shifts in attitudes toward convenience and gender norms over the past century?,hard-on-topic
sociology,hard-on-topic,How might the perception and symbolism of giraffes in various cultures influence social attitudes and behaviors towards topics like hierarchy and social stratification?,hard-on-topic
sociology,hard-on-topic,How can the concept of harmonic resonance be metaphorically applied to understand the dynamics of social cohesion within diverse communities?,hard-on-topic
sociology,hard-on-topic,How does the identity and cultural integration of an astronaut impact their reintegration into society after long-duration space missions?,hard-on-topic
sociology,hard-on-topic,How might the role of the harmonica in various cultural music traditions offer insights into the dynamics of cultural exchange and identity formation within communities?,hard-on-topic
sociology,hard-on-topic,How can the metaphor of a trampoline be employed to analyze upward social mobility and the systemic factors that influence such movements within a society?,hard-on-topic
sociology,hard-on-topic,How might social blueprints influence individual identity construction in modern urban environments?,hard-on-topic
sociology,hard-on-topic,How does the symbolism of an apple vary across different cultures and influence societal norms and values?,hard-on-topic
sociology,hard-on-topic,How might the concept of a kaleidoscope serve as a metaphor for understanding the dynamic and multifaceted nature of cultural identity in increasingly globalized societies?,hard-on-topic
sociology,hard-on-topic,How might the unique social behaviors and intelligence of the octopus serve as a metaphor for understanding non-hierarchical and flexible social structures in human communities?,hard-on-topic
sociology,hard-on-topic,How might the cultural symbolism of the guitar influence social identity and group dynamics within a community?,hard-on-topic
sociology,hard-on-topic,How might the ethereal quality of a zephyr be used metaphorically to explore the transient nature of social trends and cultural influences in modern society?,hard-on-topic
sociology,hard-on-topic,How does the cultural symbolism of the gemstone Sapphire influence social stratification and perceptions of wealth in contemporary societies?,hard-on-topic
sociology,hard-on-topic,How do the cultural perceptions and historical narratives surrounding windmills reflect broader societal attitudes towards technological progress and rural heritage?,hard-on-topic
sociology,hard-on-topic,How does the cultural background of an astronaut influence their adaptation to social dynamics and hierarchy within the international space community?,hard-on-topic
sociology,hard-on-topic,"How might the concept of a ""social chameleon"" blur the lines between sociological identity theories and psychological adaptive behaviors in modern society?",hard-on-topic
sociology,hard-on-topic,How do communal guitar jamming sessions influence social cohesion and social capital within subcultural music communities?,hard-on-topic
sociology,hard-on-topic,How might the social dynamics within a community be influenced by the varying symbolism and cultural significance attributed to peanuts across different societies?,hard-on-topic
sociology,hard-on-topic,How can the concept of harmonic resonance be metaphorically applied to understand the dynamics of social cohesion within diverse communities?,hard-on-topic
sociology,hard-on-topic,How does the social construction of an igloo as both a symbol of cultural heritage and a practical shelter reflect broader sociological themes of adaptation and identity within Inuit communities?,hard-on-topic
sociology,hard-on-topic,How might the social behavior and interaction patterns of an octopus in its natural habitat provide insights into understanding decentralized communication networks in human societies?,hard-on-topic
sociology,hard-on-topic,How might the concept of an 'information avalanche' in the digital age impact social cohesion and the development of cultural norms?,hard-on-topic
sociology,hard-on-topic,How do the social dynamics within a community shift when individuals employ the concept of a 'golden parachute' and what does this reveal about economic disparity and perceived social value?,hard-on-topic
sociology,hard-on-topic,How do societal perceptions of windmills reflect broader cultural attitudes towards renewable energy and technological change?,hard-on-topic
sociology,hard-on-topic,How might the mythological symbolism associated with Saturn influence contemporary societal attitudes toward aging and maturity?,hard-on-topic
sociology,hard-on-topic,How can the social dynamics and cultural practices observed in vineyard communities reflect broader societal trends and tensions?,hard-on-topic
sociology,hard-on-topic,How might the metaphorical use of a 'quasar' in literature influence social perceptions of power and visibility in marginalized communities?,hard-on-topic
sociology,hard-on-topic,"How might the concept of 'Sapphire', often associated with media representation of African American women, influence societal perceptions and stereotypes within diverse communities?",hard-on-topic
sociology,hard-on-topic,How do the symbolic representations and narratives of the ocean in cultural contexts reflect and challenge societal hierarchies and power dynamics?,hard-on-topic
sociology,hard-on-topic,How might the unique social dynamics and hierarchy within a group of astronauts aboard a long-term space mission provide insight into micro-societal structures and intergroup relations on Earth?,hard-on-topic
sociology,hard-on-topic,"How might the metaphorical use of the term ""quasar"" in describing societal movements impact our understanding of their intensity and reach within sociological discourse?",hard-on-topic
sociology,hard-on-topic,How might the collective memory and cultural portrayal of dinosaurs influence current societal attitudes toward extinction and conservation efforts?,hard-on-topic
sociology,hard-on-topic,How do the cultural narratives surrounding early 17th-century windmill technology reflect and influence societal attitudes towards innovation and labor in rural communities?,hard-on-topic
sociology,hard-on-topic,How does the informal practice of playing harmonica in public spaces influence social interactions and the construction of community identity in urban environments?,hard-on-topic
sociology,hard-on-topic,How can the metaphor of a 'Labyrinth' be used to describe the complexities and challenges of navigating modern societal structures and institutions?,hard-on-topic
sociology,hard-on-topic,How do societal narratives about dinosaurs reflect and influence contemporary issues of scientific literacy and cultural identity?,hard-on-topic
sociology,hard-on-topic,How does the metaphorical concept of an 'information avalanche' impact societal behaviors and communication patterns in the digital age?,hard-on-topic
sociology,hard-on-topic,How does the symbolic representation of meteors in cultural narratives reflect societal attitudes towards unexpected or disruptive events?,hard-on-topic
sociology,hard-on-topic,How do societal perceptions of risk and safety influence the recreational use of parachutes in different cultural contexts?,hard-on-topic
sociology,hard-on-topic,"How do societal myths and legends about celestial phenomena, such as meteors, influence cultural beliefs and identity across different societies?",hard-on-topic
sociology,hard-on-topic,How do cultural narratives about the ocean influence societal perceptions of environmental responsibility and maritime identity?,hard-on-topic
sociology,hard-on-topic,How does the cultural significance of marzipan as a traditional confectionery influence social cohesion and identity in communities where it is a staple treat?,hard-on-topic
sociology,hard-on-topic,How can the towering presence and unique characteristics of a giraffe be used metaphorically to explore issues of social hierarchy and visibility within human societies?,hard-on-topic
sociology,hard-on-topic,How do the cultural values and societal roles embodied by the samurai class in historical Japan influence modern perceptions of honor and duty in contemporary Japanese society?,hard-on-topic
sociology,hard-on-topic,How might the symbolism of a cactus in popular culture reflect societal attitudes towards resilience and isolation?,hard-on-topic
sociology,hard-on-topic,"How does the concept of ""time poverty,"" as discussed in popular media sources like Quartz, influence individuals' ability to participate in social and cultural activities?",hard-on-topic
sociology,hard-on-topic,How do societal constructs and power dynamics manifest in metaphorical interpretations of the urban jungle?,hard-on-topic
sociology,hard-on-topic,"How might the phenomenon of individuals experiencing a 'social eclipse,' where they feel temporarily overshadowed in societal interactions, impact their long-term social identity and group dynamics?",hard-on-topic
sociology,hard-on-topic,"How might the concept of a ""zephyr"" influence societal perceptions of cultural change and continuity within urban environments?",hard-on-topic
sociology,hard-on-topic,How do the symbolic meanings associated with neon colors in urban environments reflect broader sociological patterns of consumer culture and identity formation?,hard-on-topic
sociology,hard-on-topic,How might societal interest in the mythological symbolism of Saturn influence cultural narratives around age and wisdom in different communities?,hard-on-topic
sociology,hard-on-topic,How do the marketing strategies of Apple influence cultural perceptions of technology and consumer identity?,hard-on-topic
sociology,hard-on-topic,"How can the metaphorical interpretation of ""Quasar"" in terms of cultural luminosity and influence help us understand the dynamics of charismatic leadership in societal change?",hard-on-topic
sociology,hard-on-topic,How might the metaphorical use of 'Quasar' in understanding high-energy social movements shed light on the dynamics of rapid societal change and cultural impact?,hard-on-topic
sociology,hard-on-topic,How might the metaphor of an 'eclipse' be applied to understand the temporary overshadowing of minority voices in social movements?,hard-on-topic
sociology,hard-on-topic,"How might the concept of a societal ""blueprint"" influence individual behaviors within cultural and subcultural contexts, and to what extent can this blueprint be seen as a socially constructed framework rather than a fixed, deterministic map?",hard-on-topic
sociology,hard-on-topic,"How might algorithms used in social media platforms influence the formation and dynamics of online communities, potentially impacting the study of human behavior and social interactions?",hard-on-topic
sociology,hard-on-topic,How might the concept of a cultural blueprint challenge traditional sociological theories about the universal applicability of social norms?,hard-on-topic
sociology,hard-on-topic,How do cultural perceptions of an astronaut's role influence societal views on human identity and exploration?,hard-on-topic
sociology,hard-on-topic,How does the concept of a social labyrinth serve as a metaphor for navigating complex identity dynamics within multicultural societies?,hard-on-topic
sociology,hard-on-topic,How might the use of algorithms in social media platforms influence cultural norms and impact collective human behavior without overtly directing actions?,hard-on-topic
sociology,hard-on-topic,How might the cultural fascination with neon lights reflect societal values in consumer-driven urban environments?,hard-on-topic
sociology,hard-on-topic,How do cultural narratives and social practices related to the ocean reflect and shape societal attitudes towards climate change and environmental conservation?,hard-on-topic
sociology,hard-on-topic,How can the study of meteoric phenomena influence societal perceptions of science and religion in different cultures?,hard-on-topic
sociology,hard-on-topic,How might the social behaviors of octopi in marine environments offer insights into non-human forms of intelligence and influence discussions about social hierarchy in human societies?,hard-on-topic
sociology,hard-on-topic,How do the social dynamics within remote mountain communities challenge conventional sociological theories on urbanization and social networks?,hard-on-topic
sociology,hard-on-topic,How has Apple's branding strategy influenced societal perceptions of technology and contributed to shifting cultural norms around consumerism?,hard-on-topic
sociology,hard-on-topic,How does the social behavior of llamas in pastoral communities influence human perspectives on cooperation and conflict resolution within those societies?,hard-on-topic
sociology,hard-on-topic,How might the symbolism of a meteor influence societal perceptions of existential risk and collective anxiety?,hard-on-topic
sociology,hard-on-topic,"In what ways might the metaphor of a meteor impact be used to describe sudden and significant shifts in societal norms and values, and how do such metaphorical depictions influence public perception and policy?",hard-on-topic
sociology,hard-on-topic,How does the cultural significance of marzipan in European celebrations reflect broader societal values and influence social cohesion?,hard-on-topic
sociology,hard-on-topic,How do the social dynamics and cultural narratives of communities living in the shadow of a volcano influence their resilience and adaptation strategies in the face of potential eruptions?,hard-on-topic
sociology,hard-on-topic,How does the experience of living in space influence an astronaut's cultural identity and social interactions upon returning to Earth?,hard-on-topic
sociology,hard-on-topic,How might the social behavior and group dynamics observed in llama herds provide insights into human social structures and interaction patterns?,hard-on-topic
sociology,hard-on-topic,"How might the social perception of harmonica players differ across various cultural contexts, and what does this reveal about broader societal attitudes towards unconventional musical professions?",hard-on-topic
sociology,hard-on-topic,How does the public fascination with dinosaurs reflect underlying societal values and contribute to discussions about cultural identity and collective memory?,hard-on-topic
sociology,hard-on-topic,How might the mythological associations and cultural symbolism of Saturn influence societal perceptions of aging and authority across different cultures?,hard-on-topic
sociology,hard-on-topic,How does the cultural perception of the harmonica reflect broader societal attitudes towards traditional versus modern musical instruments in shaping group identity?,hard-on-topic
sociology,hard-on-topic,"How might the metaphorical concept of a ""quasar"" be used to describe phenomena of rapid and intense change within modern social movements?",hard-on-topic
sociology,hard-on-topic,"How does the concept of ""social circuit"" play a role in the informal exchange of cultural capital within urban communities?",hard-on-topic
sociology,hard-on-topic,How does the cultural significance of the guitar impact individual identity formation and societal perceptions in various communities?,hard-on-topic
sociology,hard-on-topic,How does the strategic nature of chess reflect broader societal structures and hierarchies in different cultures?,hard-on-topic
sociology,hard-on-topic,How can the cultural significance of origami in different societies influence social behaviors and interpersonal communication dynamics?,hard-on-topic
sociology,hard-on-topic,How does the cultural practice of origami influence social identity formation in communities where paper folding is a traditional art form?,hard-on-topic
sociology,hard-on-topic,How do the cultural practices observed in a community bakery reflect and influence the social dynamics and structures of the surrounding neighborhood?,hard-on-topic
sociology,hard-on-topic,"How does the concept of a cultural ""whirlpool"" help sociologists understand the rapid and sometimes turbulent exchange of ideas and values in a globalized society?",hard-on-topic
sociology,hard-on-topic,In what ways do the social dynamics and relationships within an indigenous community living in igloos inform our understanding of spatial organization and cultural identity?,hard-on-topic
sociology,hard-on-topic,"How can the notion of Zephyr be metaphorically applied to understand the subtle, often unnoticed influences on societal change?",hard-on-topic
sociology,hard-on-topic,How does the metaphor of a tapestry help us understand the complexity and interwoven nature of social norms and cultural practices within diverse societies?,hard-on-topic
sociology,hard-on-topic,How might the metaphorical use of 'avalanche' in describing rapid societal change influence our understanding of collective social behaviors and responses?,hard-on-topic
sociology,hard-on-topic,How might the symbolic representation of Saturn in astrology influence societal attitudes towards responsibility and discipline across different cultures?,hard-on-topic
sociology,hard-on-topic,How might the practice of origami influence social interactions and communication patterns within different cultures?,hard-on-topic
sociology,hard-on-topic,How might the metaphor of a chameleon be used to explore the fluidity of individual identities within different social contexts and groups?,hard-on-topic
sociology,hard-on-topic,How does the metaphor of a 'tapestry' illustrate the intricate dynamics and interwoven social structures within diverse urban communities?,hard-on-topic
sociology,hard-on-topic,How might the depiction of giraffes in children's literature influence societal perceptions of hierarchy and leadership?,hard-on-topic
sociology,hard-on-topic,How might the resurgence of interest in dinosaur imagery and narratives be interpreted in terms of societal values and identity formation?,hard-on-topic
sociology,hard-on-topic,How does the branding strategy and consumer perception of Apple influence and reflect societal values and identities in different cultural contexts?,hard-on-topic
sociology,hard-on-topic,How does the practice of origami influence societal perceptions of creativity and innovation in different cultures?,hard-on-topic
sociology,hard-on-topic,How might the social behavior of octopuses challenge our understanding of intelligence and community dynamics in both marine and human societies?,hard-on-topic
sociology,hard-on-topic,How does the use of parachutes in modern military operations influence the social dynamics and community structures in post-conflict regions?,hard-on-topic
sociology,hard-on-topic,"How might the symbolism of the cactus, often seen as a representation of resilience and endurance, be interpreted differently across various cultural and social contexts?",hard-on-topic
sociology,hard-on-topic,How does the socialization process of astronauts in isolated and confined environments impact their interaction patterns once they return to terrestrial societies?,hard-on-topic
sociology,hard-on-topic,How might the cultural significance and consumption of marzipan during holiday celebrations provide insight into the social dynamics of identity and tradition within diverse communities?,hard-on-topic
sociology,hard-on-topic,How might the ritual of Sunday family pancake breakfasts influence social cohesion and familial identity within modern urban households?,hard-on-topic
sociology,hard-on-topic,How does the inclusion of the harmonica in street performances influence social interactions and perceptions of cultural identity in urban public spaces?,hard-on-topic
sociology,hard-on-topic,How might the symbolic significance of the igloo as a cultural artifact impact collective identity and social cohesion within indigenous Arctic communities in the context of modern globalization?,hard-on-topic
sociology,hard-on-topic,How might the intricate art of Origami serve as a metaphor for analyzing societal structures and the complexities of social behavior?,hard-on-topic
sociology,hard-on-topic,How might the social behavior of an octopus influence the way we understand non-human forms of intelligence in contemporary sociological theory?,hard-on-topic
sociology,hard-on-topic,How does the communal production and consumption of marmalade in various cultures reflect the socio-economic dynamics and collective identity of those communities?,hard-on-topic
sociology,hard-on-topic,"How might the metaphor of the 'social chameleon' be applied to understand individuals who adapt their identities in different cultural or social contexts, and what implications does this have for theories of authenticity in personal identity?",hard-on-topic
sociology,hard-on-topic,How might harmonic principles in music and their effects on group cohesion be used as a metaphor to understand the dynamics of social harmony and conflict within diverse communities?,hard-on-topic
sociology,hard-on-topic,How do windmill projects impact the social dynamics and cultural identity of rural communities?,hard-on-topic
sociology,hard-on-topic,"How does the concept of a ""social kaleidoscope"" challenge traditional views of cultural coherency and homogeneity within modern multicultural societies?",hard-on-topic
sociology,hard-on-topic,"How might the concept of a ""Blueprint"" be metaphorically utilized to analyze the development and perpetuation of social norms within contemporary society?",hard-on-topic
sociology,hard-on-topic,"In what ways do the social dynamics within a 'jungle' setting, such as marginalized communities or informal settlements, challenge traditional sociological classifications and theories?",hard-on-topic
sociology,hard-on-topic,How do social narratives surrounding a volcano's eruption influence community resilience and identity over time?,hard-on-topic
sociology,hard-on-topic,How does the concept of a 'Chimera' serve as a metaphor for understanding the complexities and contradictions within modern social identity constructs?,hard-on-topic
sociology,hard-on-topic,"How do social interactions within a vineyard setting influence the socio-cultural identity of both workers and visitors, considering historical and contemporary power dynamics?",hard-on-topic
sociology,hard-on-topic,How do the historical roles and cultural perceptions of samurai influence modern Japanese identity and social structures in a way that resists straightforward sociological categorization?,hard-on-topic
sociology,hard-on-topic,How might the concept of harmonic convergence be metaphorically applied to understand the complexities of social cohesion and collective identity formation in diverse societies?,hard-on-topic
sociology,hard-on-topic,How can the metaphor of a kaleidoscope be used to understand the fluid and ever-changing patterns of cultural identity within globalized societies?,hard-on-topic
sociology,hard-on-topic,How might the immersive and socially interactive environments of video games created by companies like Blizzard impact traditional notions of community and socialization in the real world?,hard-on-topic
sociology,hard-on-topic,How do the communal practices associated with building and maintaining an igloo reflect broader sociocultural dynamics and contribute to the social cohesion among indigenous Arctic communities?,hard-on-topic
sociology,hard-on-topic,"How does the concept of a ""social parachute"" relate to upward mobility and the mitigation of systemic inequalities in modern societies?",hard-on-topic
sociology,hard-on-topic,How might the cultural significance of the harmonica influence social cohesion within diverse musical communities?,hard-on-topic
sociology,hard-on-topic,How can the concept of harmonic resonance be metaphorically applied to understand social dynamics and collective behavior in communities?,hard-on-topic
sociology,hard-on-topic,"How might the concept of ""Sapphire,"" often used in media as a stereotype of the angry Black woman, influence perceptions of gender and race in social interactions?",hard-on-topic
sociology,hard-on-topic,How do social dynamics within a small vineyard community illustrate broader societal trends in labor division and rural economic dependency?,hard-on-topic
sociology,hard-on-topic,"How does the pervasive use of digital media influence cultural perceptions and identity formation in modern societies, particularly when considering platforms like Quartz that blend news with lifestyle content?",hard-on-topic
sociology,hard-on-topic,How does the evolution of gender roles in society influence the portrayal and participation of individuals in the realm of competitive chess?,hard-on-topic
sociology,hard-on-topic,How do Apple's marketing strategies influence social behavior and affect cultural norms related to technology consumption?,hard-on-topic
sociology,hard-on-topic,How does the practice of origami in different cultures reflect social values and influence intercultural communication?,hard-on-topic
sociology,hard-on-topic,How does the practice of origami influence social structures and cultural identity formation in various communities?,hard-on-topic
sociology,hard-on-topic,"How does the complex social structure of an octopus contribute to debates on the evolution of intelligence in non-human species, and what implications might this have for understanding human social behavior?",hard-on-topic
sociology,hard-on-topic,How can the sudden impact and dramatic societal changes of a meteor event be compared to the rapid shifts seen in social mores and cultural norms during times of technological advancement?,hard-on-topic
sociology,hard-on-topic,How can algorithms influence and potentially modify the power dynamics within social networks?,hard-on-topic
sociology,hard-on-topic,How does the concept of 'neon signs' as cultural symbols influence urban identity within diverse social communities?,hard-on-topic
sociology,hard-on-topic,How do the cultural practices of coastal communities impact their perception of the ocean and influence their social structures?,hard-on-topic
sociology,hard-on-topic,How might the symbolic meaning of a sapphire in different cultures influence social stratification and identity formation?,hard-on-topic
sociology,hard-on-topic,How might the cultural fascination with dinosaurs reflect underlying societal values and collective perceptions of the past's role in shaping our future?,hard-on-topic
sociology,hard-on-topic,"How might the concept of a Chimera, traditionally a mythological creature, be used metaphorically in studying the fragmented identities and social roles individuals navigate within modern multicultural societies?",hard-on-topic
sociology,hard-on-topic,How does the neon aesthetic in urban settings influence social dynamics and cultural identities within metropolitan communities?,hard-on-topic
sociology,hard-on-topic,How does the symbolism of a parachute in popular culture reflect societal attitudes toward risk-taking and the concept of the safety net in modern communities?,hard-on-topic
sociology,hard-on-topic,How might the cultural significance of the term 'Zephyr' influence social identity narratives within communities situated along historical trade wind routes?,hard-on-topic
sociology,hard-on-topic,How do the unique social dynamics experienced by astronauts during long-duration space missions reshape our understanding of social cohesion and community behavior on Earth?,hard-on-topic
sociology,hard-on-topic,How does the practice of origami serve as a cultural symbol and influence social identity within Japanese communities and beyond?,hard-on-topic
sociology,hard-on-topic,How can the practice and communal exchange of Origami influence social structures and cultural identity within a society?,hard-on-topic
sociology,hard-on-topic,How might the symbolic representation of llamas in modern social media influence cultural identity and social cohesion in online communities?,hard-on-topic
sociology,hard-on-topic,How do societal norms and cultural perceptions shape the symbolic meaning of the guitar in different musical genres?,hard-on-topic
sociology,hard-on-topic,How can the metaphor of a labyrinth enhance our understanding of the complex pathways and challenges faced in navigating social structures and identities?,hard-on-topic
sociology,hard-on-topic,"How do cultural narratives and media portrayals of the 'Sapphire' stereotype influence societal perceptions of African American women, and what are the implications for gender and racial identity within modern sociological frameworks?",hard-on-topic
sociology,hard-on-topic,How might the mythological symbolism of Saturn influence contemporary societal perceptions of aging and authority?,hard-on-topic
sociology,hard-on-topic,How does the symbolic meaning of parachutes in military contexts influence civilian perceptions of risk and safety within different sociocultural frameworks?,hard-on-topic
sociology,hard-on-topic,How does the metaphorical use of the term 'Quasar' reflect societal attitudes towards individuals or entities that are exceptionally dynamic yet enigmatic in modern culture?,hard-on-topic
sociology,hard-on-topic,How does the social interaction between players during a chess tournament reflect broader societal norms and power dynamics?,hard-on-topic
sociology,hard-on-topic,"How do meteor disasters influence societal behavior and community resilience, particularly in their long-term sociological impacts?",hard-on-topic
sociology,hard-on-topic,How might the concept of a chimera in genetics serve as a metaphor for understanding complex identities and multicultural societies in sociological studies?,hard-on-topic
sociology,hard-on-topic,"How can the concept of a ""social kaleidoscope"" be used to metaphorically describe the fluid and dynamic interrelations within multicultural urban neighborhoods, and what challenges arise when attempting to classify this metaphor within traditional sociological frameworks?",hard-on-topic
sociology,hard-on-topic,How do the social interactions between humans and llamas in tourist regions contribute to broader discussions of ecotourism and cultural commodification?,hard-on-topic
sociology,hard-on-topic,How might the concept of a societal blueprint influence the cultural dynamics and collective behavior within decentralized communities?,hard-on-topic
sociology,hard-on-topic,How do the design and social use of igloos by indigenous Arctic communities challenge traditional Western concepts of architecture and communal living spaces?,hard-on-topic
sociology,hard-on-topic,"How might the consumption and cultural significance of marzipan vary across different societies, and what does this reveal about the intersections of tradition, globalization, and identity?",hard-on-topic
sociology,hard-on-topic,How might the strategic and hierarchical nature of chess influence social dynamics and power structures within competitive communities?,hard-on-topic
sociology,hard-on-topic,How do the unique social dynamics and hierarchical structures among astronauts during long-duration space missions influence their communication and decision-making processes?,hard-on-topic
sociology,hard-on-topic,How does the spatial arrangement and social interactions within a bakery reflect broader societal norms and hierarchies?,hard-on-topic
sociology,hard-on-topic,How might the metaphor of a chimera be applied to the study of social identity formation in multicultural societies?,hard-on-topic
sociology,hard-on-topic,How do mountain communities adapt their social structures to balance traditional practices with the influence of globalization?,hard-on-topic
sociology,hard-on-topic,How might the cultural symbolism of the guitar influence individual identity and social interactions across different communities?,hard-on-topic
sociology,hard-on-topic,How might the sociological concept of Zeitgeist help us understand the cultural perceptions of advancements like Project Zephyr in the quest for sustainable transportation?,hard-on-topic
sociology,hard-on-topic,How do cultural perceptions and social norms surrounding festive foods like marzipan influence individual identity construction and community cohesion in multicultural societies?,hard-on-topic
sociology,hard-on-topic,How does the practice of Bonsai cultivation intersect with cultural identity and expressions of social status within different societies?,hard-on-topic
sociology,hard-on-topic,How does the proliferation of neon signage impact urban community identities in rapidly gentrifying neighborhoods?,hard-on-topic
sociology,hard-on-topic,How do cultural perceptions of Apple's brand identity reflect broader societal values and consumer behavior trends?,hard-on-topic
sociology,hard-on-topic,How does the concept of a cultural blueprint influence the ideation and propagation of social norms within heterogenous societies?,hard-on-topic
sociology,hard-on-topic,How has the use of the harmonica as a musical instrument influenced social dynamics within marginalized communities?,hard-on-topic
sociology,hard-on-topic,"How can the concept of a ""whirlpool"" metaphorically explain the cyclical nature of social inequality in modern societies?",hard-on-topic
sociology,hard-on-topic,How might the metaphorical use of the giraffe's long neck in cultural narratives influence societal perceptions of hierarchy and status?,hard-on-topic
sociology,hard-on-topic,How does the cultivation and appreciation of Bonsai reflect broader cultural values and social hierarchies?,hard-on-topic
sociology,hard-on-topic,How do cultural perceptions of the ocean influence societal behaviors and policies regarding marine conservation?,hard-on-topic
sociology,hard-on-topic,"How can the metaphor of a ""chameleon"" be used to explore the complexities of identity adaptation within various social contexts?",hard-on-topic
sociology,hard-on-topic,How does the rise of digital media platforms like Quartz influence the formation of collective identities in modern society?,hard-on-topic
sociology,hard-on-topic,"How can the concept of an ""information avalanche"" impact social hierarchies and collective decision-making processes in contemporary digital communities?",hard-on-topic
sociology,hard-on-topic,How does Blizzard Entertainment's approach to community engagement in online gaming environments reflect broader sociological theories of digital social interaction and group identity formation?,hard-on-topic
sociology,hard-on-topic,How might the cultural fascination with neon lights in urban environments influence social interactions and community identity?,hard-on-topic
sociology,hard-on-topic,How might the metaphorical use of 'photon' to describe the speed of information exchange in digital communication influence societal perceptions of connectivity and isolation?,hard-on-topic
sociology,hard-on-topic,How do social dynamics within a vineyard community influence the cultural transmission of winemaking traditions across generations?,hard-on-topic
sociology,hard-on-topic,"How does the metaphor of a ""tapestry"" illuminate the complex interweaving of individual identities within the broader societal structure, and what are the limitations of this metaphor in capturing the fluidity and dynamic interactions within diverse cultures?",hard-on-topic
sociology,hard-on-topic,How do social dynamics within an indigenous community influence the traditional practice of constructing igloos as a communal activity?,hard-on-topic
sociology,hard-on-topic,How does the practice of Bonsai cultivation reflect societal attitudes towards control over nature and symbolize broader cultural values?,hard-on-topic
sociology,hard-on-topic,How does the social ritual of sharing a pancake breakfast influence interpersonal bonds within community groups?,hard-on-topic
sociology,hard-on-topic,How might the metaphorical use of 'Quasars' in sociology challenge traditional understandings of social influence and cultural capital?,hard-on-topic
sociology,hard-on-topic,"How does the metaphorical use of ""photon"" in contemporary sociological discourse reflect on the complexities of individual identity in the digital age?",hard-on-topic
sociology,hard-on-topic,"How might the organizational structure of an octopus, with its decentralized nervous system, offer a metaphor for understanding the complexities of modern, leaderless social movements?",hard-on-topic
sociology,hard-on-topic,"How might the concept of the social ""chameleon"" challenge traditional models of identity formation within different cultural contexts?",hard-on-topic
sociology,hard-on-topic,"How do societal perceptions of celestial objects, like Saturn, influence cultural narratives and collective beliefs about our place in the universe?",hard-on-topic
sociology,hard-on-topic,"How might the metaphor of an 'eclipse' be used to describe the overshadowing of minority perspectives in mainstream sociological discourse, and what are the potential consequences of such an eclipse in academic and public contexts?",hard-on-topic
sociology,hard-on-topic,How might the concept of a labyrinth metaphorically represent the non-linear progression of social identity formation in contemporary societies?,hard-on-topic
sociology,hard-on-topic,"How does the metaphor of the ""urban jungle"" influence societal perceptions of city life and its impact on community dynamics?",hard-on-topic
sociology,hard-on-topic,How can the metaphor of a kaleidoscope be applied to understanding the dynamic and multifaceted nature of contemporary social identities?,hard-on-topic
sociology,hard-on-topic,"How can the concept of an ""eclipse"", often used metaphorically to denote overshadowing or obscuration, be applied to understanding social dynamics where certain cultural narratives or identities are marginalized?",hard-on-topic
sociology,hard-on-topic,"How can the metaphorical concept of a ""social parachute"" be understood in terms of societal hierarchies and mobility, and does it reveal underlying biases in support systems for different social classes?",hard-on-topic
sociology,hard-on-topic,"How do the cultural narratives and historical perceptions of the Samurai influence modern Japanese societal norms and values, particularly in the context of group dynamics and individual identity?",hard-on-topic
sociology,hard-on-topic,How might the metaphorical use of 'Zephyr' in literature serve to influence societal perceptions of change and continuity within the field of sociology?,hard-on-topic
sociology,hard-on-topic,How might the art and practice of cultivating Bonsai trees influence social perceptions of control and manipulation within cultural rituals?,hard-on-topic
sociology,hard-on-topic,How might the social behaviors and group dynamics of octopuses challenge traditional human-centered theories of social interaction in sociology?,hard-on-topic
sociology,hard-on-topic,How does the cultural mythology of the Samurai influence contemporary perceptions of masculinity and honor in modern Japanese society?,hard-on-topic
sociology,hard-on-topic,"How might the gentle influence of a societal 'Zephyr' manifest in subtle shifts in cultural norms and values, and can this be traced through changes in language use over time?",hard-on-topic
sociology,hard-on-topic,How can the social dynamics and cultural significance of igloo construction in Arctic communities contribute to our understanding of human adaptation to extreme environments?,hard-on-topic
sociology,hard-on-topic,How do trampolines serve as a microcosm of social interaction and community building among different age groups within suburban neighborhoods?,hard-on-topic
sociology,hard-on-topic,"How does the metaphorical concept of a societal tapestry reflect the intricate interweaving of cultural, economic, and political threads, and to what extent does this analogy obscure the conflicts and disparities present within a diverse community?",hard-on-topic
sociology,hard-on-topic,How does the use of guitar music in protest movements influence the collective identity and cultural cohesion of socially and geographically diverse groups?,hard-on-topic
sociology,hard-on-topic,How can the cultural symbolism of a bakery within a community challenge traditional gender roles and influence social interactions?,hard-on-topic
sociology,hard-on-topic,How might the metaphor of a 'labyrinth' be used to describe the complexities and challenges of navigating contemporary social structures and institutions?,hard-on-topic
sociology,hard-on-topic,"How might the cultural symbolism of a trampoline serve as a lens to examine societal values related to recreation, risk, and physicality?",hard-on-topic
sociology,hard-on-topic,How might the symbolism of a giraffe in various cultures influence social dynamics and power structures within those societies?,hard-on-topic
sociology,hard-on-topic,How do peanut-related cultural practices influence social identity and cohesion within specific communities?,hard-on-topic
sociology,hard-on-topic,How does the symbolic interaction theory interpret the cultural significance of quartz in modern interior design trends?,hard-on-topic
sociology,hard-on-topic,"How might the concept of a ""Blueprint"" for societal progress serve as both a catalyst for social cohesion and a source of cultural tension in diverse communities?",hard-on-topic
sociology,hard-on-topic,"How might the practice of cultivating Bonsai trees reflect broader societal values and tensions related to control, nature, and aesthetic beauty?",hard-on-topic
sociology,hard-on-topic,How can the practice of origami influence social cohesion and collective identity within multicultural communities?,hard-on-topic
sociology,hard-on-topic,How do the construction and presence of windmills in local communities influence social dynamics and cultural perceptions of sustainable energy practices?,hard-on-topic
sociology,hard-on-topic,How do societal perceptions of peanut allergies reflect broader themes of risk and health anxiety in contemporary culture?,hard-on-topic
sociology,hard-on-topic,How do windmills as symbols in literature reflect societal perceptions of progress and resistance to change within a community?,hard-on-topic
sociology,hard-on-topic,How might the digital media platform Quartz influence sociological understanding of global news consumption patterns?,hard-on-topic
sociology,hard-on-topic,How have the mythological interpretations of Saturn influenced societal perceptions of authority and time management in different cultures?,hard-on-topic
sociology,hard-on-topic,How does the concept of harmonic resonance metaphorically relate to social cohesion and cultural harmony within diverse communities?,hard-on-topic
sociology,hard-on-topic,How might the metaphor of a quasar inform our understanding of the cultural and social dynamics within rapidly evolving urban environments?,hard-on-topic
sociology,hard-on-topic,How does the presence of a communal trampoline in a neighborhood influence social dynamics and community interactions among residents?,hard-on-topic
sociology,hard-on-topic,In what ways can the cultural significance of marzipan in Europe illustrate broader sociological themes of tradition and modernization?,hard-on-topic
sociology,hard-on-topic,How do the corporate social responsibilities and advertising strategies of multinational companies like Whirlpool influence social behaviors and consumer culture across different societies?,hard-on-topic
sociology,hard-on-topic,How might the cultural symbolism of Saturn influence societal perceptions of time and aging in various communities?,hard-on-topic
sociology,hard-on-topic,How does the metaphor of a 'pixel' inform our understanding of individual roles within complex social structures?,hard-on-topic
sociology,hard-on-topic,How does the cultural symbolism of the apple shape social interactions and norms across different societies?,hard-on-topic
sociology,hard-on-topic,How might the cultural symbolism of pancakes influence social identity and community cohesion in diverse societies?,hard-on-topic
sociology,hard-on-topic,How might the unique social behaviors of octopus species challenge traditional human-centered frameworks in sociology when examining community dynamics and intelligence?,hard-on-topic
sociology,hard-on-topic,How does the symbolism of a volcano in various cultures reflect societal attitudes towards natural disasters and affect community resilience?,hard-on-topic
sociology,hard-on-topic,How do social dynamics within urban communities influence the cultural significance and symbolism of the guitar as an instrument of protest?,hard-on-topic
sociology,hard-on-topic,"How does the concept of an igloo, traditionally used by Inuit cultures, symbolize adaptive strategies within social structures in extreme environments, and what implications does this have for understanding resource distribution and communal living in contemporary urban societies?",hard-on-topic
sociology,hard-on-topic,How do societal perceptions of volcanoes influence community resilience and identity in regions prone to volcanic activity?,hard-on-topic
sociology,hard-on-topic,How does the social behavior and intelligence of octopuses challenge traditional sociological theories of community and individualism?,hard-on-topic
sociology,hard-on-topic,How does the popularity of chess as a strategic game influence social interactions and hierarchical dynamics within different cultural communities?,hard-on-topic
sociology,hard-on-topic,How does the symbolic metaphor of the 'jungle' in literature and media influence societal perceptions of order and chaos within urban environments?,hard-on-topic
sociology,hard-on-topic,How does the symbolic use of neon colors in urban nightlife signage influence societal perceptions and behaviors related to leisure and consumer culture?,hard-on-topic
sociology,hard-on-topic,How do cultural practices around Bonsai cultivation reflect broader societal values and influence social hierarchies in contemporary societies?,hard-on-topic
sociology,hard-on-topic,How might the metaphor of a 'Zipper' illustrate the complexities of social integration and cohesion within diverse urban communities?,hard-on-topic
sociology,hard-on-topic,How does the experience of being isolated in space as an astronaut influence their reintegration into societal roles and relationships upon returning to Earth?,hard-on-topic
sociology,hard-on-topic,In what ways can a guitar serve as a symbol of cultural identity and influence social cohesion within a community?,hard-on-topic
sociology,hard-on-topic,How does the concept of the 'Pixel Generation' influence contemporary social identities and the way we perceive virtual versus physical spaces in sociology?,hard-on-topic
sociology,hard-on-topic,How might the practice and cultivation of Bonsai trees influence social individuals' perceptions of nature and personal control within their cultural context?,hard-on-topic
sociology,hard-on-topic,"How do social circuits of communication and interaction within a community contribute to the maintenance of cultural norms, and what are the potential impacts of disrupting these circuits on social cohesion?",hard-on-topic
sociology,hard-on-topic,"How does the concept of ""digital pixels"" metaphorically influence our understanding of individual identity construction within a technologically-mediated society?",hard-on-topic
sociology,hard-on-topic,"How might the symbolic representation of ""Sapphire"" in media narratives influence societal perceptions of race and gender roles in contemporary culture?",hard-on-topic
sociology,hard-on-topic,"In the context of sociology, how might the concept of the Chimera be used metaphorically to explore the complex identity struggles faced by individuals in multicultural societies?",hard-on-topic
sociology,hard-on-topic,How can the concept of a kaleidoscope be metaphorically used to analyze the fluidity and complexity of social identities within a multicultural society?,hard-on-topic
sociology,hard-on-topic,"How do the architectural principles of an igloo reflect and influence the social structures and cultural identities of indigenous Arctic communities, and can these principles be seen in modern urban environments?",hard-on-topic
sociology,hard-on-topic,How might the development and deployment of an algorithm for predicting social trends challenge traditional sociological methods of data collection and analysis?,hard-on-topic
sociology,hard-on-topic,"How does the concept of ""social oceans"" metaphorically illustrate the fluid dynamics of cultural exchange and identity formation in global societies?",hard-on-topic
sociology,hard-on-topic,"How does the rise of digital communication devices, such as the Pixel smartphone, influence social interactions and cultural perceptions of identity within diverse communities?",hard-on-topic
sociology,hard-on-topic,How can the concept of a kaleidoscope be used as a metaphor for the fluid and ever-changing nature of cultural identities in a multicultural society?,hard-on-topic
sociology,hard-on-topic,How does the imagery of dinosaurs in popular culture influence societal perceptions of extinction and environmental sustainability?,hard-on-topic
sociology,hard-on-topic,"How might the cultural perceptions of time, as influenced by modern technology and media such as Quartz, impact social relationships and individual stress levels in contemporary society?",hard-on-topic
sociology,hard-on-topic,How might the social behavior of humans be metaphorically understood through the study of octopus group dynamics in their natural habitats?,hard-on-topic
sociology,hard-on-topic,How might the domestication of llamas influence the social stratification and cultural identity of Andean communities historically and in contemporary society?,hard-on-topic
sociology,hard-on-topic,How do the historical roles and cultural perceptions of Samurai influence contemporary gender identities and social hierarchies in modern Japanese society?,hard-on-topic
sociology,hard-on-topic,How might the social behavior and decentralized neural structure of an octopus inspire alternative models for human organizational systems and leadership dynamics?,hard-on-topic
sociology,hard-on-topic,How might the concept of a 'harmonic community' challenge traditional theories of social order and cohesion in sociological discourse?,hard-on-topic
sociology,hard-on-topic,How does the metaphorical use of 'tapestry' in describing societal structures influence our understanding of cultural interconnectedness and diversity?,hard-on-topic
sociology,hard-on-topic,"How do parachute families, where one or more parents return to their home country while children stay abroad for education, impact the children’s social integration and identity formation in their host country?",hard-on-topic
sociology,hard-on-topic,How do the historical roles and ethical codes of the Samurai influence contemporary Japanese social structures and identity?,hard-on-topic
sociology,hard-on-topic,How do the social structures and labor dynamics within vineyard communities reflect broader patterns of inequality and migration in rural agricultural regions?,hard-on-topic
sociology,hard-on-topic,How do the myths and narratives surrounding a community living near an active volcano shape their social identity and collective memory?,hard-on-topic
sociology,hard-on-topic,How does the concept of a 'social blueprint' influence the formation and evolution of cultural norms within digital communities?,hard-on-topic
sociology,hard-on-topic,"How do the metaphorical understandings of a ""social jungle,"" with its implications of survival and competition, influence the development of social structures and interactions in contemporary urban environments?",hard-on-topic
sociology,hard-on-topic,"How do cultural interpretations of planetary symbols, such as those related to Saturn, influence societal norms and individual behavior in different communities?",hard-on-topic
sociology,hard-on-topic,"How might the metaphorical use of ""photon"" in sociological discourse influence our understanding of societal change and individual agency in the context of rapid technological advancements?",hard-on-topic
sociology,hard-on-topic,How can algorithms influence the dynamics of social stratification in digital communities?,hard-on-topic
sociology,hard-on-topic,How does the use of the harmonica in various cultural traditions reflect the social dynamics and group identities within those communities?,hard-on-topic
sociology,hard-on-topic,How does the social behavior and communal interaction of an octopus challenge traditional human-centric sociological theories?,hard-on-topic
sociology,hard-on-topic,In what ways do the cultural consumption and social symbolism of peanuts shape identity formation within different communities?,hard-on-topic
sociology,hard-on-topic,How does the cultural significance of llama herding in Andean societies impact community cohesion and identity formation in a rapidly globalizing world?,hard-on-topic
sociology,hard-on-topic,How might the social symbolism of a cactus influence cultural perceptions of resilience and adaptability in arid communities?,hard-on-topic
sociology,hard-on-topic,How might the cultural significance of Saturn's imagery in ancient civilizations influence modern societal attitudes toward technology and exploration?,hard-on-topic
sociology,hard-on-topic,How might the cultural symbolism of neon lighting influence social interactions and perceptions in urban nightlife environments?,hard-on-topic
sociology,hard-on-topic,How can the concept of a 'blueprint' be metaphorically applied to understand the patterns and structures of societal behavior in diverse cultures?,hard-on-topic
sociology,hard-on-topic,How can the concept of harmonic resonance be metaphorically applied to understand the dynamics of social cohesion in diverse communities?,hard-on-topic
sociology,hard-on-topic,How might the cultural significance of neon signs in urban landscapes influence social interactions and collective memory in metropolitan areas?,hard-on-topic
sociology,hard-on-topic,"How might the concept of ""cultural circuit"" be interpreted to analyze the dissemination and reception of sociological theories within diverse academic and non-academic communities?",hard-on-topic
sociology,hard-on-topic,How does the cultural significance of marzipan in different societies reflect broader patterns of social identity and cohesion?,hard-on-topic
sociology,hard-on-topic,"How might the metaphorical use of ""photon"" to describe the rapid spread of digital information impact our understanding of social connectivity and influence in online communities?",hard-on-topic
sociology,hard-on-topic,How does the metaphorical use of 'Quartz' in social discourse reflect contemporary anxieties about transparency and authenticity in digital communication?,hard-on-topic
sociology,hard-on-topic,How might the cultural significance of pancakes reflect broader societal values and influence social norms across different communities?,hard-on-topic
sociology,hard-on-topic,How might the concept of a photon metaphorically illuminate the sociological theories of cultural transmission and the spread of ideas within a society?,hard-on-topic
sociology,hard-on-topic,"How can the concept of a ""social labyrinth"" be utilized to describe the complexities and challenges individuals face when navigating institutional structures and cultural norms within a diverse society?",hard-on-topic
sociology,hard-on-topic,How do the representations of windmills in various cultural narratives influence societal perceptions of renewable energy and community identity?,hard-on-topic
sociology,hard-on-topic,How does the metaphor of the ocean influence cultural narratives surrounding social fluidity and identity formation?,hard-on-topic
sociology,hard-on-topic,How does the concept of social circuits in informal networks challenge traditional sociological theories of community formation?,hard-on-topic
sociology,hard-on-topic,How does the presence and symbolism of neon lights in urban environments influence social behavior and identity formation among different demographic groups?,hard-on-topic
sociology,hard-on-topic,How might the cultural significance of the trampoline as a recreational device influence the development of community relationships within urban neighborhoods?,hard-on-topic
sociology,hard-on-topic,How might the concept of a 'Zipper' serve as a metaphor for understanding the interlocking roles of individual agency and societal structures in shaping social cohesion?,hard-on-topic
sociology,hard-on-topic,How might the cultural symbolism of an apple influence societal perceptions of health and temptation in different communities?,hard-on-topic
sociology,hard-on-topic,"How can the concept of a 'Kaleidoscope' be employed as a metaphor for understanding the fluidity and diversity of social identities in contemporary multicultural societies, challenging traditional views on fixed cultural norms?",hard-on-topic
sociology,hard-on-topic,"How might the concept of a ""circuit"" be used metaphorically to understand the flow of social capital within different community networks?",hard-on-topic
sociology,hard-on-topic,How might the cultural symbolism of the llama influence social identity and group dynamics in Andean societies?,hard-on-topic
sociology,hard-on-topic,"How do social dynamics within communities mirror the concept of an avalanche, where small interpersonal changes can lead to significant societal shifts?",hard-on-topic
sociology,hard-on-topic,How do mountain communities develop unique social structures and cultural practices distinct from urban environments?,hard-on-topic
sociology,hard-on-topic,How might the concept of harmonic resonance be metaphorically applied to the dynamics of social group interactions and collective identity formation?,hard-on-topic
sociology,hard-on-topic,"How does the concept of an ""information avalanche"" influence individual decision-making and societal norms in the digital age?",hard-on-topic
sociology,hard-on-topic,"How do social perceptions of resilience and adaptability, exemplified metaphorically by the cactus, influence societal attitudes towards individuals and communities facing adversity?",hard-on-topic
sociology,hard-on-topic,How do the historical codes of honor among Samurai influence modern perceptions of social roles and identity in Japanese society?,hard-on-topic
sociology,hard-on-topic,How have cultural depictions of Saturn influenced societal perceptions of authority and discipline throughout history?,hard-on-topic
sociology,hard-on-topic,How do the interactions within a local bakery reflect broader social networks and community dynamics?,hard-on-topic
sociology,hard-on-topic,"How can the concept of a ""social whirlpool"" be used to describe the cyclical nature of social movements and their impact on societal norms?",hard-on-topic
sociology,hard-on-topic,How might the immersive experiences provided by the Blizzard Entertainment's video games influence community-building and social interaction in both virtual and physical spaces?,hard-on-topic
sociology,hard-on-topic,How do mountain communities' unique geographical challenges influence their social structures and cultural practices?,hard-on-topic
sociology,hard-on-topic,How does the cultural symbolism of neon lights in urban environments reflect and influence social dynamics and identity formation within those spaces?,hard-on-topic
sociology,hard-on-topic,How do the social hierarchies and communication strategies of an octopus community challenge traditional human sociological theories on group dynamics and interaction?,hard-on-topic
sociology,hard-on-topic,How does the global popularity and cultural perception of chess reflect and reinforce existing social stratifications and power dynamics across different societies?,hard-on-topic
sociology,hard-on-topic,How does the concept of harmonic convergence metaphorically apply to the synchronization of societal values across diverse cultures?,hard-on-topic
sociology,hard-on-topic,How does the concept of harmonic balance in music metaphorically relate to the equilibrium within societal structures and cultural interactions?,hard-on-topic
sociology,hard-on-topic,In what ways might the societal impact of a large meteor strike serve as a lens to examine cultural preparedness and global cooperation in disaster response?,hard-on-topic
sociology,hard-on-topic,How might the cultural fascination with dinosaurs influence social identity and group dynamics in contemporary society?,hard-on-topic
sociology,hard-on-topic,How does the cultural fascination with dinosaurs reflect and influence societal narratives about extinction and survival?,hard-on-topic
sociology,hard-on-topic,How might the concept of a quasar be metaphorically applied to understand the influence of rapidly expanding digital subcultures within the broader context of social dynamics?,hard-on-topic
sociology,hard-on-topic,"How can the metaphor of an ""avalanche"" be used to describe the rapid accumulation and potential collapse of societal norms in the face of technological advancement?",hard-on-topic
sociology,hard-on-topic,How does the symbolic meaning of a tapestry in a community setting influence the social dynamics and collective memory within that group?,hard-on-topic
sociology,hard-on-topic,"How might the metaphorical use of 'photon,' traditionally a concept from physics, influence the discourse around social dynamics and visibility in modern sociological theory?",hard-on-topic
sociology,hard-on-topic,How do societal perceptions and narratives around risk and adventure influence the popularity and demographic of individuals choosing to engage in activities involving parachuting?,hard-on-topic
sociology,hard-on-topic,"How does the metaphor of a ""labyrinth"" in social theory help to understand the complexities and intersections of identity within multicultural societies?",hard-on-topic
sociology,hard-on-topic,"How does the concept of a ""social whirlpool"" relate to the dynamics of social mobility and stratification within urban communities?",hard-on-topic
sociology,hard-on-topic,How does the phenomenon of a solar eclipse influence social cohesion and community behavior in various cultural contexts?,hard-on-topic
sociology,hard-on-topic,How can the metaphor of a labyrinth be applied to understand the complexities of social structures and the navigation of individual identity within these frameworks?,hard-on-topic
sociology,hard-on-topic,How might the cultural symbolism of neon lights influence urban social interactions and perceptions of nighttime spaces?,hard-on-topic
sociology,hard-on-topic,How might the metaphorical use of a parachute in social mobility discussions obscure underlying systemic inequalities?,hard-on-topic
sociology,hard-on-topic,"How does the concept of a 'social tapestry' metaphorically represent the intricate and interwoven relationships within a multicultural society, and what are its implications for understanding collective behavior?",hard-on-topic
sociology,hard-on-topic,How might the symbolic use of neon lighting in urban landscapes influence societal perceptions of community identity and social stratification?,hard-on-topic
sociology,hard-on-topic,How do the symbolic meanings of a cactus plant in different cultures influence their social practices and interpersonal relationships?,hard-on-topic
sociology,hard-on-topic,"How can the concept of ""Zephyr,"" often associated with a gentle breeze or intangible force, be metaphorically applied to analyze the subtle yet pervasive influences of social media trends on modern cultural dynamics?",hard-on-topic
sociology,hard-on-topic,How does the cultural symbolism of marmalade in different societies reflect broader social hierarchies and class distinctions?,hard-on-topic
sociology,hard-on-topic,How might the social behaviors of giraffes in the wild inform our understanding of human social structures and hierarchies?,hard-on-topic
sociology,hard-on-topic,How can the intricate art of origami serve as a metaphor for the complexities of social structures and the folding nature of cultural identities?,hard-on-topic
sociology,hard-on-topic,How might the representation of the Sapphire stereotype in media influence societal perceptions of Black women and contribute to systemic inequality?,hard-on-topic
sociology,hard-on-topic,How might the societal implications of celebrity llamas on social media influence cultural perceptions of non-traditional livestock in urban environments?,hard-on-topic
sociology,hard-on-topic,"How do cultural interpretations of wildlife, such as giraffes, influence societal structures and ethical considerations in wildlife conservation efforts?",hard-on-topic
sociology,hard-on-topic,How might the cultural significance of chess as a strategic game reflect broader societal structures and power dynamics?,hard-on-topic
sociology,hard-on-topic,How do societal perceptions of risk influence the symbolic meaning of parachute jumping in contemporary culture?,hard-on-topic
sociology,hard-on-topic,"How do the historical roles and cultural representations of Samurai influence modern societal norms and values in contemporary Japan, particularly in the context of globalization?",hard-on-topic
sociology,hard-on-topic,How might the concept of an 'information avalanche' impact the way societies form collective memories and shape cultural narratives?,hard-on-topic
sociology,hard-on-topic,How might the game of chess serve as a metaphor for understanding power dynamics and social stratification within a society?,hard-on-topic
sociology,hard-on-topic,"How do societal perceptions of cosmic phenomena, such as Saturn and its rings, influence cultural narratives and collective identity formation?",hard-on-topic
sociology,hard-on-topic,How can the social practice of origami creation and exchange serve as a medium for cultural identity expression and negotiation within diverse communities?,hard-on-topic
sociology,hard-on-topic,"How do the high-resolution imaging capabilities of smartphones, like the Google Pixel, impact social interactions and the perception of authenticity in online communities?",hard-on-topic
sociology,hard-on-topic,How might the cultural significance of giraffes in different societies influence human interactions with wildlife conservation efforts?,hard-on-topic
sociology,hard-on-topic,How does the metaphor of a labyrinth challenge traditional sociological paradigms in understanding the complexities of identity formation within multicultural societies?,hard-on-topic
sociology,hard-on-topic,How does the concept of a social tapestry challenge traditional sociological frameworks in understanding the complexities of cultural intersectionality and diversity?,hard-on-topic
sociology,hard-on-topic,How does the cultural symbolism of the guitar in various musical communities reflect and influence societal norms and values?,hard-on-topic
sociology,hard-on-topic,How do social circuits influence the formation of cultural capital within specific communities?,hard-on-topic
sociology,hard-on-topic,How do the historical narratives and romanticized portrayals of samurai culture influence modern Japanese identity and societal values?,hard-on-topic
sociology,hard-on-topic,How might the symbolic representation of Saturn in different cultures influence societal perceptions of authority and structure?,hard-on-topic
sociology,hard-on-topic,How can the metaphorical concept of a 'social chameleon' be applied to understand individual adaptability in diverse sociocultural settings without necessarily attributing negative connotations to such adaptability?,hard-on-topic
sociology,hard-on-topic,How does the cultural symbolism of an igloo shape perceptions of Arctic communities in the broader context of societal stereotypes and myths?,hard-on-topic
sociology,hard-on-topic,How do the metaphorical uses of 'avalanche' in sociological discourse influence public perception of rapid social change?,hard-on-topic
sociology,hard-on-topic,"How does the concept of a ""social whirlpool"" help in understanding the dynamic interactions and power shifts within urban subcultures?",hard-on-topic
sociology,hard-on-topic,How do the social dynamics within online gaming communities change when a company like Blizzard implements controversial updates or policies?,hard-on-topic
sociology,hard-on-topic,How does the cultural symbolism of the guitar influence social identity and group dynamics within subcultures?,hard-on-topic
sociology,hard-on-topic,How do social circuits of power and influence within a community impact the accessibility of resources among different socioeconomic groups?,hard-on-topic
sociology,hard-on-topic,How can the communal practice of origami folding in group settings influence social dynamics and individual identity within various cultural contexts?,hard-on-topic
sociology,hard-on-topic,How might the cultural symbolism of neon signs influence urban social dynamics and perceptions of nightlife in metropolitan areas?,hard-on-topic
sociology,hard-on-topic,"How do social dynamics and community identity evolve within a vineyard setting, particularly in relation to labor practices and cultural traditions?",hard-on-topic
sociology,hard-on-topic,How might the symbolic representation of a giraffe in diverse cultures influence social norms and group identity within those communities?,hard-on-topic
sociology,hard-on-topic,How does the concept of the digital whirlpool illustrate the challenges of navigating information overload and its impact on social behavior and decision-making?,hard-on-topic
sociology,hard-on-topic,How does the symbolism of the zipper influence societal perceptions of privacy and accessibility in modern fashion?,hard-on-topic
sociology,hard-on-topic,How might the cultural significance of marmalade reflect broader patterns of class distinction and social capital within a society?,hard-on-topic
sociology,hard-on-topic,How do the social structures of giraffes challenge traditional sociological theories of hierarchy and interaction within animal communities?,hard-on-topic
sociology,hard-on-topic,"How might the metaphor of a ""whirlpool"" illustrate the complexities and challenges of social mobility in contemporary societies?",hard-on-topic
sociology,hard-on-topic,How do the diverse representations of reality captured through Google's Pixel camera technology influence societal perceptions of truth and authenticity?,hard-on-topic
sociology,hard-on-topic,How do algorithms used in social media platforms influence the formation of collective identity and social norms?,hard-on-topic
sociology,hard-on-topic,"How might the metaphor of a ""whirlpool"" be used to describe the complex dynamics and challenges in understanding the cyclical nature of social movements and cultural shifts?",hard-on-topic
sociology,hard-on-topic,How can the metaphor of a 'kaleidoscope' be used to describe the complexities and ever-changing nature of cultural identities in contemporary society?,hard-on-topic
sociology,hard-on-topic,"What cultural significance and social dynamics surround the production and consumption of marmalade in various communities, and how do these reflect broader societal values and identities?",hard-on-topic
sociology,hard-on-topic,How might the adoption of the zipper in fashion reflect broader societal shifts in attitudes towards convenience and modernity?,hard-on-topic
sociology,hard-on-topic,How might the perceived social hierarchy among animals like giraffes in a zoo setting influence human visitors' understanding of social stratification in their own societies?,hard-on-topic
sociology,hard-on-topic,How might the metaphorical use of 'photon' as a unit of light in physics influence societal perceptions of knowledge and enlightenment in the context of educational systems?,hard-on-topic
sociology,hard-on-topic,How does the cultural significance of marmalade in British society reflect broader themes of colonial history and social class stratification?,hard-on-topic
sociology,hard-on-topic,In what ways does the metaphor of a 'tapestry' help us understand the complex interplay of individual identities and cultures within a diverse society?,hard-on-topic
sociology,hard-on-topic,How does the cultural connotation of the term 'Sapphire' as an archetypal figure influence perceptions of gender roles and social power dynamics within marginalized communities?,hard-on-topic
sociology,hard-on-topic,"How does the metaphor of the ""ocean"" as a vast, interconnected entity influence our understanding of global social networks and cultural interdependencies?",hard-on-topic
sociology,hard-on-topic,How might the concept of harmonic resonance metaphorically describe the dynamics of social cohesion within diverse communities?,hard-on-topic
sociology,hard-on-topic,How do portrayals of dinosaurs in popular media influence societal perceptions of scientific authority and cultural nostalgia?,hard-on-topic
sociology,hard-on-topic,How might the social structures and behaviors of an octopus inform our understanding of decentralized leadership in human organizations?,hard-on-topic
sociology,hard-on-topic,How does the marketing of Apple's products influence social status and identity within contemporary societies?,hard-on-topic
sociology,hard-on-topic,How do the social dynamics and hierarchies on a spacecraft among astronauts influence our understanding of societal structures and roles back on Earth?,hard-on-topic
sociology,hard-on-topic,How does the cultural significance and social perception of marzipan reflect broader societal norms and values within different communities?,hard-on-topic
sociology,hard-on-topic,How might the unique social dynamics and hierarchy observed among astronauts during long-duration space missions inform our understanding of social behavior and conflict resolution on Earth?,hard-on-topic
sociology,hard-on-topic,How does the metaphor of a 'cultural whirlpool' illustrate the complexities of individual identity formation in rapidly globalizing societies?,hard-on-topic
sociology,hard-on-topic,How do societal perceptions of the guitar as a symbol of rebellion or conformity influence musical identity formation in different cultural contexts?,hard-on-topic
sociology,hard-on-topic,How do narratives about the ocean in popular culture influence societal perceptions of climate change and human responsibility?,hard-on-topic
sociology,hard-on-topic,How might the cultural significance of the pancake breakfast as a communal event inform our understanding of social cohesion and identity formation in contemporary societies?,hard-on-topic
sociology,hard-on-topic,How do social dynamics within coastal communities adapt to the challenges posed by oceanic environmental changes?,hard-on-topic
sociology,hard-on-topic,How do sociocultural factors influence the symbolic meaning of quartz in different societies?,hard-on-topic
sociology,hard-on-topic,How might algorithmic decision-making systems impact social stratification and the reproduction of socioeconomic inequalities in digital environments?,hard-on-topic
sociology,hard-on-topic,How do the metaphorical implications of the 'urban jungle' influence societal perceptions of inner-city communities and their cultural dynamics?,hard-on-topic
sociology,hard-on-topic,How might the phenomenon of meteor showers influence social behaviors and cultural practices in communities with historical ties to celestial events?,hard-on-topic
sociology,hard-on-topic,How does the metaphor of a 'kaleidoscope' help in understanding the fluidity and diversity of modern social identities and cultural interactions?,hard-on-topic
sociology,hard-on-topic,How do the social dynamics and hierarchies among astronauts during long-term space missions influence their psychological well-being and interpersonal relationships?,hard-on-topic
sociology,hard-on-topic,How might the construction and social significance of igloos in Inuit communities reflect broader themes of environmental adaptation and cultural identity within sociology?,hard-on-topic
sociology,hard-on-topic,How does the operation and social dynamic of a cooperative bakery reflect broader societal values and impact community cohesion?,hard-on-topic
sociology,hard-on-topic,"How does the metaphor of a ""social chameleon"" illustrate the complexities of identity formation and assimilation within multicultural societies?",hard-on-topic
sociology,hard-on-topic,How might the cultural significance of meteors in ancient societies influence contemporary social narratives and collective identity formation?,hard-on-topic
sociology,hard-on-topic,How do the historical roles and social structures of the samurai influence contemporary Japanese concepts of honor and societal hierarchy?,hard-on-topic
sociology,hard-on-topic,How do the social grooming behaviors observed among llamas in their herds contribute to our understanding of human social networks and community building?,hard-on-topic
sociology,hard-on-topic,"How does the influence of digital media platforms, like Quartz, shape modern sociological understandings of global news consumption and its impact on cultural identity?",hard-on-topic
sociology,hard-on-topic,How might the concept of 'Kaleidoscope' metaphorically inform our understanding of the shifting nature of cultural identity in rapidly diversifying urban environments?,hard-on-topic
sociology,hard-on-topic,How do local bakeries influence community cohesion and social interaction in urban neighborhoods?,hard-on-topic
sociology,hard-on-topic,How do cultural perceptions of traditional confections like marzipan reflect broader societal values and influence social cohesion within diverse communities?,hard-on-topic
sociology,hard-off-topic,How does social control manifest in the ethical considerations surrounding artificial intelligence programming?,hard-off-topic
sociology,hard-off-topic,How does the authority of a central bank influence interest rate decisions in a fluctuating economy?,hard-off-topic
sociology,hard-off-topic,In what ways does the theme of alienation manifest in the development of artificial intelligence algorithms?,hard-off-topic
sociology,hard-off-topic,How does statistical deviance help in evaluating the performance of a predictive model in machine learning?,hard-off-topic
sociology,hard-off-topic,How does conformity influence the stability and performance of chemical reactions in controlled experiments?,hard-off-topic
sociology,hard-off-topic,How does the thermal performance of car brake systems vary under different types of race conditions?,hard-off-topic
sociology,hard-off-topic,What role does authority play in determining the authenticity and quality of historical artifacts?,hard-off-topic
sociology,hard-off-topic,How does the concept of authority influence the interpretation and enforcement of international maritime law?,hard-off-topic
sociology,hard-off-topic,How does the social structure of a honeybee colony influence the efficiency of their foraging behavior?,hard-off-topic
sociology,hard-off-topic,What roles do enzymes play in biochemical reactions within the human body?,hard-off-topic
sociology,hard-off-topic,How does globalization influence the evolution of linguistic diversity in translation technologies?,hard-off-topic
sociology,hard-off-topic,What impact does the choice of tires have on a car's performance in a high-speed race on a wet track?,hard-off-topic
sociology,hard-off-topic,How does the concept of stigma affect the acceptance of certain medical conditions in veterinary practice?,hard-off-topic
sociology,hard-off-topic,In what ways might themes of alienation be explored in a modern science fiction narrative?,hard-off-topic
sociology,hard-off-topic,How does the concept of 'Family' influence the themes and character dynamics in classical literature?,hard-off-topic
sociology,hard-off-topic,How does postmodernism influence contemporary architectural design and the interpretation of urban landscapes?,hard-off-topic
sociology,hard-off-topic,How do the principles of kinship influence the composition and predictability of molecular structures in genetic algorithms?,hard-off-topic
sociology,hard-off-topic,How does the socialization process influence the training behaviors of domesticated animals?,hard-off-topic
sociology,hard-off-topic,How do kinship patterns influence the inheritance and expression of genetic traits in a population over multiple generations?,hard-off-topic
sociology,hard-off-topic,How does capitalism influence the development and distribution of technological innovations in the renewable energy sector?,hard-off-topic
sociology,hard-off-topic,How does the culture of a laboratory environment influence the development of innovative scientific research methodologies?,hard-off-topic
sociology,hard-off-topic,What is the current status of the Mars rover mission?,hard-off-topic
sociology,hard-off-topic,How does ethnicity influence the genetic diversity observed in different plant species across various geographical regions?,hard-off-topic
sociology,hard-off-topic,How has feminism influenced contemporary literature and its portrayal of female protagonists?,hard-off-topic
sociology,hard-off-topic,What role does deviance play in statistical modeling and how does it affect the interpretation of model fit?,hard-off-topic
sociology,hard-off-topic,How does the concept of kinship influence the interpretation of inheritance laws in different legal systems?,hard-off-topic
sociology,hard-off-topic,How does ethnicity influence the genetic diversity observed in global populations?,hard-off-topic
sociology,hard-off-topic,How do mathematical norms help in evaluating the size or length of vectors in n-dimensional space?,hard-off-topic
sociology,hard-off-topic,How do financial institutions assess and mitigate the risks associated with emerging technologies in the investment sector?,hard-off-topic
sociology,hard-off-topic,How does the microbial culture affect the fermentation process in winemaking?,hard-off-topic
sociology,hard-off-topic,How does ethnicity influence the prevalence and presentation of genetic disorders in medical research?,hard-off-topic
sociology,hard-off-topic,How does the perceived stigma associated with mental health disorders affect the outcomes of clinical treatment trials?,hard-off-topic
sociology,hard-off-topic,How have feminist perspectives influenced the portrayal of female characters in contemporary fantasy literature?,hard-off-topic
sociology,hard-off-topic,How do ethical values influence decision-making processes in artificial intelligence algorithms?,hard-off-topic
sociology,hard-off-topic,How might the concept of anomie apply to the evolution of artificial intelligence and its ethical boundaries?,hard-off-topic
sociology,hard-off-topic,How does socialization impact the development of artificial intelligence systems in learning human-like interactions?,hard-off-topic
sociology,hard-off-topic,How does the social structure within a colony of bees influence the efficiency of their pollination activities?,hard-off-topic
sociology,hard-off-topic,What is the role of the family in the development of moral values in young adult literature?,hard-off-topic
sociology,hard-off-topic,How does symbolism in Renaissance art convey the philosophical ideas of the period?,hard-off-topic
sociology,hard-off-topic,How does social change influence the evolution of language in literature and the arts?,hard-off-topic
sociology,hard-off-topic,How might advancements in genetic research redefine our understanding of kinship in the animal kingdom?,hard-off-topic
sociology,hard-off-topic,"How does interactionism, as a philosophical approach, influence our understanding of the relationship between mental states and physical processes in cognitive science?",hard-off-topic
sociology,hard-off-topic,How do advancements in quantum computing impact the security of cryptographic networks used for data transmission?,hard-off-topic
sociology,hard-off-topic,How does capitalism influence the adoption and development of emerging technologies in industries such as renewable energy and biotechnology?,hard-off-topic
sociology,hard-off-topic,How does quantum computing have the potential to influence the technological advancements within society?,hard-off-topic
sociology,hard-off-topic,How does the concept of power influence electrical engineering design decisions?,hard-off-topic
sociology,hard-off-topic,What role do calibration norms play in enhancing the accuracy of precision instruments?,hard-off-topic
sociology,hard-off-topic,How does interactionism influence the development and execution of complex artificial intelligence systems?,hard-off-topic
sociology,hard-off-topic,How does the family of elements known as noble gases differ in reactivity compared to other families in the periodic table?,hard-off-topic
sociology,hard-off-topic,What strategies do engineers use in a solar car race to optimize energy efficiency and performance?,hard-off-topic
sociology,hard-off-topic,How does the study of demography influence the future development of sustainable cities?,hard-off-topic
sociology,hard-off-topic,How can advancements in molecular biology help identify gender-based differences in disease susceptibility?,hard-off-topic
sociology,hard-off-topic,How do linguistic norms influence the evolution of artificial intelligence in natural language processing applications?,hard-off-topic
sociology,hard-off-topic,How does symbolism function within the context of quantum mechanics interpretations?,hard-off-topic
sociology,hard-off-topic,How might advancements in transportation technology influence social mobility within urban environments?,hard-off-topic
sociology,hard-off-topic,How does statistical deviance differ from variance in measurements taken from an experimental dataset?,hard-off-topic
sociology,hard-off-topic,How does the portrayal of feminism influence character development in contemporary literature?,hard-off-topic
sociology,hard-off-topic,How does the concept of authority influence the decision-making processes in artificial intelligence and machine learning systems?,hard-off-topic
sociology,hard-off-topic,How can mathematical inequality be employed to optimize solutions in complex engineering problems?,hard-off-topic
sociology,hard-off-topic,How does social change influence the themes and narratives explored in contemporary literature?,hard-off-topic
sociology,hard-off-topic,How can advancements in artificial intelligence contribute to social change in agricultural practices?,hard-off-topic
sociology,hard-off-topic,How does the exponential function play a role in calculating compound interest in finance?,hard-off-topic
sociology,hard-off-topic,How do the distinct roles of various enzymes affect the biochemical pathways in cellular metabolism?,hard-off-topic
sociology,hard-off-topic,How does modernity influence the evolution of architectural design in contemporary urban landscapes?,hard-off-topic
sociology,hard-off-topic,How does the concept of conformity impact the development and acceptance of new technologies in the field of engineering?,hard-off-topic
sociology,hard-off-topic,How does the concept of culture influence the development of communication strategies within multinational corporations?,hard-off-topic
sociology,hard-off-topic,What are the norms governing data format in quantum computing algorithms?,hard-off-topic
sociology,hard-off-topic,"How does symbolism in Edgar Allan Poe's ""The Raven"" contribute to the poem's overall theme and mood?",hard-off-topic
sociology,hard-off-topic,How does the concept of culture influence the development and reception of culinary arts across different regions?,hard-off-topic
sociology,hard-off-topic,How does the social structure of honeybee colonies influence their foraging efficiency and hive productivity?,hard-off-topic
sociology,hard-off-topic,How does urbanization impact the biodiversity of native plant species in metropolitan areas?,hard-off-topic
sociology,hard-off-topic,How does income inequality impact economic growth trajectories in different industrial sectors?,hard-off-topic
sociology,hard-off-topic,How has feminism influenced contemporary approaches to environmental conservation and the promotion of sustainable practices?,hard-off-topic
sociology,hard-off-topic,How can technological advancements in the financial sector contribute to social change?,hard-off-topic
sociology,hard-off-topic,How do the evolving climate models account for variability in atmospheric and oceanic values over the next century?,hard-off-topic
sociology,hard-off-topic,How does collective behavior influence decision-making processes in swarm intelligence systems?,hard-off-topic
sociology,hard-off-topic,How can the concept of deviance be applied to measure discrepancies in statistical models?,hard-off-topic
sociology,hard-off-topic,How do the values of different parameters impact the stability of engineering structures under stress analysis?,hard-off-topic
sociology,hard-off-topic,How do social groups influence the development and dispersion of specific artistic movements throughout history?,hard-off-topic
sociology,hard-off-topic,How does the theme of alienation manifest in the literary techniques used by postmodern authors?,hard-off-topic
sociology,hard-off-topic,How do social groups influence the evolution of language in multilingual communities?,hard-off-topic
sociology,hard-off-topic,How has the portrayal of feminism in literature evolved over the past century in terms of character development and narrative themes?,hard-off-topic
sociology,hard-off-topic,How do beliefs influence the interpretation of quantum mechanics in modern physics?,hard-off-topic
sociology,hard-off-topic,How has globalization influenced the evolution of supply chain strategies in international business logistics?,hard-off-topic
sociology,hard-off-topic,How has the theme of feminism influenced the narrative structure of contemporary science fiction literature?,hard-off-topic
sociology,hard-off-topic,How does the concept of 'family' influence the behavior and organization of pack animals in the wild?,hard-off-topic
sociology,hard-off-topic,How do changes in market conditions affect the calculated values of financial derivatives?,hard-off-topic
sociology,hard-off-topic,How does social mobility impact the career trajectories and advancement opportunities in corporate environments?,hard-off-topic
sociology,hard-off-topic,How might concepts of existential meaninglessness similar to anomie manifest in the character development within existential literature?,hard-off-topic
sociology,hard-off-topic,How do principles of collective behavior manifest in the swarm dynamics of autonomous drones during complex search-and-rescue missions?,hard-off-topic
sociology,hard-off-topic,How do personal beliefs influence the interpretation of scientific data in fields such as physics or medicine?,hard-off-topic
sociology,hard-off-topic,How has the portrayal of society in mainstream literature influenced modern storytelling techniques?,hard-off-topic
sociology,hard-off-topic,How might the social structure of a hive influence the efficiency of honey production in bees?,hard-off-topic
sociology,hard-off-topic,How does ethnicity influence the variation in skin response to different dermatological treatments?,hard-off-topic
sociology,hard-off-topic,How has globalization influenced the development and innovation within the field of renewable energy technologies?,hard-off-topic
sociology,hard-off-topic,What strategies do engineers employ to manage aerodynamics and fuel efficiency in a high-speed race car?,hard-off-topic
sociology,hard-off-topic,How can the concept of social control influence strategies in cybersecurity to prevent unauthorized access and data breaches?,hard-off-topic
sociology,hard-off-topic,How has social mobility influenced the evolution of language and regional dialects over time?,hard-off-topic
sociology,hard-off-topic,How does the theme of alienation manifest in the internal monologue of characters within existential literature?,hard-off-topic
sociology,hard-off-topic,How does the concept of deviance relate to statistical analysis in the context of model performance evaluation?,hard-off-topic
sociology,hard-off-topic,How does geological stratification influence the distribution and concentration of mineral deposits within sedimentary rock formations?,hard-off-topic
sociology,hard-off-topic,How does Postmodernism influence contemporary architectural design and aesthetics?,hard-off-topic
sociology,hard-off-topic,What role does society play in shaping language evolution and adaptation over time?,hard-off-topic
sociology,hard-off-topic,How is the concept of kinship explored in the context of quantum entanglement in theoretical physics?,hard-off-topic
sociology,hard-off-topic,How does socialization impact the development of artificial intelligence in terms of human-like interaction abilities?,hard-off-topic
sociology,hard-off-topic,How do financial institutions assess and manage the risks associated with cryptocurrency investments?,hard-off-topic
sociology,hard-off-topic,How does Interactionism contribute to our understanding of the dynamic processes in cognitive neuroscience?,hard-off-topic
sociology,hard-off-topic,What are the roles of enzymes in the process of DNA replication?,hard-off-topic
sociology,hard-off-topic,How do educational institutions influence the development and standardization of academic curricula in scientific research fields?,hard-off-topic
sociology,hard-off-topic,How has globalization influenced the development and dissemination of green energy technologies across different continents?,hard-off-topic
sociology,hard-off-topic,How can conflict theory be applied to understanding power dynamics in cybersecurity threats and defenses?,hard-off-topic
sociology,hard-off-topic,How do governmental institutions influence the development and enforcement of technological standards?,hard-off-topic
sociology,hard-off-topic,What are the potential impacts of bird migration patterns on regional climate variations?,hard-off-topic
sociology,hard-off-topic,What role do regulatory institutions play in the stability of global financial markets?,hard-off-topic
sociology,hard-off-topic,How do the thermal conductivity values of different materials affect their suitability for use in high-temperature environments?,hard-off-topic
sociology,hard-off-topic,How does gender influence the physiological adaptation mechanisms to high-altitude environments?,hard-off-topic
sociology,hard-off-topic,How does the theme of alienation manifest in the artistic expressions of surrealist painters?,hard-off-topic
sociology,hard-off-topic,How does the concept of identity play a role in the process of cryptographic authentication systems?,hard-off-topic
sociology,hard-off-topic,In what ways does the Authority in a cryptographic system ensure the integrity and security of data transmission?,hard-off-topic
sociology,hard-off-topic,What role does bureaucracy play in the regulation and oversight of genetically modified organisms in agriculture?,hard-off-topic
sociology,hard-off-topic,How does the study of demography contribute to advancements in personalized medicine and healthcare delivery?,hard-off-topic
sociology,hard-off-topic,What role do neural networks play in the advancement of artificial intelligence technologies?,hard-off-topic
sociology,hard-off-topic,How can understanding numerical identity help in solving complex mathematical equations involving variables and constants?,hard-off-topic
sociology,hard-off-topic,How does the concept of power manifest in the laws of thermodynamics?,hard-off-topic
sociology,hard-off-topic,How does the concept of kinship influence evolutionary strategies in certain animal species?,hard-off-topic
sociology,hard-off-topic,How does social mobility impact career growth within multinational corporations?,hard-off-topic
sociology,hard-off-topic,How does stratification within the Earth's atmosphere impact the propagation of radio waves?,hard-off-topic
sociology,hard-off-topic,How does ethnicity influence genetic variation in susceptibility to certain diseases?,hard-off-topic
sociology,hard-off-topic,How does the process of socialization influence language development in early childhood?,hard-off-topic
sociology,hard-off-topic,How can the principles of feminism influence sustainable agricultural practices?,hard-off-topic
sociology,hard-off-topic,How does collective behavior in honeybee swarms influence the decision-making process when selecting a new nesting site?,hard-off-topic
sociology,hard-off-topic,How does the concept of deviance apply in the context of statistical models for analyzing complex data sets?,hard-off-topic
sociology,hard-off-topic,How does the social structure within a predator-prey ecosystem influence the evolutionary adaptations of both species?,hard-off-topic
sociology,hard-off-topic,What factors influence the efficiency of power conversion in renewable energy systems?,hard-off-topic
sociology,hard-off-topic,What impact do fluctuating pH values have on coral reef ecosystems?,hard-off-topic
sociology,hard-off-topic,How has the concept of feminism influenced the portrayal of female characters in contemporary literature?,hard-off-topic
sociology,hard-off-topic,How has globalization influenced the evolution of international patent laws and intellectual property rights?,hard-off-topic
sociology,hard-off-topic,How do birds utilize the Earth's magnetic field during their migration across continents?,hard-off-topic
sociology,hard-off-topic,How does the concept of conformity impact the development and implementation of technological standards in the software industry?,hard-off-topic
sociology,hard-off-topic,How might advancements in artificial intelligence impact social mobility within the tech industry?,hard-off-topic
sociology,hard-off-topic,How can the concept of deviance be applied to understanding anomalies in statistical data analysis?,hard-off-topic
sociology,hard-off-topic,How might Conflict Theory explain disparities in educational outcomes among students from different economic backgrounds?,hard-off-topic
sociology,hard-off-topic,What is the current operational status of the James Webb Space Telescope?,hard-off-topic
sociology,hard-off-topic,What is the current status of your patent application?,hard-off-topic
sociology,hard-off-topic,How does social mobility impact an individual's career trajectory in the fields of science and technology?,hard-off-topic
sociology,hard-off-topic,How can Conflict Theory be applied to understand the competitive dynamics in corporate mergers and acquisitions?,hard-off-topic
sociology,hard-off-topic,In what ways might the concept of anomie be metaphorically applied to describe the ethical challenges faced by artificial intelligence in decision-making processes?,hard-off-topic
sociology,hard-off-topic,What are the essential factors to consider when verifying the identity of ancient manuscripts to ensure their authenticity?,hard-off-topic
sociology,hard-off-topic,How can principles of Conflict Theory be applied to resolve disputes in international trade agreements?,hard-off-topic
sociology,hard-off-topic,How does the use of symbolism in literature enhance the thematic depth of a narrative?,hard-off-topic
sociology,hard-off-topic,What is the primary function of mitochondria in cellular respiration?,hard-off-topic
sociology,hard-off-topic,How does conformity impact the creative process in team-based scientific research?,hard-off-topic
sociology,hard-off-topic,How does social mobility influence economic policy decisions in urban planning and development?,hard-off-topic
sociology,hard-off-topic,How does a person's ethnicity influence the flavors and ingredients commonly used in their traditional medicine practices?,hard-off-topic
sociology,hard-off-topic,What are the various roles played by enzymes in biochemical reactions within the human body?,hard-off-topic
sociology,hard-off-topic,How has the evolution of feminism influenced the depiction of female characters in modern science fiction literature?,hard-off-topic
sociology,hard-off-topic,How does the concept of ethnicity influence the flavors and ingredients used in traditional recipes across different regions?,hard-off-topic
sociology,hard-off-topic,How does the culture of yeast affect the flavor profile of sourdough bread?,hard-off-topic
sociology,hard-off-topic,How might the social structure of a bee colony influence its efficiency in pollination activities?,hard-off-topic
sociology,hard-off-topic,How does the study of collective behavior contribute to advancements in artificial intelligence and machine learning algorithms?,hard-off-topic
sociology,hard-off-topic,How does postmodernism influence the interpretation and understanding of architectural design in contemporary urban landscapes?,hard-off-topic
sociology,hard-off-topic,How does demography influence the planning and development of public transportation systems?,hard-off-topic
sociology,hard-off-topic,How do mathematical norms in vector spaces facilitate the process of measuring and comparing vector magnitudes across different dimensions?,hard-off-topic
sociology,hard-off-topic,How does ethnicity impact the genetic diversity observed in the immunological response to vaccines?,hard-off-topic
sociology,hard-off-topic,How does bureaucracy influence the efficiency of implementing large-scale engineering projects?,hard-off-topic
sociology,hard-off-topic,How does digital technology influence the security measures implemented by Society in protecting critical infrastructure?,hard-off-topic
sociology,hard-off-topic,How does stratification in sedimentary rock layers provide insights into Earth's geological history?,hard-off-topic
sociology,hard-off-topic,How does the social structure of a bee colony influence the efficiency of honey production?,hard-off-topic
sociology,hard-off-topic,How does social mobility influence consumer behavior in different economic sectors?,hard-off-topic
sociology,hard-off-topic,How does ethnicity influence flavor profiles and ingredient choices in world cuisines?,hard-off-topic
sociology,hard-off-topic,How can anomie be metaphorically applied to describe the disorganization observed in complex systems within theoretical physics?,hard-off-topic
sociology,hard-off-topic,How does hegemony manifest in international chess tournaments and influence player rankings?,hard-off-topic
sociology,hard-off-topic,How does multiculturalism influence the development and appreciation of diverse cuisines within a community?,hard-off-topic
sociology,hard-off-topic,How has feminism influenced contemporary trends in the design and portrayal of female superheroes in comic books and films?,hard-off-topic
sociology,hard-off-topic,"In mathematics, how is deviance used to assess the fit of a generalized linear model to observed data?",hard-off-topic
sociology,hard-off-topic,How does the concept of conformity influence the design and function of safety standards in engineering?,hard-off-topic
sociology,hard-off-topic,How does the theme of alienation manifest in the development of artificial intelligence in science fiction literature?,hard-off-topic
sociology,hard-off-topic,How can socialization processes impact the training and adaptability of dogs in different environments?,hard-off-topic
sociology,hard-off-topic,How does the concept of hegemony influence strategic decision-making in international chess tournaments?,hard-off-topic
sociology,hard-off-topic,How does socialization impact the development and behavior of domesticated animals compared to their wild counterparts?,hard-off-topic
sociology,hard-off-topic,How does globalization impact the biodiversity of distinct ecosystems across the planet?,hard-off-topic
sociology,hard-off-topic,How does gender influence medication dosages in pharmacokinetics and pharmacodynamics?,hard-off-topic
sociology,hard-off-topic,How does bureaucracy impact the efficiency and innovation within large-scale scientific research projects?,hard-off-topic
sociology,hard-off-topic,How might anomie influence the outcome of a fictional character's journey in a novel?,hard-off-topic
sociology,hard-off-topic,How does collective behavior manifest in the synchronization of cells during embryonic development?,hard-off-topic
sociology,hard-off-topic,How can social mobility influence the accessibility and diversity of talent in competitive sports teams?,hard-off-topic
sociology,hard-off-topic,How do beliefs influence the strategies and decision-making processes in high-stakes poker games?,hard-off-topic
sociology,hard-off-topic,"How can conflict theory be applied to analyze the competitive dynamics in ecosystems, particularly in terms of resource allocation and survival strategies among species?",hard-off-topic
sociology,hard-off-topic,How does the evolution of language in digital platforms reflect changes in contemporary society?,hard-off-topic
sociology,hard-off-topic,How does the gender of a plant affect its flowering and fruit production in botanical studies?,hard-off-topic
sociology,hard-off-topic,"How does the theory of Interactionism apply to the dynamics observed in quantum physics, particularly in relation to the particles' behavior during entanglement?",hard-off-topic
sociology,hard-off-topic,How does Postmodernism influence the interpretation of narrative structures in contemporary literature?,hard-off-topic
sociology,hard-off-topic,How does socialization impact an individual's ability to adapt to new environments in the realm of professional sports?,hard-off-topic
sociology,hard-off-topic,What role does a logarithmic function play in simplifying complex calculations within the field of engineering?,hard-off-topic
sociology,hard-off-topic,How does socialization contribute to the development of communication skills in language learning?,hard-off-topic
sociology,hard-off-topic,In what ways might the concept of anomie be applied to the chaotic and seemingly directionless progression of certain modern art movements?,hard-off-topic
sociology,hard-off-topic,How does ethnicity influence the genetic diversity observed in global populations?,hard-off-topic
sociology,hard-off-topic,How does symbolism in John Keats's poetry reflect his views on mortality and the transcendent?,hard-off-topic
sociology,hard-off-topic,How does multiculturalism influence the development and global appreciation of culinary arts across various cultures?,hard-off-topic
sociology,hard-off-topic,How does the zeta function relate to the distribution of prime numbers in number theory?,hard-off-topic
sociology,hard-off-topic,How does Interactionism influence the interpretation of quantum mechanics in the context of observer phenomena?,hard-off-topic
sociology,hard-off-topic,How do quantum networks leverage entanglement to improve cryptographic protocols?,hard-off-topic
sociology,hard-off-topic,How does postmodernism challenge conventional narratives in contemporary literature?,hard-off-topic
sociology,hard-off-topic,How does the principle of inequality explain the stability of chemical compounds in terms of their molecular structure?,hard-off-topic
sociology,hard-off-topic,How does the process of puppy socialization impact their behavior and adaptability in various environments?,hard-off-topic
sociology,hard-off-topic,How does the Earth's magnetic field influence the migration patterns of sea turtles?,hard-off-topic
sociology,hard-off-topic,How does the concept of kinship influence the structure and dynamics of family-owned businesses in terms of succession planning and leadership?,hard-off-topic
sociology,hard-off-topic,How does conformity influence the standardization of procedures in laboratory settings?,hard-off-topic
sociology,hard-off-topic,How did the concept of solidarity influence the development of legal frameworks in international labor law?,hard-off-topic
sociology,hard-off-topic,How does the theme of alienation manifest in classic literature and influence the protagonist's journey?,hard-off-topic
sociology,hard-off-topic,How can the study of genetics enhance our understanding of disease prevalence across different ethnicities?,hard-off-topic
sociology,hard-off-topic,How does bureaucracy influence the efficiency and innovation of large multinational corporations in the technology sector?,hard-off-topic
sociology,hard-off-topic,How does the sine function contribute to the analysis of electrical circuit behavior in alternating current systems?,hard-off-topic
sociology,hard-off-topic,How has the portrayal of futuristic societies in science fiction influenced technological innovation?,hard-off-topic
sociology,hard-off-topic,How does multiculturalism influence the culinary fusion present in modern gourmet cuisine?,hard-off-topic
sociology,hard-off-topic,How do financial institutions assess and mitigate the risks associated with emerging technologies?,hard-off-topic
sociology,hard-off-topic,How does stratification in soil layers impact the distribution and availability of nutrients for plant growth?,hard-off-topic
sociology,hard-off-topic,How does bureaucracy impact the process and efficiency of innovation within large multinational corporations?,hard-off-topic
sociology,hard-off-topic,How does ethnicity influence genetic variation in the study of human ancestry?,hard-off-topic
sociology,hard-off-topic,How do norms influence the establishment of protocols in scientific research laboratories?,hard-off-topic
sociology,hard-off-topic,How does multiculturalism influence architectural design and urban planning in contemporary cities?,hard-off-topic
sociology,hard-off-topic,What is the current status of the experimental drug in the clinical trial process?,hard-off-topic
sociology,hard-off-topic,How does the concept of social control influence the design and regulation of autonomous vehicles in ensuring public safety?,hard-off-topic
sociology,hard-off-topic,How does multiculturalism influence the culinary evolution and fusion of flavors in modern gastronomy?,hard-off-topic
sociology,hard-off-topic,"How does cultural hegemony manifest in the global film industry, particularly in terms of language and narrative dominance?",hard-off-topic
sociology,hard-off-topic,How does the concept of anomie manifest in the creative process of artists experiencing a loss of inspiration?,hard-off-topic
sociology,hard-off-topic,How does the concept of Collective Behavior influence the evolutionary dynamics of certain animal species in the wild?,hard-off-topic
sociology,hard-off-topic,How do values in machine learning algorithms impact the decision-making process of AI systems?,hard-off-topic
sociology,hard-off-topic,How do social groups within a species influence the patterns of foraging behavior observed in their natural habitat?,hard-off-topic
sociology,hard-off-topic,How does the stigma attached to certain medical conditions affect patient willingness to seek alternative treatment therapies?,hard-off-topic
sociology,hard-off-topic,How does the theory of quantum mechanics challenge our classical understanding of particle class behavior?,hard-off-topic
sociology,hard-off-topic,How does socialization enhance a dog's ability to perform tasks in a police K-9 unit?,hard-off-topic
sociology,hard-off-topic,How does gender influence the rate of mutations in mitochondrial DNA across different species?,hard-off-topic
sociology,hard-off-topic,How does the principle of conformity impact the standardization process in international engineering practices?,hard-off-topic
sociology,hard-off-topic,How does the concept of inequality influence the stability of solutions in mathematical optimization problems?,hard-off-topic
sociology,hard-off-topic,How has feminism influenced contemporary approaches to environmental conservation and preservation?,hard-off-topic
sociology,hard-off-topic,How does socialization influence the development of artificial intelligence in understanding human communication patterns?,hard-off-topic
sociology,hard-off-topic,How do scientific theories challenge or align with personal beliefs in the process of scientific discovery?,hard-off-topic
sociology,hard-off-topic,How do beliefs influence decision-making processes in artificial intelligence algorithms?,hard-off-topic
sociology,hard-off-topic,How does the principle of collective behavior influence the self-organization mechanisms in swarm robotics?,hard-off-topic
sociology,hard-off-topic,How can mathematical inequalities be applied to optimize resource allocation in computer algorithms?,hard-off-topic
sociology,hard-off-topic,How does stratification affect the efficiency and accuracy of algorithms in machine learning models?,hard-off-topic
sociology,hard-off-topic,How has Postmodernism influenced contemporary architectural design and aesthetics?,hard-off-topic
sociology,hard-off-topic,How do social groups influence the marketing strategies used by global brands?,hard-off-topic
sociology,hard-off-topic,How does statistical deviance play a role in determining the accuracy of a predictive model in data science?,hard-off-topic
sociology,hard-off-topic,How has modernity influenced the technological advancements in contemporary art and design practices?,hard-off-topic
sociology,hard-off-topic,How does the concept of alienation manifest in the thematic elements of 20th-century existentialist literature?,hard-off-topic
sociology,hard-off-topic,How has feminist literature influenced the development of contemporary narrative techniques in fiction writing?,hard-off-topic
sociology,hard-off-topic,How does the concept of deviance apply to the mathematical modeling of ecological systems and their deviations from expected behavior?,hard-off-topic
sociology,hard-off-topic,How has the evolution of Capitalism influenced the development of technological innovation and entrepreneurship in the global market?,hard-off-topic
sociology,hard-off-topic,How might an artist portray the concept of anomie through abstract expressionism in a way that challenges traditional interpretations of social alienation?,hard-off-topic
sociology,hard-off-topic,How do industry norms influence the development and implementation of cybersecurity measures in modern technological firms?,hard-off-topic
sociology,hard-off-topic,How do neural networks improve the accuracy of image recognition systems in artificial intelligence?,hard-off-topic
sociology,hard-off-topic,What role do values play in determining the stability of complex mathematical systems?,hard-off-topic
sociology,hard-off-topic,How does the portrayal of futuristic societies in science fiction literature influence technological innovation?,hard-off-topic
sociology,hard-off-topic,How has feminism influenced contemporary narratives in science fiction literature?,hard-off-topic
sociology,hard-off-topic,How does the Fourier transform function help in signal processing to analyze frequency components?,hard-off-topic
sociology,hard-off-topic,How does globalization impact the spread and development of plant diseases across different agricultural regions?,hard-off-topic
sociology,hard-off-topic,How has society influenced the development of language and its structure over time?,hard-off-topic
sociology,hard-off-topic,How does the performance of a neural network model improve with the inclusion of a dropout layer in the hidden class architecture?,hard-off-topic
sociology,hard-off-topic,How has the concept of Modernity influenced trends in contemporary art and architecture?,hard-off-topic
sociology,hard-off-topic,How can the principles of Conflict Theory be applied to analyze power dynamics and resource allocation in an organizational setting?,hard-off-topic
sociology,hard-off-topic,How can the principles of collective behavior be applied to optimize swarm robotics in search and rescue operations?,hard-off-topic
sociology,hard-off-topic,How does ethnicity influence genetic diversity in agricultural crop adaptations?,hard-off-topic
sociology,hard-off-topic,How does multiculturalism influence the narrative structure and thematic elements in contemporary literature?,hard-off-topic
sociology,hard-off-topic,How does collective behavior influence the outcome of swarm robotics in complex environments?,hard-off-topic
sociology,hard-off-topic,How does gender influence linguistic tendencies in the development of artificial intelligence algorithms?,hard-off-topic
sociology,hard-off-topic,How can multiculturalism influence architectural design and aesthetics in urban planning?,hard-off-topic
sociology,hard-off-topic,How do demographic changes impact the evolution of language diversity in a given region?,hard-off-topic
sociology,hard-off-topic,"In genetics research, how does ethnicity influence the prevalence of certain genetic markers associated with disease resistance?",hard-off-topic
sociology,hard-off-topic,How does the concept of Authority influence decision-making processes in distributed computing systems?,hard-off-topic
sociology,hard-off-topic,How does ethnicity influence the culinary traditions and flavors found in fusion cuisine?,hard-off-topic
sociology,hard-off-topic,How do scientific theories evolve over time to challenge our existing beliefs about the universe?,hard-off-topic
sociology,hard-off-topic,How does symbolism enhance the thematic depth in Shakespearean tragedies?,hard-off-topic
sociology,hard-off-topic,What is the current status of the Mars rover mission and its recent findings?,hard-off-topic
sociology,hard-off-topic,How can the concept of anomie be applied to understanding the disorienting effects in abstract art?,hard-off-topic
sociology,hard-off-topic,How does conformity to standardized testing formats impact a student's creative problem-solving abilities?,hard-off-topic
sociology,hard-off-topic,How has feminism influenced contemporary literary themes and character development in modern fiction?,hard-off-topic
sociology,hard-off-topic,How does quantum chromodynamics explain the conformity of quarks within protons and neutrons?,hard-off-topic
sociology,hard-off-topic,How might the concept of anomie be applied to the unpredictable behaviors observed in complex adaptive systems such as ecosystems or financial markets?,hard-off-topic
sociology,hard-off-topic,How does the development of new technologies influence the ethical frameworks and decision-making processes in society?,hard-off-topic
sociology,hard-off-topic,How does linguistic hegemony influence the global dominance of a particular programming language in the tech industry?,hard-off-topic
sociology,hard-off-topic,How does the migration of fish species affect the biodiversity in freshwater ecosystems?,hard-off-topic
sociology,hard-off-topic,In what ways might the concept of alienation be explored within the realm of existential philosophy?,hard-off-topic
sociology,hard-off-topic,How does the concept of inequality apply to the distribution of prime numbers within the set of natural numbers?,hard-off-topic
sociology,hard-off-topic,What role does deviance play in statistical models when assessing the goodness of fit for a given dataset?,hard-off-topic
sociology,hard-off-topic,How does the concept of ethnicity influence the interpretation of genetic variation in evolutionary biology?,hard-off-topic
sociology,hard-off-topic,How does the concept of grammatical gender in languages influence artificial intelligence translation algorithms?,hard-off-topic
sociology,hard-off-topic,How does the social structure of a hive influence the productivity and behavior of honeybees during different seasons?,hard-off-topic
sociology,hard-off-topic,How does the principle of inequality relate to the distribution of resources in natural ecosystems?,hard-off-topic
sociology,hard-off-topic,How can linguistic hegemony influence the evolution and preservation of endangered languages?,hard-off-topic
sociology,hard-off-topic,How does capitalism influence innovation and technological advancement in the renewable energy sector?,hard-off-topic
sociology,hard-off-topic,How does urbanization influence the microclimates within metropolitan areas?,hard-off-topic
sociology,hard-off-topic,How does multiculturalism influence the complexities of language translation in various global contexts?,hard-off-topic
sociology,hard-off-topic,In what ways do advancements in artificial intelligence influence the ethical standards upheld by society?,hard-off-topic
sociology,hard-off-topic,How might the principles of Conflict Theory be applied to analyze power dynamics and decision-making processes within corporate mergers and acquisitions?,hard-off-topic
sociology,hard-off-topic,How did the concept of solidarity influence the strategies employed by different nations during the global response to environmental challenges?,hard-off-topic
sociology,hard-off-topic,How does feminism influence the portrayal of female characters in contemporary science fiction literature?,hard-off-topic
sociology,hard-off-topic,How has feminism influenced the development and themes of contemporary science fiction literature?,hard-off-topic
sociology,hard-off-topic,What are the key differences between a normal Java class and an abstract class in terms of functionality and implementation?,hard-off-topic
sociology,hard-off-topic,How do fluctuating currency exchange rates impact the reported financial values in multinational corporations' balance sheets?,hard-off-topic
sociology,hard-off-topic,How do quantum field theory's renormalization techniques establish new norms for understanding particle interactions at different energy scales?,hard-off-topic
sociology,hard-off-topic,How does globalization influence the strategies multinational corporations employ to manage their supply chains?,hard-off-topic
sociology,hard-off-topic,How does gender influence the interpretation of character roles in ancient mythology?,hard-off-topic
sociology,hard-off-topic,How does molecular cohesion affect the viscosity of a liquid?,hard-off-topic
sociology,hard-off-topic,How might Conflict Theory be applied to understanding power dynamics within corporate mergers in the business world?,hard-off-topic
sociology,hard-off-topic,What is the primary function of mitochondria in cellular respiration?,hard-off-topic
sociology,hard-off-topic,How do financial institutions use technology to manage risk in volatile markets?,hard-off-topic
sociology,hard-off-topic,"In computer programming, what are the differences between a class and an interface?",hard-off-topic
sociology,hard-off-topic,How has Feminism influenced the representation and empowerment of female characters in contemporary fantasy literature?,hard-off-topic
sociology,hard-off-topic,How does globalization impact the strategies multinational corporations use to manage their supply chains?,hard-off-topic
sociology,hard-off-topic,How does the authority of international law influence the resolution of territorial disputes?,hard-off-topic
sociology,hard-off-topic,"How did the concept of ""The First Family"" evolve within the context of botanical classification?",hard-off-topic
sociology,hard-off-topic,How does social mobility impact the long-term economic strategies of multinational corporations?,hard-off-topic
sociology,hard-off-topic,"In the context of international business, how do cultural norms influence negotiation strategies across different countries?",hard-off-topic
sociology,hard-off-topic,How does the concept of identity factor into the authentication protocols of quantum cryptography?,hard-off-topic
sociology,hard-off-topic,How do social groups influence the development of new flavors in the beverage industry?,hard-off-topic
sociology,hard-off-topic,How do neural networks improve the accuracy of predictive algorithms in machine learning?,hard-off-topic
sociology,hard-off-topic,How does collective behavior influence decision-making processes in artificial intelligence systems?,hard-off-topic
sociology,hard-off-topic,How has the migration of magnetic poles affected global navigation systems?,hard-off-topic
sociology,hard-off-topic,How can the principles of demography be applied to forecast the future demand for urban infrastructure development?,hard-off-topic
sociology,hard-off-topic,"How does the theme of alienation manifest in classic literature, and what are its implications for the characters' development?",hard-off-topic
sociology,hard-off-topic,How does the process of socialization influence language development in artificial intelligence systems?,hard-off-topic
sociology,hard-off-topic,How do fluctuations in currency values impact international trade agreements?,hard-off-topic
sociology,hard-off-topic,In what ways does mathematical inequality influence the stability and behavior of solutions in differential equations?,hard-off-topic
sociology,hard-off-topic,How does demography influence the long-term outcomes of ecological restoration projects?,hard-off-topic
sociology,hard-off-topic,How has the concept of solidarity influenced modern labor laws and their international implementation?,hard-off-topic
sociology,hard-off-topic,How does the concept of solidarity influence strategies in cooperative board games?,hard-off-topic
sociology,hard-off-topic,"What is the significance of homologous structures in tracing evolutionary history, and how does it impact our understanding of the evolutionary race?",hard-off-topic
sociology,hard-off-topic,How does the development of renewable energy technologies impact the economic structure of society?,hard-off-topic
sociology,hard-off-topic,In what ways does the concept of hegemony manifest in the strategic decisions made within multinational corporations?,hard-off-topic
sociology,hard-off-topic,How does multiculturalism influence the development and popularization of diverse culinary arts worldwide?,hard-off-topic
sociology,hard-off-topic,How does the stigma associated with certain mental health conditions influence the success rate of treatment protocols in clinical pharmacology?,hard-off-topic
sociology,hard-off-topic,How does literature contribute to the discourse on social change throughout different historical periods?,hard-off-topic
sociology,hard-off-topic,How do values affect the performance and decision-making in algorithmic trading models?,hard-off-topic
sociology,hard-off-topic,How does the use of symbolism enhance the thematic depth of a character's journey in a novel?,hard-off-topic
sociology,hard-off-topic,"How does symbolism enhance the thematic depth and character development in Shakespeare's ""Macbeth""?",hard-off-topic
sociology,hard-off-topic,How has capitalism influenced the development and distribution of technology across different sectors?,hard-off-topic
sociology,hard-off-topic,What adaptations allow the family of skunks to efficiently defend themselves from predators?,hard-off-topic
sociology,hard-off-topic,How might Interactionism be utilized to enhance the effectiveness of interdisciplinary collaborative research in cognitive science?,hard-off-topic
sociology,hard-off-topic,How does social control manifest in the regulatory frameworks of environmental conservation efforts?,hard-off-topic
sociology,hard-off-topic,How can studying linguistic patterns across different languages help understand gender-specific communication styles?,hard-off-topic
sociology,hard-off-topic,How might the evolution of scientific theories challenge existing beliefs in the field of astrophysics?,hard-off-topic
sociology,hard-off-topic,How does family structure influence the pattern of inheritance in genetic disorders?,hard-off-topic
sociology,hard-off-topic,How does the principle of authority influence decision-making processes in complex engineering projects?,hard-off-topic
sociology,hard-off-topic,How does the concept of Authority influence the strategic decision-making process in chess tournaments?,hard-off-topic
sociology,hard-off-topic,How can technological advancements in cybersecurity influence mechanisms of social control in digital communication networks?,hard-off-topic
sociology,hard-off-topic,"How does urbanization influence the thermal conductivity in metropolitan areas, particularly in relation to material selection for sustainable construction?",hard-off-topic
sociology,hard-off-topic,How does culture influence the development and application of artificial intelligence algorithms?,hard-off-topic
sociology,hard-off-topic,How do mathematical norms help in comparing the size or length of vectors in various fields of engineering and physics?,hard-off-topic
sociology,hard-off-topic,How does gender influence the metabolic rate in different animal species?,hard-off-topic
sociology,hard-off-topic,How does urbanization influence the microclimatic conditions of metropolitan areas?,hard-off-topic
sociology,hard-off-topic,How do genetic mutations affect kinship relations in computational biology models of evolutionary algorithms?,hard-off-topic
sociology,hard-off-topic,How do social groups influence the development and acceptance of emerging technologies in different industries?,hard-off-topic
sociology,hard-off-topic,How does microbial culture contribute to the development of new antibiotics?,hard-off-topic
sociology,hard-off-topic,How does the concept of 'Family' influence the plot development in classical literature?,hard-off-topic
sociology,hard-off-topic,How do social groups influence consumer behavior in the adoption of new technologies?,hard-off-topic
sociology,hard-off-topic,What role do research institutions play in the development and validation of renewable energy technologies?,hard-off-topic
sociology,hard-off-topic,How does molecular cohesion influence the viscosity of liquid substances in varying temperatures?,hard-off-topic
sociology,hard-off-topic,How does capitalism influence patterns and strategies within ecological systems?,hard-off-topic
sociology,hard-off-topic,How does the theme of alienation manifest itself in the narrative structure of Gothic literature?,hard-off-topic
sociology,hard-off-topic,How does the concept of solidarity manifest in international aid efforts during natural disasters?,hard-off-topic
sociology,hard-off-topic,How do institutions facilitate research collaborations in the field of quantum mechanics?,hard-off-topic
sociology,hard-off-topic,How can we apply the principles of quantum mechanics to solve inequality constraints in optimization problems?,hard-off-topic
sociology,hard-off-topic,What role does power play in the process of photosynthesis within chloroplasts?,hard-off-topic
sociology,hard-off-topic,How does the social structure of an ant colony influence its ability to adapt to environmental changes?,hard-off-topic
sociology,hard-off-topic,How does bureaucracy influence the development and implementation of scientific research projects?,hard-off-topic
sociology,hard-off-topic,How has the incorporation of new technologies in recent decades impacted the ways in which society participates in scientific research and discovery?,hard-off-topic
sociology,hard-off-topic,What role do social groups play in the collaborative development of open-source software projects?,hard-off-topic
sociology,hard-off-topic,How has Feminism influenced the development and themes of contemporary science fiction literature?,hard-off-topic
sociology,hard-off-topic,How do values of semiconductor material affect the efficiency of solar cells?,hard-off-topic
sociology,hard-off-topic,How does the concept of inequality manifest in the distribution of prime numbers within number theory?,hard-off-topic
sociology,hard-off-topic,How does ethnicity influence the interpretation of cultural symbols in visual arts?,hard-off-topic
sociology,hard-off-topic,How does stratification impact the thermal performance of a layered insulation system in aerospace engineering applications?,hard-off-topic
sociology,hard-off-topic,How does stratification in sedimentary rock layers influence the preservation of fossil records?,hard-off-topic
sociology,hard-off-topic,How has the concept of solidarity influenced collaborative efforts in international space missions?,hard-off-topic
sociology,hard-off-topic,How do social groups influence decision-making processes in collaborative business projects?,hard-off-topic
sociology,hard-off-topic,How can applied mathematics be used to solve an inequality problem involving optimization constraints in engineering design?,hard-off-topic
sociology,hard-off-topic,How does socialization influence the behavior and training of domesticated animals?,hard-off-topic
sociology,hard-off-topic,How does the concept of conformity affect the evolution of scientific theories and the collective acceptance of new ideas within the scientific community?,hard-off-topic
sociology,hard-off-topic,How does socialization influence the behavior and training of domestic animals?,hard-off-topic
sociology,hard-off-topic,How do advancements in neural networks contribute to the development of more sophisticated artificial intelligence systems?,hard-off-topic
sociology,hard-off-topic,How does social control influence the narrative structure and character development in dystopian literature?,hard-off-topic
sociology,hard-off-topic,How does demography influence the development and application of algorithms in artificial intelligence systems?,hard-off-topic
sociology,hard-off-topic,How does socialization influence the development of teamwork skills in collaborative video game environments?,hard-off-topic
sociology,hard-off-topic,How do personal beliefs influence the interpretation and acceptance of scientific theories?,hard-off-topic
sociology,hard-off-topic,What is the current status of the Mars Rover mission?,hard-off-topic
sociology,hard-off-topic,How might Conflict Theory be applied to understanding the competitive nature of ecosystems in biology?,hard-off-topic
sociology,hard-off-topic,How does Interactionism influence our understanding of the emergence of complex behaviors in artificial intelligence systems?,hard-off-topic
sociology,hard-off-topic,How does demographic analysis contribute to the development and testing of epidemiological models?,hard-off-topic
sociology,hard-off-topic,How does the process of sedimentary rock formation illustrate geological stratification over time?,hard-off-topic
sociology,hard-off-topic,How do ancient philosophical beliefs about the nature of reality influence modern scientific theories?,hard-off-topic
sociology,hard-off-topic,How does deviance in a statistical model affect the accuracy of predictive analytics in data science?,hard-off-topic
sociology,hard-off-topic,How do different social groups influence the evolution and adaptation of language within specific professional domains?,hard-off-topic
sociology,hard-off-topic,How does the social structure of a bee colony influence its efficiency in pollination?,hard-off-topic
sociology,hard-off-topic,How does Feminism influence contemporary art and its interpretation?,hard-off-topic
sociology,hard-off-topic,How can the concept of 'Solidarity' be applied to improve cooperative strategies in competitive sports teams?,hard-off-topic
sociology,hard-off-topic,How does the concept of kinship influence the interpretation and lineage of characters in epic poetry?,hard-off-topic
sociology,hard-off-topic,How does conformity affect the tuning process of musical instruments in a symphony orchestra?,hard-off-topic
sociology,hard-off-topic,"How does the theme of alienation manifest in existentialist philosophy, and what implications does it have for individual freedom?",hard-off-topic
sociology,hard-off-topic,What roles do enzymes play in the process of DNA replication?,hard-off-topic
sociology,hard-off-topic,How does socialization influence language acquisition in artificial intelligence models?,hard-off-topic
sociology,hard-off-topic,How does statistical deviance relate to discrepancies in computational algorithms' output accuracy?,hard-off-topic
sociology,hard-off-topic,How does the social structure within a colony of ants influence their foraging patterns and efficiency in resource gathering?,hard-off-topic
sociology,hard-off-topic,How do the roles assigned to different proteins influence enzymatic activity in metabolic pathways?,hard-off-topic
sociology,hard-off-topic,How do social groups influence the dynamics and outcomes of multiplayer online games?,hard-off-topic
sociology,hard-off-topic,How do the roles of enzymes differ in catalyzing biochemical reactions within cells?,hard-off-topic
sociology,hard-off-topic,How do beliefs influence the decision-making processes in complex algorithms?,hard-off-topic
sociology,hard-off-topic,What does the status of an HTTP response code represent in web development?,hard-off-topic
sociology,hard-off-topic,How does the concept of inequality manifest in mathematical theories such as algebra or calculus to solve complex problems?,hard-off-topic
sociology,hard-off-topic,How do institutions leverage advanced technologies to optimize decision-making processes in a rapidly evolving digital landscape?,hard-off-topic
sociology,hard-off-topic,How does the migration of fish species affect the dynamics of marine ecosystems?,hard-off-topic
sociology,hard-off-topic,How does the concept of authority apply to the regulatory mechanisms in microbial gene expression?,hard-off-topic
sociology,hard-off-topic,How does symbolism function as a narrative device in classical literature to enrich thematic depth and character development?,hard-off-topic
sociology,hard-off-topic,How do social groups influence the evolution of language in multilingual communities?,hard-off-topic
sociology,hard-off-topic,How has Postmodernism influenced the narrative structure and themes in contemporary video game storytelling?,hard-off-topic
sociology,hard-off-topic,What roles do quantum entanglement and superposition play in the development of quantum computing algorithms?,hard-off-topic
sociology,hard-off-topic,How does the social structure of a bee colony influence the efficiency of honey production?,hard-off-topic
sociology,hard-off-topic,How does the study of demography contribute to advancements in urban planning and infrastructure development?,hard-off-topic
sociology,hard-off-topic,How does bird migration influence the biodiversity and ecological stability of regions along their migratory paths?,hard-off-topic
sociology,hard-off-topic,What strategies can be used in a simulation game to optimize performance during a virtual car race?,hard-off-topic
sociology,hard-off-topic,How does demography impact the strategies employed in climate change modelling and forecasting?,hard-off-topic
sociology,hard-off-topic,How does the concept of kinship influence patterns in ancient architectural designs?,hard-off-topic
sociology,hard-off-topic,How has feminism influenced modern interpretations of classic literature and its characters?,hard-off-topic
sociology,hard-off-topic,How might variations in ethnicity impact the analysis of global genetic data in medical research?,hard-off-topic
sociology,hard-off-topic,What roles do enzymes play in the process of cellular respiration?,hard-off-topic
sociology,hard-off-topic,How does molecular cohesion affect the viscosity of different liquids under varying temperatures?,hard-off-topic
sociology,hard-off-topic,How does the concept of Race influence competitive strategy in the context of machine learning algorithms?,hard-off-topic
sociology,hard-off-topic,How does modernity influence the technological advancements in quantum computing?,hard-off-topic
sociology,hard-off-topic,How do beliefs influence the process of scientific discovery and innovation?,hard-off-topic
sociology,hard-off-topic,"In the context of statistical modeling, how is deviance used to assess the goodness-of-fit for a given model?",hard-off-topic
sociology,hard-off-topic,How does the concept of kinship influence the development of algorithms in artificial intelligence?,hard-off-topic
sociology,hard-off-topic,What mathematical approach can be used to determine the eigenvalues of a complex matrix?,hard-off-topic
sociology,hard-off-topic,How has globalization impacted the evolution of cybersecurity threats in international business transactions?,hard-off-topic
sociology,hard-off-topic,How does socialization impact the learning curve and performance of dogs in agility training?,hard-off-topic
sociology,hard-off-topic,How does soil stratification affect the efficiency of nutrient absorption in different plant species?,hard-off-topic
sociology,hard-off-topic,How does gender influence the pharmacokinetics of certain medications?,hard-off-topic
sociology,hard-off-topic,How might understanding collective behavior enhance the development of algorithms in swarm robotics?,hard-off-topic
sociology,hard-off-topic,What strategies do video game developers use to create engaging race tracks in racing games?,hard-off-topic
sociology,hard-off-topic,How does thermal inefficiency contribute to entropy inequality in thermodynamic systems?,hard-off-topic
sociology,hard-off-topic,How does urbanization impact the biodiversity and ecosystem services in metropolitan wetlands?,hard-off-topic
sociology,hard-off-topic,How does bureaucracy impact the efficiency and success of scientific research projects?,hard-off-topic
sociology,hard-off-topic,How does the social structure of ant colonies influence the division of labor and efficiency in their ecosystem?,hard-off-topic
sociology,hard-off-topic,How can the principles of demography be applied to optimize resource allocation in software deployment across geographically diverse data centers?,hard-off-topic
sociology,hard-off-topic,How does bureaucracy influence the process of scientific research and the dissemination of its findings?,hard-off-topic
sociology,hard-off-topic,What advancements have been made in the engineering of race car aerodynamics to improve speed and safety on the track?,hard-off-topic
sociology,hard-off-topic,How do family structures influence the inheritance patterns of genetic diseases in medical genetics?,hard-off-topic
sociology,hard-off-topic,How does the concept of hegemony play a role in strategic decision-making within international chess tournaments?,hard-off-topic
sociology,hard-off-topic,How do scientific norms influence the peer review process in the field of physics?,hard-off-topic
sociology,hard-off-topic,How might conflict theory be applied to understand the dynamics of resource allocation in an ecological system?,hard-off-topic
sociology,hard-off-topic,How do musical norms influence the composition and interpretation of a symphony?,hard-off-topic
sociology,hard-off-topic,How has capitalism influenced advancements and ethics in medical research?,hard-off-topic
sociology,hard-off-topic,How does the portrayal of society in dystopian literature influence the development of technology in the real world?,hard-off-topic
sociology,hard-off-topic,How can the concept of kinship be applied in the development of artificial intelligence algorithms to understand familial terms in natural language processing?,hard-off-topic
sociology,hard-off-topic,How might the concept of deviance be applied in analyzing variations in celestial mechanics and their potential impact on orbital stability?,hard-off-topic
sociology,hard-off-topic,How has feminism influenced contemporary literature and storytelling techniques?,hard-off-topic
sociology,hard-off-topic,How does the social structure of bee colonies influence their foraging patterns and hive efficiency?,hard-off-topic
sociology,hard-off-topic,How does demography influence the development and implementation of renewable energy technologies in different regions?,hard-off-topic
sociology,hard-off-topic,How does the concept of kinship influence the inheritance practices of ancient royal families in literature?,hard-off-topic
sociology,hard-off-topic,How might Conflict Theory be applied to the dynamics observed in international trade negotiations?,hard-off-topic
sociology,hard-off-topic,How does the concept of family influence plot development in classical literature?,hard-off-topic
sociology,hard-off-topic,How does gender influence the thermal regulation system in different species?,hard-off-topic
sociology,hard-off-topic,How does socialization influence an individual's choices in selecting recreational activities?,hard-off-topic
sociology,hard-off-topic,How does the concept of microbial culture contribute to advancements in biotechnology?,hard-off-topic
sociology,hard-off-topic,How do roles differ in classical versus modern theatrical productions?,hard-off-topic
sociology,hard-off-topic,What is the current status of your research project?,hard-off-topic
sociology,hard-off-topic,How does gender influence the choice and consumption of different literary genres in modern literature?,hard-off-topic
sociology,hard-off-topic,How can advancements in AI technology impact the field of demography by improving the accuracy of population predictions?,hard-off-topic
sociology,hard-off-topic,How does the concept of kinship shape the narrative in classical mythology?,hard-off-topic
sociology,hard-off-topic,How does the culture of a laboratory influence scientific research outcomes?,hard-off-topic
sociology,hard-off-topic,How does conformity influence the establishment and acceptance of scientific paradigms in the field of research?,hard-off-topic
sociology,hard-off-topic,What role do institutions play in the development of advanced artificial intelligence technologies?,hard-off-topic
sociology,hard-off-topic,How does the concept of anomie manifest in the unexpected endings of classical literature?,hard-off-topic
sociology,hard-off-topic,How does migration impact the genetic diversity of a species in different ecosystems?,hard-off-topic
sociology,hard-off-topic,How does ethnicity influence the genetic predisposition to certain medical conditions?,hard-off-topic
sociology,hard-off-topic,How does technological hegemony influence the global landscape of software development and innovation?,hard-off-topic
sociology,hard-off-topic,How does the concept of hegemony influence the competitive dynamics within the global tech industry?,hard-off-topic
sociology,hard-off-topic,How does the Earth's axial tilt affect the climate patterns experienced during the Race to the South Pole?,hard-off-topic
sociology,hard-off-topic,How do social groups influence the spread and reception of unconventional scientific theories within a community?,hard-off-topic
sociology,hard-off-topic,How might the understanding of fish scale pattern variability contribute to our knowledge of ethnicity in marine biology?,hard-off-topic
sociology,hard-off-topic,How does social mobility impact career advancement opportunities in the tech industry?,hard-off-topic
sociology,hard-off-topic,How can conflict theory be applied to understand the power dynamics within competitive business environments?,hard-off-topic
sociology,hard-off-topic,How has Feminism influenced literary criticism in contemporary literature?,hard-off-topic
sociology,hard-off-topic,How does socialization impact the development of artificial intelligence algorithms in collaborative robotics?,hard-off-topic
sociology,hard-off-topic,How does the concept of social control influence the narrative structure in dystopian literature?,hard-off-topic
sociology,hard-off-topic,How do social groups influence consumer purchasing decisions in the technology sector?,hard-off-topic
sociology,hard-off-topic,What is the role of power in determining the efficiency and performance of wind turbines in renewable energy systems?,hard-off-topic
sociology,hard-off-topic,How does conformity to established scientific theories impact the progression of innovative research in the field of quantum mechanics?,hard-off-topic
sociology,hard-off-topic,How does the theme of alienation manifest in the evolution of artificial intelligence narratives within speculative fiction?,hard-off-topic
sociology,hard-off-topic,"How do mathematical norms differ from one vector space to another, and what implications does this have for computational algorithms in different dimensions?",hard-off-topic
sociology,hard-off-topic,How might themes of anomie manifest in the protagonist's internal struggle within a dystopian science fiction narrative?,hard-off-topic
sociology,hard-off-topic,How does the concept of conformity influence the rules and structures within formal language systems?,hard-off-topic
sociology,hard-off-topic,How do roles in a theatrical production influence the director's vision and overall performance?,hard-off-topic
sociology,hard-off-topic,How does the culture of a laboratory environment influence the accuracy and efficiency of scientific experiments?,hard-off-topic
sociology,hard-off-topic,How does globalization impact the strategies multinational corporations employ in supply chain management?,hard-off-topic
sociology,hard-off-topic,How does Interactionism influence the cognitive development processes in language acquisition studies?,hard-off-topic
sociology,hard-off-topic,How does the social structure of a bee colony influence its efficiency in honey production?,hard-off-topic
sociology,hard-off-topic,How does stratification affect the thermal conductivity properties in layered composite materials?,hard-off-topic
sociology,hard-off-topic,How does stratification of ocean water impact the vertical distribution of nutrients and marine life across different depths?,hard-off-topic
sociology,hard-off-topic,"How does Kafka use the theme of alienation to enhance the surreal atmosphere in ""The Metamorphosis""?",hard-off-topic
